analysis_level,prompt_variant,evaluation_scope,target_family,ensemble_name,valid_prediction_n,reference_positive_n,reference_negative_n,predicted_positive_n,accuracy,recall,precision,f1,specificity,auroc,auroc_flag,tn,fp,fn,tp,threshold,expected_n,prediction_coverage,document,target_labeler
ensemble_overall,codebook_no_examples_no_checklist,all_paragraphs_new_gold_unlabeled_no,full_corpus_assumed_negative,equal_weight_models,75,45,30,16,0.5866666666666667,0.3333333333333333,0.9375,0.4918032786885246,0.9666666666666667,0.6855555555555555,,29,1,30,15,0.5,76,0.9868421052631579,,
ensemble_overall,codebook_no_examples_no_checklist,all_paragraphs_new_gold_unlabeled_no__drop_kyle_only,full_corpus_assumed_negative,equal_weight_models,67,40,27,16,0.6119402985074627,0.375,0.9375,0.5357142857142857,0.9629629629629629,0.712962962962963,,26,1,25,15,0.5,68,0.9852941176470589,,
ensemble_overall,codebook_no_examples_no_checklist,labeler_anmol,individual_coder,equal_weight_models,52,38,14,15,0.5192307692307693,0.3684210526315789,0.9333333333333333,0.5283018867924528,0.9285714285714286,0.5968045112781956,,13,1,24,14,0.5,53,0.9811320754716981,,
ensemble_overall,codebook_no_examples_no_checklist,labeler_anmol__drop_kyle_only,individual_coder,equal_weight_models,52,38,14,15,0.5192307692307693,0.3684210526315789,0.9333333333333333,0.5283018867924528,0.9285714285714286,0.5968045112781956,,13,1,24,14,0.5,53,0.9811320754716981,,
ensemble_overall,codebook_no_examples_no_checklist,labeler_kyle,individual_coder,equal_weight_models,50,45,5,12,0.34,0.26666666666666666,1.0,0.42105263157894735,1.0,0.7844444444444444,,5,0,33,12,0.5,51,0.9803921568627451,,
ensemble_overall,codebook_no_examples_no_checklist,labeler_kyle__drop_kyle_only,individual_coder,equal_weight_models,42,40,2,12,0.3333333333333333,0.3,1.0,0.46153846153846156,1.0,0.70625,,2,0,28,12,0.5,43,0.9767441860465116,,
ensemble_overall,codebook_no_examples_no_checklist,labeler_prerana,individual_coder,equal_weight_models,18,5,13,3,0.8888888888888888,0.6,1.0,0.75,1.0,0.8153846153846155,,13,0,2,3,0.5,18,1.0,,
ensemble_overall,codebook_no_examples_no_checklist,labeler_prerana__drop_kyle_only,individual_coder,equal_weight_models,18,5,13,3,0.8888888888888888,0.6,1.0,0.75,1.0,0.8153846153846155,,13,0,2,3,0.5,18,1.0,,
ensemble_overall,codebook_no_examples_no_checklist,new_gold_test_only,new_gold,equal_weight_models,75,45,30,16,0.5866666666666667,0.3333333333333333,0.9375,0.4918032786885246,0.9666666666666667,0.6855555555555555,,29,1,30,15,0.5,76,0.9868421052631579,,
ensemble_overall,codebook_no_examples_no_checklist,new_gold_test_only__drop_kyle_only,new_gold,equal_weight_models,67,40,27,16,0.6119402985074627,0.375,0.9375,0.5357142857142857,0.9629629629629629,0.712962962962963,,26,1,25,15,0.5,68,0.9852941176470589,,
ensemble_overall,codebook_no_examples_no_checklist,old_gold_test_only,old_gold,equal_weight_models,75,53,22,16,0.48,0.2830188679245283,0.9375,0.43478260869565216,0.9545454545454546,0.6372212692967409,,21,1,38,15,0.5,76,0.9868421052631579,,
ensemble_overall,codebook_no_examples_no_checklist,old_gold_test_only__drop_kyle_only,old_gold,equal_weight_models,67,48,19,16,0.4925373134328358,0.3125,0.9375,0.46875,0.9473684210526315,0.6376096491228069,,18,1,33,15,0.5,68,0.9852941176470589,,
ensemble_overall,codebook_no_examples_no_checklist,pooled_coder_labels,pooled_coder_decisions,equal_weight_models,120,88,32,30,0.5,0.32954545454545453,0.9666666666666667,0.4915254237288136,0.96875,0.6921164772727273,,31,1,59,29,0.5,122,0.9836065573770492,,
ensemble_overall,codebook_no_examples_no_checklist,pooled_coder_labels__drop_kyle_only,pooled_coder_decisions,equal_weight_models,112,83,29,30,0.5089285714285714,0.3493975903614458,0.9666666666666667,0.5132743362831859,0.9655172413793104,0.6946406314914831,,28,1,54,29,0.5,114,0.9824561403508771,,
ensemble_overall,codebook_no_examples_with_checklist,all_paragraphs_new_gold_unlabeled_no,full_corpus_assumed_negative,equal_weight_models,75,45,30,13,0.5466666666666666,0.26666666666666666,0.9230769230769231,0.41379310344827586,0.9666666666666667,0.735925925925926,,29,1,33,12,0.5,76,0.9868421052631579,,
ensemble_overall,codebook_no_examples_with_checklist,all_paragraphs_new_gold_unlabeled_no__drop_kyle_only,full_corpus_assumed_negative,equal_weight_models,67,40,27,13,0.5671641791044776,0.3,0.9230769230769231,0.4528301886792453,0.9629629629629629,0.7685185185185186,,26,1,28,12,0.5,68,0.9852941176470589,,
ensemble_overall,codebook_no_examples_with_checklist,labeler_anmol,individual_coder,equal_weight_models,52,38,14,12,0.46153846153846156,0.2894736842105263,0.9166666666666666,0.44,0.9285714285714286,0.6870300751879699,,13,1,27,11,0.5,53,0.9811320754716981,,
ensemble_overall,codebook_no_examples_with_checklist,labeler_anmol__drop_kyle_only,individual_coder,equal_weight_models,52,38,14,12,0.46153846153846156,0.2894736842105263,0.9166666666666666,0.44,0.9285714285714286,0.6870300751879699,,13,1,27,11,0.5,53,0.9811320754716981,,
ensemble_overall,codebook_no_examples_with_checklist,labeler_kyle,individual_coder,equal_weight_models,50,45,5,9,0.28,0.2,1.0,0.3333333333333333,1.0,0.74,,5,0,36,9,0.5,51,0.9803921568627451,,
ensemble_overall,codebook_no_examples_with_checklist,labeler_kyle__drop_kyle_only,individual_coder,equal_weight_models,42,40,2,9,0.2619047619047619,0.225,1.0,0.3673469387755102,1.0,0.7125,,2,0,31,9,0.5,43,0.9767441860465116,,
ensemble_overall,codebook_no_examples_with_checklist,labeler_prerana,individual_coder,equal_weight_models,18,5,13,3,0.8888888888888888,0.6,1.0,0.75,1.0,0.8153846153846154,,13,0,2,3,0.5,18,1.0,,
ensemble_overall,codebook_no_examples_with_checklist,labeler_prerana__drop_kyle_only,individual_coder,equal_weight_models,18,5,13,3,0.8888888888888888,0.6,1.0,0.75,1.0,0.8153846153846154,,13,0,2,3,0.5,18,1.0,,
ensemble_overall,codebook_no_examples_with_checklist,new_gold_test_only,new_gold,equal_weight_models,75,45,30,13,0.5466666666666666,0.26666666666666666,0.9230769230769231,0.41379310344827586,0.9666666666666667,0.735925925925926,,29,1,33,12,0.5,76,0.9868421052631579,,
ensemble_overall,codebook_no_examples_with_checklist,new_gold_test_only__drop_kyle_only,new_gold,equal_weight_models,67,40,27,13,0.5671641791044776,0.3,0.9230769230769231,0.4528301886792453,0.9629629629629629,0.7685185185185186,,26,1,28,12,0.5,68,0.9852941176470589,,
ensemble_overall,codebook_no_examples_with_checklist,old_gold_test_only,old_gold,equal_weight_models,75,53,22,13,0.44,0.22641509433962265,0.9230769230769231,0.36363636363636365,0.9545454545454546,0.6835334476843912,,21,1,41,12,0.5,76,0.9868421052631579,,
ensemble_overall,codebook_no_examples_with_checklist,old_gold_test_only__drop_kyle_only,old_gold,equal_weight_models,67,48,19,13,0.44776119402985076,0.25,0.9230769230769231,0.39344262295081966,0.9473684210526315,0.6973684210526315,,18,1,36,12,0.5,68,0.9852941176470589,,
ensemble_overall,codebook_no_examples_with_checklist,pooled_coder_labels,pooled_coder_decisions,equal_weight_models,120,88,32,24,0.45,0.26136363636363635,0.9583333333333334,0.4107142857142857,0.96875,0.7238991477272727,,31,1,65,23,0.5,122,0.9836065573770492,,
ensemble_overall,codebook_no_examples_with_checklist,pooled_coder_labels__drop_kyle_only,pooled_coder_decisions,equal_weight_models,112,83,29,24,0.45535714285714285,0.27710843373493976,0.9583333333333334,0.42990654205607476,0.9655172413793104,0.7322393020357291,,28,1,60,23,0.5,114,0.9824561403508771,,
ensemble_overall,codebook_with_examples_no_checklist,all_paragraphs_new_gold_unlabeled_no,full_corpus_assumed_negative,equal_weight_models,76,46,30,21,0.5657894736842105,0.3695652173913043,0.8095238095238095,0.5074626865671642,0.8666666666666667,0.6713768115942029,,26,4,29,17,0.5,76,1.0,,
ensemble_overall,codebook_with_examples_no_checklist,all_paragraphs_new_gold_unlabeled_no__drop_kyle_only,full_corpus_assumed_negative,equal_weight_models,68,41,27,20,0.5735294117647058,0.3902439024390244,0.8,0.5245901639344263,0.8518518518518519,0.6955736224028908,,23,4,25,16,0.5,68,1.0,,
ensemble_overall,codebook_with_examples_no_checklist,labeler_anmol,individual_coder,equal_weight_models,53,39,14,19,0.4716981132075472,0.38461538461538464,0.7894736842105263,0.5172413793103449,0.7142857142857143,0.5915750915750916,,10,4,24,15,0.5,53,1.0,,
ensemble_overall,codebook_with_examples_no_checklist,labeler_anmol__drop_kyle_only,individual_coder,equal_weight_models,53,39,14,19,0.4716981132075472,0.38461538461538464,0.7894736842105263,0.5172413793103449,0.7142857142857143,0.5915750915750916,,10,4,24,15,0.5,53,1.0,,
ensemble_overall,codebook_with_examples_no_checklist,labeler_kyle,individual_coder,equal_weight_models,51,46,5,15,0.39215686274509803,0.32608695652173914,1.0,0.4918032786885246,1.0,0.6934782608695652,,5,0,31,15,0.5,51,1.0,,
ensemble_overall,codebook_with_examples_no_checklist,labeler_kyle__drop_kyle_only,individual_coder,equal_weight_models,43,41,2,14,0.37209302325581395,0.34146341463414637,1.0,0.509090909090909,1.0,0.5670731707317074,,2,0,27,14,0.5,43,1.0,,
ensemble_overall,codebook_with_examples_no_checklist,labeler_prerana,individual_coder,equal_weight_models,18,5,13,3,0.8888888888888888,0.6,1.0,0.75,1.0,0.8307692307692308,,13,0,2,3,0.5,18,1.0,,
ensemble_overall,codebook_with_examples_no_checklist,labeler_prerana__drop_kyle_only,individual_coder,equal_weight_models,18,5,13,3,0.8888888888888888,0.6,1.0,0.75,1.0,0.8307692307692308,,13,0,2,3,0.5,18,1.0,,
ensemble_overall,codebook_with_examples_no_checklist,new_gold_test_only,new_gold,equal_weight_models,76,46,30,21,0.5657894736842105,0.3695652173913043,0.8095238095238095,0.5074626865671642,0.8666666666666667,0.6713768115942029,,26,4,29,17,0.5,76,1.0,,
ensemble_overall,codebook_with_examples_no_checklist,new_gold_test_only__drop_kyle_only,new_gold,equal_weight_models,68,41,27,20,0.5735294117647058,0.3902439024390244,0.8,0.5245901639344263,0.8518518518518519,0.6955736224028908,,23,4,25,16,0.5,68,1.0,,
ensemble_overall,codebook_with_examples_no_checklist,old_gold_test_only,old_gold,equal_weight_models,76,54,22,21,0.4605263157894737,0.3148148148148148,0.8095238095238095,0.4533333333333333,0.8181818181818182,0.6275252525252526,,18,4,37,17,0.5,76,1.0,,
ensemble_overall,codebook_with_examples_no_checklist,old_gold_test_only__drop_kyle_only,old_gold,equal_weight_models,68,49,19,20,0.45588235294117646,0.32653061224489793,0.8,0.463768115942029,0.7894736842105263,0.6337271750805584,,15,4,33,16,0.5,68,1.0,,
ensemble_overall,codebook_with_examples_no_checklist,pooled_coder_labels,pooled_coder_decisions,equal_weight_models,122,90,32,37,0.5,0.36666666666666664,0.8918918918918919,0.5196850393700787,0.875,0.6725694444444444,,28,4,57,33,0.5,122,1.0,,
ensemble_overall,codebook_with_examples_no_checklist,pooled_coder_labels__drop_kyle_only,pooled_coder_decisions,equal_weight_models,114,85,29,36,0.5,0.3764705882352941,0.8888888888888888,0.5289256198347108,0.8620689655172413,0.6752535496957404,,25,4,53,32,0.5,114,1.0,,
ensemble_overall,codebook_with_examples_with_checklist,all_paragraphs_new_gold_unlabeled_no,full_corpus_assumed_negative,equal_weight_models,74,44,30,14,0.5135135135135135,0.25,0.7857142857142857,0.3793103448275862,0.9,0.6954545454545454,,27,3,33,11,0.5,76,0.9736842105263158,,
ensemble_overall,codebook_with_examples_with_checklist,all_paragraphs_new_gold_unlabeled_no__drop_kyle_only,full_corpus_assumed_negative,equal_weight_models,66,39,27,13,0.5151515151515151,0.2564102564102564,0.7692307692307693,0.38461538461538464,0.8888888888888888,0.717948717948718,,24,3,29,10,0.5,68,0.9705882352941176,,
ensemble_overall,codebook_with_examples_with_checklist,labeler_anmol,individual_coder,equal_weight_models,51,37,14,12,0.39215686274509803,0.24324324324324326,0.75,0.3673469387755102,0.7857142857142857,0.6148648648648649,,11,3,28,9,0.5,53,0.9622641509433962,,
ensemble_overall,codebook_with_examples_with_checklist,labeler_anmol__drop_kyle_only,individual_coder,equal_weight_models,51,37,14,12,0.39215686274509803,0.24324324324324326,0.75,0.3673469387755102,0.7857142857142857,0.6148648648648649,,11,3,28,9,0.5,53,0.9622641509433962,,
ensemble_overall,codebook_with_examples_with_checklist,labeler_kyle,individual_coder,equal_weight_models,49,44,5,11,0.32653061224489793,0.25,1.0,0.4,1.0,0.7250000000000001,,5,0,33,11,0.5,51,0.9607843137254902,,
ensemble_overall,codebook_with_examples_with_checklist,labeler_kyle__drop_kyle_only,individual_coder,equal_weight_models,41,39,2,10,0.2926829268292683,0.2564102564102564,1.0,0.40816326530612246,1.0,0.6217948717948718,,2,0,29,10,0.5,43,0.9534883720930233,,
ensemble_overall,codebook_with_examples_with_checklist,labeler_prerana,individual_coder,equal_weight_models,18,5,13,3,0.8888888888888888,0.6,1.0,0.75,1.0,0.8538461538461539,,13,0,2,3,0.5,18,1.0,,
ensemble_overall,codebook_with_examples_with_checklist,labeler_prerana__drop_kyle_only,individual_coder,equal_weight_models,18,5,13,3,0.8888888888888888,0.6,1.0,0.75,1.0,0.8538461538461539,,13,0,2,3,0.5,18,1.0,,
ensemble_overall,codebook_with_examples_with_checklist,new_gold_test_only,new_gold,equal_weight_models,74,44,30,14,0.5135135135135135,0.25,0.7857142857142857,0.3793103448275862,0.9,0.6954545454545454,,27,3,33,11,0.5,76,0.9736842105263158,,
ensemble_overall,codebook_with_examples_with_checklist,new_gold_test_only__drop_kyle_only,new_gold,equal_weight_models,66,39,27,13,0.5151515151515151,0.2564102564102564,0.7692307692307693,0.38461538461538464,0.8888888888888888,0.717948717948718,,24,3,29,10,0.5,68,0.9705882352941176,,
ensemble_overall,codebook_with_examples_with_checklist,old_gold_test_only,old_gold,equal_weight_models,74,52,22,14,0.40540540540540543,0.21153846153846154,0.7857142857142857,0.3333333333333333,0.8636363636363636,0.6429195804195804,,19,3,41,11,0.5,76,0.9736842105263158,,
ensemble_overall,codebook_with_examples_with_checklist,old_gold_test_only__drop_kyle_only,old_gold,equal_weight_models,66,47,19,13,0.3939393939393939,0.2127659574468085,0.7692307692307693,0.3333333333333333,0.8421052631578947,0.6461366181410974,,16,3,37,10,0.5,68,0.9705882352941176,,
ensemble_overall,codebook_with_examples_with_checklist,pooled_coder_labels,pooled_coder_decisions,equal_weight_models,118,86,32,26,0.4406779661016949,0.26744186046511625,0.8846153846153846,0.4107142857142857,0.90625,0.6893168604651163,,29,3,63,23,0.5,122,0.9672131147540983,,
ensemble_overall,codebook_with_examples_with_checklist,pooled_coder_labels__drop_kyle_only,pooled_coder_decisions,equal_weight_models,110,81,29,25,0.43636363636363634,0.2716049382716049,0.88,0.41509433962264153,0.896551724137931,0.6900808854831842,,26,3,59,22,0.5,114,0.9649122807017544,,
ensemble_overall,direct_target_only,all_paragraphs_new_gold_unlabeled_no,full_corpus_assumed_negative,equal_weight_models,76,46,30,13,0.5394736842105263,0.2608695652173913,0.9230769230769231,0.4067796610169492,0.9666666666666667,0.6518115942028986,,29,1,34,12,0.5,76,1.0,,
ensemble_overall,direct_target_only,all_paragraphs_new_gold_unlabeled_no__drop_kyle_only,full_corpus_assumed_negative,equal_weight_models,68,41,27,13,0.5588235294117647,0.2926829268292683,0.9230769230769231,0.4444444444444444,0.9629629629629629,0.6757000903342366,,26,1,29,12,0.5,68,1.0,,
ensemble_overall,direct_target_only,labeler_anmol,individual_coder,equal_weight_models,53,39,14,12,0.4528301886792453,0.28205128205128205,0.9166666666666666,0.43137254901960786,0.9285714285714286,0.6520146520146521,,13,1,28,11,0.5,53,1.0,,
ensemble_overall,direct_target_only,labeler_anmol__drop_kyle_only,individual_coder,equal_weight_models,53,39,14,12,0.4528301886792453,0.28205128205128205,0.9166666666666666,0.43137254901960786,0.9285714285714286,0.6520146520146521,,13,1,28,11,0.5,53,1.0,,
ensemble_overall,direct_target_only,labeler_kyle,individual_coder,equal_weight_models,51,46,5,8,0.2549019607843137,0.17391304347826086,1.0,0.2962962962962963,1.0,0.6434782608695652,,5,0,38,8,0.5,51,1.0,,
ensemble_overall,direct_target_only,labeler_kyle__drop_kyle_only,individual_coder,equal_weight_models,43,41,2,8,0.23255813953488372,0.1951219512195122,1.0,0.32653061224489793,1.0,0.6097560975609756,,2,0,33,8,0.5,43,1.0,,
ensemble_overall,direct_target_only,labeler_prerana,individual_coder,equal_weight_models,18,5,13,3,0.8888888888888888,0.6,1.0,0.75,1.0,0.8461538461538461,,13,0,2,3,0.5,18,1.0,,
ensemble_overall,direct_target_only,labeler_prerana__drop_kyle_only,individual_coder,equal_weight_models,18,5,13,3,0.8888888888888888,0.6,1.0,0.75,1.0,0.8461538461538461,,13,0,2,3,0.5,18,1.0,,
ensemble_overall,direct_target_only,new_gold_test_only,new_gold,equal_weight_models,76,46,30,13,0.5394736842105263,0.2608695652173913,0.9230769230769231,0.4067796610169492,0.9666666666666667,0.6518115942028986,,29,1,34,12,0.5,76,1.0,,
ensemble_overall,direct_target_only,new_gold_test_only__drop_kyle_only,new_gold,equal_weight_models,68,41,27,13,0.5588235294117647,0.2926829268292683,0.9230769230769231,0.4444444444444444,0.9629629629629629,0.6757000903342366,,26,1,29,12,0.5,68,1.0,,
ensemble_overall,direct_target_only,old_gold_test_only,old_gold,equal_weight_models,76,54,22,13,0.4342105263157895,0.2222222222222222,0.9230769230769231,0.3582089552238806,0.9545454545454546,0.6430976430976431,,21,1,42,12,0.5,76,1.0,,
ensemble_overall,direct_target_only,old_gold_test_only__drop_kyle_only,old_gold,equal_weight_models,68,49,19,13,0.4411764705882353,0.24489795918367346,0.9230769230769231,0.3870967741935484,0.9473684210526315,0.6578947368421052,,18,1,37,12,0.5,68,1.0,,
ensemble_overall,direct_target_only,pooled_coder_labels,pooled_coder_decisions,equal_weight_models,122,90,32,23,0.4344262295081967,0.24444444444444444,0.9565217391304348,0.3893805309734513,0.96875,0.6453125,,31,1,68,22,0.5,122,1.0,,
ensemble_overall,direct_target_only,pooled_coder_labels__drop_kyle_only,pooled_coder_decisions,equal_weight_models,114,85,29,23,0.43859649122807015,0.25882352941176473,0.9565217391304348,0.4074074074074074,0.9655172413793104,0.6515212981744422,,28,1,63,22,0.5,114,1.0,,
ensemble_document,codebook_no_examples_no_checklist,all_paragraphs_new_gold_unlabeled_no,full_corpus_assumed_negative,equal_weight_models,22,5,17,0,0.7727272727272727,0.0,0.0,0.0,1.0,0.4529411764705883,,17,0,5,0,0.5,22,1.0,EPA,
ensemble_document,codebook_no_examples_no_checklist,all_paragraphs_new_gold_unlabeled_no,full_corpus_assumed_negative,equal_weight_models,27,21,6,8,0.4444444444444444,0.3333333333333333,0.875,0.4827586206896552,0.8333333333333334,0.4365079365079365,,5,1,14,7,0.5,28,0.9642857142857143,ERP Report,
ensemble_document,codebook_no_examples_no_checklist,all_paragraphs_new_gold_unlabeled_no,full_corpus_assumed_negative,equal_weight_models,7,6,1,1,0.2857142857142857,0.16666666666666666,1.0,0.2857142857142857,1.0,0.6666666666666666,,1,0,5,1,0.5,7,1.0,GAO,
ensemble_document,codebook_no_examples_no_checklist,all_paragraphs_new_gold_unlabeled_no,full_corpus_assumed_negative,equal_weight_models,11,5,6,3,0.8181818181818182,0.6,1.0,0.75,1.0,0.9333333333333333,,6,0,2,3,0.5,11,1.0,Hurricane Katrina,
ensemble_document,codebook_no_examples_no_checklist,all_paragraphs_new_gold_unlabeled_no,full_corpus_assumed_negative,equal_weight_models,8,8,0,4,0.5,0.5,1.0,0.6666666666666666,,,single_reference_class,0,0,4,4,0.5,8,1.0,PAR,
ensemble_document,codebook_no_examples_no_checklist,all_paragraphs_new_gold_unlabeled_no__drop_kyle_only,full_corpus_assumed_negative,equal_weight_models,18,3,15,0,0.8333333333333334,0.0,0.0,0.0,1.0,0.711111111111111,,15,0,3,0,0.5,18,1.0,EPA,
ensemble_document,codebook_no_examples_no_checklist,all_paragraphs_new_gold_unlabeled_no__drop_kyle_only,full_corpus_assumed_negative,equal_weight_models,27,21,6,8,0.4444444444444444,0.3333333333333333,0.875,0.4827586206896552,0.8333333333333334,0.4365079365079365,,5,1,14,7,0.5,28,0.9642857142857143,ERP Report,
ensemble_document,codebook_no_examples_no_checklist,all_paragraphs_new_gold_unlabeled_no__drop_kyle_only,full_corpus_assumed_negative,equal_weight_models,3,3,0,1,0.3333333333333333,0.3333333333333333,1.0,0.5,,,single_reference_class,0,0,2,1,0.5,3,1.0,GAO,
ensemble_document,codebook_no_examples_no_checklist,all_paragraphs_new_gold_unlabeled_no__drop_kyle_only,full_corpus_assumed_negative,equal_weight_models,11,5,6,3,0.8181818181818182,0.6,1.0,0.75,1.0,0.9333333333333333,,6,0,2,3,0.5,11,1.0,Hurricane Katrina,
ensemble_document,codebook_no_examples_no_checklist,all_paragraphs_new_gold_unlabeled_no__drop_kyle_only,full_corpus_assumed_negative,equal_weight_models,8,8,0,4,0.5,0.5,1.0,0.6666666666666666,,,single_reference_class,0,0,4,4,0.5,8,1.0,PAR,
ensemble_document,codebook_no_examples_no_checklist,labeler_anmol,individual_coder,equal_weight_models,6,2,4,0,0.6666666666666666,0.0,0.0,0.0,1.0,1.0,,4,0,2,0,0.5,6,1.0,EPA,
ensemble_document,codebook_no_examples_no_checklist,labeler_anmol,individual_coder,equal_weight_models,27,21,6,8,0.4444444444444444,0.3333333333333333,0.875,0.4827586206896552,0.8333333333333334,0.4365079365079365,,5,1,14,7,0.5,28,0.9642857142857143,ERP Report,
ensemble_document,codebook_no_examples_no_checklist,labeler_anmol,individual_coder,equal_weight_models,3,3,0,1,0.3333333333333333,0.3333333333333333,1.0,0.5,,,single_reference_class,0,0,2,1,0.5,3,1.0,GAO,
ensemble_document,codebook_no_examples_no_checklist,labeler_anmol,individual_coder,equal_weight_models,9,5,4,3,0.7777777777777778,0.6,1.0,0.75,1.0,0.9,,4,0,2,3,0.5,9,1.0,Hurricane Katrina,
ensemble_document,codebook_no_examples_no_checklist,labeler_anmol,individual_coder,equal_weight_models,7,7,0,3,0.42857142857142855,0.42857142857142855,1.0,0.6,,,single_reference_class,0,0,4,3,0.5,7,1.0,PAR,
ensemble_document,codebook_no_examples_no_checklist,labeler_anmol__drop_kyle_only,individual_coder,equal_weight_models,6,2,4,0,0.6666666666666666,0.0,0.0,0.0,1.0,1.0,,4,0,2,0,0.5,6,1.0,EPA,
ensemble_document,codebook_no_examples_no_checklist,labeler_anmol__drop_kyle_only,individual_coder,equal_weight_models,27,21,6,8,0.4444444444444444,0.3333333333333333,0.875,0.4827586206896552,0.8333333333333334,0.4365079365079365,,5,1,14,7,0.5,28,0.9642857142857143,ERP Report,
ensemble_document,codebook_no_examples_no_checklist,labeler_anmol__drop_kyle_only,individual_coder,equal_weight_models,3,3,0,1,0.3333333333333333,0.3333333333333333,1.0,0.5,,,single_reference_class,0,0,2,1,0.5,3,1.0,GAO,
ensemble_document,codebook_no_examples_no_checklist,labeler_anmol__drop_kyle_only,individual_coder,equal_weight_models,9,5,4,3,0.7777777777777778,0.6,1.0,0.75,1.0,0.9,,4,0,2,3,0.5,9,1.0,Hurricane Katrina,
ensemble_document,codebook_no_examples_no_checklist,labeler_anmol__drop_kyle_only,individual_coder,equal_weight_models,7,7,0,3,0.42857142857142855,0.42857142857142855,1.0,0.6,,,single_reference_class,0,0,4,3,0.5,7,1.0,PAR,
ensemble_document,codebook_no_examples_no_checklist,labeler_kyle,individual_coder,equal_weight_models,8,6,2,0,0.25,0.0,0.0,0.0,1.0,0.5416666666666666,,2,0,6,0,0.5,8,1.0,EPA,
ensemble_document,codebook_no_examples_no_checklist,labeler_kyle,individual_coder,equal_weight_models,27,27,0,8,0.2962962962962963,0.2962962962962963,1.0,0.45714285714285713,,,single_reference_class,0,0,19,8,0.5,28,0.9642857142857143,ERP Report,
ensemble_document,codebook_no_examples_no_checklist,labeler_kyle,individual_coder,equal_weight_models,6,5,1,1,0.3333333333333333,0.2,1.0,0.3333333333333333,1.0,0.6,,1,0,4,1,0.5,6,1.0,GAO,
ensemble_document,codebook_no_examples_no_checklist,labeler_kyle,individual_coder,equal_weight_models,9,7,2,3,0.5555555555555556,0.42857142857142855,1.0,0.6,1.0,0.8571428571428572,,2,0,4,3,0.5,9,1.0,Hurricane Katrina,
ensemble_document,codebook_no_examples_no_checklist,labeler_kyle__drop_kyle_only,individual_coder,equal_weight_models,4,4,0,0,0.0,0.0,0.0,0.0,,,single_reference_class,0,0,4,0,0.5,4,1.0,EPA,
ensemble_document,codebook_no_examples_no_checklist,labeler_kyle__drop_kyle_only,individual_coder,equal_weight_models,27,27,0,8,0.2962962962962963,0.2962962962962963,1.0,0.45714285714285713,,,single_reference_class,0,0,19,8,0.5,28,0.9642857142857143,ERP Report,
ensemble_document,codebook_no_examples_no_checklist,labeler_kyle__drop_kyle_only,individual_coder,equal_weight_models,2,2,0,1,0.5,0.5,1.0,0.6666666666666666,,,single_reference_class,0,0,1,1,0.5,2,1.0,GAO,
ensemble_document,codebook_no_examples_no_checklist,labeler_kyle__drop_kyle_only,individual_coder,equal_weight_models,9,7,2,3,0.5555555555555556,0.42857142857142855,1.0,0.6,1.0,0.8571428571428572,,2,0,4,3,0.5,9,1.0,Hurricane Katrina,
ensemble_document,codebook_no_examples_no_checklist,labeler_prerana,individual_coder,equal_weight_models,14,1,13,0,0.9285714285714286,0.0,0.0,0.0,1.0,0.15384615384615385,,13,0,1,0,0.5,14,1.0,EPA,
ensemble_document,codebook_no_examples_no_checklist,labeler_prerana,individual_coder,equal_weight_models,4,4,0,3,0.75,0.75,1.0,0.8571428571428571,,,single_reference_class,0,0,1,3,0.5,4,1.0,PAR,
ensemble_document,codebook_no_examples_no_checklist,labeler_prerana__drop_kyle_only,individual_coder,equal_weight_models,14,1,13,0,0.9285714285714286,0.0,0.0,0.0,1.0,0.15384615384615385,,13,0,1,0,0.5,14,1.0,EPA,
ensemble_document,codebook_no_examples_no_checklist,labeler_prerana__drop_kyle_only,individual_coder,equal_weight_models,4,4,0,3,0.75,0.75,1.0,0.8571428571428571,,,single_reference_class,0,0,1,3,0.5,4,1.0,PAR,
ensemble_document,codebook_no_examples_no_checklist,new_gold_test_only,new_gold,equal_weight_models,22,5,17,0,0.7727272727272727,0.0,0.0,0.0,1.0,0.4529411764705883,,17,0,5,0,0.5,22,1.0,EPA,
ensemble_document,codebook_no_examples_no_checklist,new_gold_test_only,new_gold,equal_weight_models,27,21,6,8,0.4444444444444444,0.3333333333333333,0.875,0.4827586206896552,0.8333333333333334,0.4365079365079365,,5,1,14,7,0.5,28,0.9642857142857143,ERP Report,
ensemble_document,codebook_no_examples_no_checklist,new_gold_test_only,new_gold,equal_weight_models,7,6,1,1,0.2857142857142857,0.16666666666666666,1.0,0.2857142857142857,1.0,0.6666666666666666,,1,0,5,1,0.5,7,1.0,GAO,
ensemble_document,codebook_no_examples_no_checklist,new_gold_test_only,new_gold,equal_weight_models,11,5,6,3,0.8181818181818182,0.6,1.0,0.75,1.0,0.9333333333333333,,6,0,2,3,0.5,11,1.0,Hurricane Katrina,
ensemble_document,codebook_no_examples_no_checklist,new_gold_test_only,new_gold,equal_weight_models,8,8,0,4,0.5,0.5,1.0,0.6666666666666666,,,single_reference_class,0,0,4,4,0.5,8,1.0,PAR,
ensemble_document,codebook_no_examples_no_checklist,new_gold_test_only__drop_kyle_only,new_gold,equal_weight_models,18,3,15,0,0.8333333333333334,0.0,0.0,0.0,1.0,0.711111111111111,,15,0,3,0,0.5,18,1.0,EPA,
ensemble_document,codebook_no_examples_no_checklist,new_gold_test_only__drop_kyle_only,new_gold,equal_weight_models,27,21,6,8,0.4444444444444444,0.3333333333333333,0.875,0.4827586206896552,0.8333333333333334,0.4365079365079365,,5,1,14,7,0.5,28,0.9642857142857143,ERP Report,
ensemble_document,codebook_no_examples_no_checklist,new_gold_test_only__drop_kyle_only,new_gold,equal_weight_models,3,3,0,1,0.3333333333333333,0.3333333333333333,1.0,0.5,,,single_reference_class,0,0,2,1,0.5,3,1.0,GAO,
ensemble_document,codebook_no_examples_no_checklist,new_gold_test_only__drop_kyle_only,new_gold,equal_weight_models,11,5,6,3,0.8181818181818182,0.6,1.0,0.75,1.0,0.9333333333333333,,6,0,2,3,0.5,11,1.0,Hurricane Katrina,
ensemble_document,codebook_no_examples_no_checklist,new_gold_test_only__drop_kyle_only,new_gold,equal_weight_models,8,8,0,4,0.5,0.5,1.0,0.6666666666666666,,,single_reference_class,0,0,4,4,0.5,8,1.0,PAR,
ensemble_document,codebook_no_examples_no_checklist,old_gold_test_only,old_gold,equal_weight_models,22,13,9,0,0.4090909090909091,0.0,0.0,0.0,1.0,0.6025641025641025,,9,0,13,0,0.5,22,1.0,EPA,
ensemble_document,codebook_no_examples_no_checklist,old_gold_test_only,old_gold,equal_weight_models,27,21,6,8,0.4444444444444444,0.3333333333333333,0.875,0.4827586206896552,0.8333333333333334,0.4365079365079365,,5,1,14,7,0.5,28,0.9642857142857143,ERP Report,
ensemble_document,codebook_no_examples_no_checklist,old_gold_test_only,old_gold,equal_weight_models,7,6,1,1,0.2857142857142857,0.16666666666666666,1.0,0.2857142857142857,1.0,0.6666666666666666,,1,0,5,1,0.5,7,1.0,GAO,
ensemble_document,codebook_no_examples_no_checklist,old_gold_test_only,old_gold,equal_weight_models,11,5,6,3,0.8181818181818182,0.6,1.0,0.75,1.0,0.9333333333333333,,6,0,2,3,0.5,11,1.0,Hurricane Katrina,
ensemble_document,codebook_no_examples_no_checklist,old_gold_test_only,old_gold,equal_weight_models,8,8,0,4,0.5,0.5,1.0,0.6666666666666666,,,single_reference_class,0,0,4,4,0.5,8,1.0,PAR,
ensemble_document,codebook_no_examples_no_checklist,old_gold_test_only__drop_kyle_only,old_gold,equal_weight_models,18,11,7,0,0.3888888888888889,0.0,0.0,0.0,1.0,0.6233766233766234,,7,0,11,0,0.5,18,1.0,EPA,
ensemble_document,codebook_no_examples_no_checklist,old_gold_test_only__drop_kyle_only,old_gold,equal_weight_models,27,21,6,8,0.4444444444444444,0.3333333333333333,0.875,0.4827586206896552,0.8333333333333334,0.4365079365079365,,5,1,14,7,0.5,28,0.9642857142857143,ERP Report,
ensemble_document,codebook_no_examples_no_checklist,old_gold_test_only__drop_kyle_only,old_gold,equal_weight_models,3,3,0,1,0.3333333333333333,0.3333333333333333,1.0,0.5,,,single_reference_class,0,0,2,1,0.5,3,1.0,GAO,
ensemble_document,codebook_no_examples_no_checklist,old_gold_test_only__drop_kyle_only,old_gold,equal_weight_models,11,5,6,3,0.8181818181818182,0.6,1.0,0.75,1.0,0.9333333333333333,,6,0,2,3,0.5,11,1.0,Hurricane Katrina,
ensemble_document,codebook_no_examples_no_checklist,old_gold_test_only__drop_kyle_only,old_gold,equal_weight_models,8,8,0,4,0.5,0.5,1.0,0.6666666666666666,,,single_reference_class,0,0,4,4,0.5,8,1.0,PAR,
ensemble_document,codebook_no_examples_no_checklist,pooled_coder_labels,pooled_coder_decisions,equal_weight_models,28,9,19,0,0.6785714285714286,0.0,0.0,0.0,1.0,0.5555555555555556,,19,0,9,0,0.5,28,1.0,EPA,
ensemble_document,codebook_no_examples_no_checklist,pooled_coder_labels,pooled_coder_decisions,equal_weight_models,54,48,6,16,0.37037037037037035,0.3125,0.9375,0.46875,0.8333333333333334,0.4444444444444445,,5,1,33,15,0.5,56,0.9642857142857143,ERP Report,
ensemble_document,codebook_no_examples_no_checklist,pooled_coder_labels,pooled_coder_decisions,equal_weight_models,9,8,1,2,0.3333333333333333,0.25,1.0,0.4,1.0,0.625,,1,0,6,2,0.5,9,1.0,GAO,
ensemble_document,codebook_no_examples_no_checklist,pooled_coder_labels,pooled_coder_decisions,equal_weight_models,18,12,6,6,0.6666666666666666,0.5,1.0,0.6666666666666666,1.0,0.861111111111111,,6,0,6,6,0.5,18,1.0,Hurricane Katrina,
ensemble_document,codebook_no_examples_no_checklist,pooled_coder_labels,pooled_coder_decisions,equal_weight_models,11,11,0,6,0.5454545454545454,0.5454545454545454,1.0,0.7058823529411765,,,single_reference_class,0,0,5,6,0.5,11,1.0,PAR,
ensemble_document,codebook_no_examples_no_checklist,pooled_coder_labels__drop_kyle_only,pooled_coder_decisions,equal_weight_models,24,7,17,0,0.7083333333333334,0.0,0.0,0.0,1.0,0.6932773109243698,,17,0,7,0,0.5,24,1.0,EPA,
ensemble_document,codebook_no_examples_no_checklist,pooled_coder_labels__drop_kyle_only,pooled_coder_decisions,equal_weight_models,54,48,6,16,0.37037037037037035,0.3125,0.9375,0.46875,0.8333333333333334,0.4444444444444445,,5,1,33,15,0.5,56,0.9642857142857143,ERP Report,
ensemble_document,codebook_no_examples_no_checklist,pooled_coder_labels__drop_kyle_only,pooled_coder_decisions,equal_weight_models,5,5,0,2,0.4,0.4,1.0,0.5714285714285714,,,single_reference_class,0,0,3,2,0.5,5,1.0,GAO,
ensemble_document,codebook_no_examples_no_checklist,pooled_coder_labels__drop_kyle_only,pooled_coder_decisions,equal_weight_models,18,12,6,6,0.6666666666666666,0.5,1.0,0.6666666666666666,1.0,0.861111111111111,,6,0,6,6,0.5,18,1.0,Hurricane Katrina,
ensemble_document,codebook_no_examples_no_checklist,pooled_coder_labels__drop_kyle_only,pooled_coder_decisions,equal_weight_models,11,11,0,6,0.5454545454545454,0.5454545454545454,1.0,0.7058823529411765,,,single_reference_class,0,0,5,6,0.5,11,1.0,PAR,
ensemble_document,codebook_no_examples_with_checklist,all_paragraphs_new_gold_unlabeled_no,full_corpus_assumed_negative,equal_weight_models,22,5,17,0,0.7727272727272727,0.0,0.0,0.0,1.0,0.43529411764705883,,17,0,5,0,0.5,22,1.0,EPA,
ensemble_document,codebook_no_examples_with_checklist,all_paragraphs_new_gold_unlabeled_no,full_corpus_assumed_negative,equal_weight_models,27,21,6,6,0.37037037037037035,0.23809523809523808,0.8333333333333334,0.37037037037037035,0.8333333333333334,0.5674603174603174,,5,1,16,5,0.5,28,0.9642857142857143,ERP Report,
ensemble_document,codebook_no_examples_with_checklist,all_paragraphs_new_gold_unlabeled_no,full_corpus_assumed_negative,equal_weight_models,7,6,1,0,0.14285714285714285,0.0,0.0,0.0,1.0,0.6666666666666666,,1,0,6,0,0.5,7,1.0,GAO,
ensemble_document,codebook_no_examples_with_checklist,all_paragraphs_new_gold_unlabeled_no,full_corpus_assumed_negative,equal_weight_models,11,5,6,3,0.8181818181818182,0.6,1.0,0.75,1.0,0.9666666666666667,,6,0,2,3,0.5,11,1.0,Hurricane Katrina,
ensemble_document,codebook_no_examples_with_checklist,all_paragraphs_new_gold_unlabeled_no,full_corpus_assumed_negative,equal_weight_models,8,8,0,4,0.5,0.5,1.0,0.6666666666666666,,,single_reference_class,0,0,4,4,0.5,8,1.0,PAR,
ensemble_document,codebook_no_examples_with_checklist,all_paragraphs_new_gold_unlabeled_no__drop_kyle_only,full_corpus_assumed_negative,equal_weight_models,18,3,15,0,0.8333333333333334,0.0,0.0,0.0,1.0,0.6777777777777778,,15,0,3,0,0.5,18,1.0,EPA,
ensemble_document,codebook_no_examples_with_checklist,all_paragraphs_new_gold_unlabeled_no__drop_kyle_only,full_corpus_assumed_negative,equal_weight_models,27,21,6,6,0.37037037037037035,0.23809523809523808,0.8333333333333334,0.37037037037037035,0.8333333333333334,0.5674603174603174,,5,1,16,5,0.5,28,0.9642857142857143,ERP Report,
ensemble_document,codebook_no_examples_with_checklist,all_paragraphs_new_gold_unlabeled_no__drop_kyle_only,full_corpus_assumed_negative,equal_weight_models,3,3,0,0,0.0,0.0,0.0,0.0,,,single_reference_class,0,0,3,0,0.5,3,1.0,GAO,
ensemble_document,codebook_no_examples_with_checklist,all_paragraphs_new_gold_unlabeled_no__drop_kyle_only,full_corpus_assumed_negative,equal_weight_models,11,5,6,3,0.8181818181818182,0.6,1.0,0.75,1.0,0.9666666666666667,,6,0,2,3,0.5,11,1.0,Hurricane Katrina,
ensemble_document,codebook_no_examples_with_checklist,all_paragraphs_new_gold_unlabeled_no__drop_kyle_only,full_corpus_assumed_negative,equal_weight_models,8,8,0,4,0.5,0.5,1.0,0.6666666666666666,,,single_reference_class,0,0,4,4,0.5,8,1.0,PAR,
ensemble_document,codebook_no_examples_with_checklist,labeler_anmol,individual_coder,equal_weight_models,6,2,4,0,0.6666666666666666,0.0,0.0,0.0,1.0,1.0,,4,0,2,0,0.5,6,1.0,EPA,
ensemble_document,codebook_no_examples_with_checklist,labeler_anmol,individual_coder,equal_weight_models,27,21,6,6,0.37037037037037035,0.23809523809523808,0.8333333333333334,0.37037037037037035,0.8333333333333334,0.5674603174603174,,5,1,16,5,0.5,28,0.9642857142857143,ERP Report,
ensemble_document,codebook_no_examples_with_checklist,labeler_anmol,individual_coder,equal_weight_models,3,3,0,0,0.0,0.0,0.0,0.0,,,single_reference_class,0,0,3,0,0.5,3,1.0,GAO,
ensemble_document,codebook_no_examples_with_checklist,labeler_anmol,individual_coder,equal_weight_models,9,5,4,3,0.7777777777777778,0.6,1.0,0.75,1.0,0.95,,4,0,2,3,0.5,9,1.0,Hurricane Katrina,
ensemble_document,codebook_no_examples_with_checklist,labeler_anmol,individual_coder,equal_weight_models,7,7,0,3,0.42857142857142855,0.42857142857142855,1.0,0.6,,,single_reference_class,0,0,4,3,0.5,7,1.0,PAR,
ensemble_document,codebook_no_examples_with_checklist,labeler_anmol__drop_kyle_only,individual_coder,equal_weight_models,6,2,4,0,0.6666666666666666,0.0,0.0,0.0,1.0,1.0,,4,0,2,0,0.5,6,1.0,EPA,
ensemble_document,codebook_no_examples_with_checklist,labeler_anmol__drop_kyle_only,individual_coder,equal_weight_models,27,21,6,6,0.37037037037037035,0.23809523809523808,0.8333333333333334,0.37037037037037035,0.8333333333333334,0.5674603174603174,,5,1,16,5,0.5,28,0.9642857142857143,ERP Report,
ensemble_document,codebook_no_examples_with_checklist,labeler_anmol__drop_kyle_only,individual_coder,equal_weight_models,3,3,0,0,0.0,0.0,0.0,0.0,,,single_reference_class,0,0,3,0,0.5,3,1.0,GAO,
ensemble_document,codebook_no_examples_with_checklist,labeler_anmol__drop_kyle_only,individual_coder,equal_weight_models,9,5,4,3,0.7777777777777778,0.6,1.0,0.75,1.0,0.95,,4,0,2,3,0.5,9,1.0,Hurricane Katrina,
ensemble_document,codebook_no_examples_with_checklist,labeler_anmol__drop_kyle_only,individual_coder,equal_weight_models,7,7,0,3,0.42857142857142855,0.42857142857142855,1.0,0.6,,,single_reference_class,0,0,4,3,0.5,7,1.0,PAR,
ensemble_document,codebook_no_examples_with_checklist,labeler_kyle,individual_coder,equal_weight_models,8,6,2,0,0.25,0.0,0.0,0.0,1.0,0.5,,2,0,6,0,0.5,8,1.0,EPA,
ensemble_document,codebook_no_examples_with_checklist,labeler_kyle,individual_coder,equal_weight_models,27,27,0,6,0.2222222222222222,0.2222222222222222,1.0,0.36363636363636365,,,single_reference_class,0,0,21,6,0.5,28,0.9642857142857143,ERP Report,
ensemble_document,codebook_no_examples_with_checklist,labeler_kyle,individual_coder,equal_weight_models,6,5,1,0,0.16666666666666666,0.0,0.0,0.0,1.0,0.6,,1,0,5,0,0.5,6,1.0,GAO,
ensemble_document,codebook_no_examples_with_checklist,labeler_kyle,individual_coder,equal_weight_models,9,7,2,3,0.5555555555555556,0.42857142857142855,1.0,0.6,1.0,0.9285714285714286,,2,0,4,3,0.5,9,1.0,Hurricane Katrina,
ensemble_document,codebook_no_examples_with_checklist,labeler_kyle__drop_kyle_only,individual_coder,equal_weight_models,4,4,0,0,0.0,0.0,0.0,0.0,,,single_reference_class,0,0,4,0,0.5,4,1.0,EPA,
ensemble_document,codebook_no_examples_with_checklist,labeler_kyle__drop_kyle_only,individual_coder,equal_weight_models,27,27,0,6,0.2222222222222222,0.2222222222222222,1.0,0.36363636363636365,,,single_reference_class,0,0,21,6,0.5,28,0.9642857142857143,ERP Report,
ensemble_document,codebook_no_examples_with_checklist,labeler_kyle__drop_kyle_only,individual_coder,equal_weight_models,2,2,0,0,0.0,0.0,0.0,0.0,,,single_reference_class,0,0,2,0,0.5,2,1.0,GAO,
ensemble_document,codebook_no_examples_with_checklist,labeler_kyle__drop_kyle_only,individual_coder,equal_weight_models,9,7,2,3,0.5555555555555556,0.42857142857142855,1.0,0.6,1.0,0.9285714285714286,,2,0,4,3,0.5,9,1.0,Hurricane Katrina,
ensemble_document,codebook_no_examples_with_checklist,labeler_prerana,individual_coder,equal_weight_models,14,1,13,0,0.9285714285714286,0.0,0.0,0.0,1.0,0.07692307692307687,,13,0,1,0,0.5,14,1.0,EPA,
ensemble_document,codebook_no_examples_with_checklist,labeler_prerana,individual_coder,equal_weight_models,4,4,0,3,0.75,0.75,1.0,0.8571428571428571,,,single_reference_class,0,0,1,3,0.5,4,1.0,PAR,
ensemble_document,codebook_no_examples_with_checklist,labeler_prerana__drop_kyle_only,individual_coder,equal_weight_models,14,1,13,0,0.9285714285714286,0.0,0.0,0.0,1.0,0.07692307692307687,,13,0,1,0,0.5,14,1.0,EPA,
ensemble_document,codebook_no_examples_with_checklist,labeler_prerana__drop_kyle_only,individual_coder,equal_weight_models,4,4,0,3,0.75,0.75,1.0,0.8571428571428571,,,single_reference_class,0,0,1,3,0.5,4,1.0,PAR,
ensemble_document,codebook_no_examples_with_checklist,new_gold_test_only,new_gold,equal_weight_models,22,5,17,0,0.7727272727272727,0.0,0.0,0.0,1.0,0.43529411764705883,,17,0,5,0,0.5,22,1.0,EPA,
ensemble_document,codebook_no_examples_with_checklist,new_gold_test_only,new_gold,equal_weight_models,27,21,6,6,0.37037037037037035,0.23809523809523808,0.8333333333333334,0.37037037037037035,0.8333333333333334,0.5674603174603174,,5,1,16,5,0.5,28,0.9642857142857143,ERP Report,
ensemble_document,codebook_no_examples_with_checklist,new_gold_test_only,new_gold,equal_weight_models,7,6,1,0,0.14285714285714285,0.0,0.0,0.0,1.0,0.6666666666666666,,1,0,6,0,0.5,7,1.0,GAO,
ensemble_document,codebook_no_examples_with_checklist,new_gold_test_only,new_gold,equal_weight_models,11,5,6,3,0.8181818181818182,0.6,1.0,0.75,1.0,0.9666666666666667,,6,0,2,3,0.5,11,1.0,Hurricane Katrina,
ensemble_document,codebook_no_examples_with_checklist,new_gold_test_only,new_gold,equal_weight_models,8,8,0,4,0.5,0.5,1.0,0.6666666666666666,,,single_reference_class,0,0,4,4,0.5,8,1.0,PAR,
ensemble_document,codebook_no_examples_with_checklist,new_gold_test_only__drop_kyle_only,new_gold,equal_weight_models,18,3,15,0,0.8333333333333334,0.0,0.0,0.0,1.0,0.6777777777777778,,15,0,3,0,0.5,18,1.0,EPA,
ensemble_document,codebook_no_examples_with_checklist,new_gold_test_only__drop_kyle_only,new_gold,equal_weight_models,27,21,6,6,0.37037037037037035,0.23809523809523808,0.8333333333333334,0.37037037037037035,0.8333333333333334,0.5674603174603174,,5,1,16,5,0.5,28,0.9642857142857143,ERP Report,
ensemble_document,codebook_no_examples_with_checklist,new_gold_test_only__drop_kyle_only,new_gold,equal_weight_models,3,3,0,0,0.0,0.0,0.0,0.0,,,single_reference_class,0,0,3,0,0.5,3,1.0,GAO,
ensemble_document,codebook_no_examples_with_checklist,new_gold_test_only__drop_kyle_only,new_gold,equal_weight_models,11,5,6,3,0.8181818181818182,0.6,1.0,0.75,1.0,0.9666666666666667,,6,0,2,3,0.5,11,1.0,Hurricane Katrina,
ensemble_document,codebook_no_examples_with_checklist,new_gold_test_only__drop_kyle_only,new_gold,equal_weight_models,8,8,0,4,0.5,0.5,1.0,0.6666666666666666,,,single_reference_class,0,0,4,4,0.5,8,1.0,PAR,
ensemble_document,codebook_no_examples_with_checklist,old_gold_test_only,old_gold,equal_weight_models,22,13,9,0,0.4090909090909091,0.0,0.0,0.0,1.0,0.5598290598290598,,9,0,13,0,0.5,22,1.0,EPA,
ensemble_document,codebook_no_examples_with_checklist,old_gold_test_only,old_gold,equal_weight_models,27,21,6,6,0.37037037037037035,0.23809523809523808,0.8333333333333334,0.37037037037037035,0.8333333333333334,0.5674603174603174,,5,1,16,5,0.5,28,0.9642857142857143,ERP Report,
ensemble_document,codebook_no_examples_with_checklist,old_gold_test_only,old_gold,equal_weight_models,7,6,1,0,0.14285714285714285,0.0,0.0,0.0,1.0,0.6666666666666666,,1,0,6,0,0.5,7,1.0,GAO,
ensemble_document,codebook_no_examples_with_checklist,old_gold_test_only,old_gold,equal_weight_models,11,5,6,3,0.8181818181818182,0.6,1.0,0.75,1.0,0.9666666666666667,,6,0,2,3,0.5,11,1.0,Hurricane Katrina,
ensemble_document,codebook_no_examples_with_checklist,old_gold_test_only,old_gold,equal_weight_models,8,8,0,4,0.5,0.5,1.0,0.6666666666666666,,,single_reference_class,0,0,4,4,0.5,8,1.0,PAR,
ensemble_document,codebook_no_examples_with_checklist,old_gold_test_only__drop_kyle_only,old_gold,equal_weight_models,18,11,7,0,0.3888888888888889,0.0,0.0,0.0,1.0,0.6168831168831169,,7,0,11,0,0.5,18,1.0,EPA,
ensemble_document,codebook_no_examples_with_checklist,old_gold_test_only__drop_kyle_only,old_gold,equal_weight_models,27,21,6,6,0.37037037037037035,0.23809523809523808,0.8333333333333334,0.37037037037037035,0.8333333333333334,0.5674603174603174,,5,1,16,5,0.5,28,0.9642857142857143,ERP Report,
ensemble_document,codebook_no_examples_with_checklist,old_gold_test_only__drop_kyle_only,old_gold,equal_weight_models,3,3,0,0,0.0,0.0,0.0,0.0,,,single_reference_class,0,0,3,0,0.5,3,1.0,GAO,
ensemble_document,codebook_no_examples_with_checklist,old_gold_test_only__drop_kyle_only,old_gold,equal_weight_models,11,5,6,3,0.8181818181818182,0.6,1.0,0.75,1.0,0.9666666666666667,,6,0,2,3,0.5,11,1.0,Hurricane Katrina,
ensemble_document,codebook_no_examples_with_checklist,old_gold_test_only__drop_kyle_only,old_gold,equal_weight_models,8,8,0,4,0.5,0.5,1.0,0.6666666666666666,,,single_reference_class,0,0,4,4,0.5,8,1.0,PAR,
ensemble_document,codebook_no_examples_with_checklist,pooled_coder_labels,pooled_coder_decisions,equal_weight_models,28,9,19,0,0.6785714285714286,0.0,0.0,0.0,1.0,0.5380116959064328,,19,0,9,0,0.5,28,1.0,EPA,
ensemble_document,codebook_no_examples_with_checklist,pooled_coder_labels,pooled_coder_decisions,equal_weight_models,54,48,6,12,0.2962962962962963,0.22916666666666666,0.9166666666666666,0.36666666666666664,0.8333333333333334,0.5590277777777778,,5,1,37,11,0.5,56,0.9642857142857143,ERP Report,
ensemble_document,codebook_no_examples_with_checklist,pooled_coder_labels,pooled_coder_decisions,equal_weight_models,9,8,1,0,0.1111111111111111,0.0,0.0,0.0,1.0,0.625,,1,0,8,0,0.5,9,1.0,GAO,
ensemble_document,codebook_no_examples_with_checklist,pooled_coder_labels,pooled_coder_decisions,equal_weight_models,18,12,6,6,0.6666666666666666,0.5,1.0,0.6666666666666666,1.0,0.9166666666666666,,6,0,6,6,0.5,18,1.0,Hurricane Katrina,
ensemble_document,codebook_no_examples_with_checklist,pooled_coder_labels,pooled_coder_decisions,equal_weight_models,11,11,0,6,0.5454545454545454,0.5454545454545454,1.0,0.7058823529411765,,,single_reference_class,0,0,5,6,0.5,11,1.0,PAR,
ensemble_document,codebook_no_examples_with_checklist,pooled_coder_labels__drop_kyle_only,pooled_coder_decisions,equal_weight_models,24,7,17,0,0.7083333333333334,0.0,0.0,0.0,1.0,0.6680672268907564,,17,0,7,0,0.5,24,1.0,EPA,
ensemble_document,codebook_no_examples_with_checklist,pooled_coder_labels__drop_kyle_only,pooled_coder_decisions,equal_weight_models,54,48,6,12,0.2962962962962963,0.22916666666666666,0.9166666666666666,0.36666666666666664,0.8333333333333334,0.5590277777777778,,5,1,37,11,0.5,56,0.9642857142857143,ERP Report,
ensemble_document,codebook_no_examples_with_checklist,pooled_coder_labels__drop_kyle_only,pooled_coder_decisions,equal_weight_models,5,5,0,0,0.0,0.0,0.0,0.0,,,single_reference_class,0,0,5,0,0.5,5,1.0,GAO,
ensemble_document,codebook_no_examples_with_checklist,pooled_coder_labels__drop_kyle_only,pooled_coder_decisions,equal_weight_models,18,12,6,6,0.6666666666666666,0.5,1.0,0.6666666666666666,1.0,0.9166666666666666,,6,0,6,6,0.5,18,1.0,Hurricane Katrina,
ensemble_document,codebook_no_examples_with_checklist,pooled_coder_labels__drop_kyle_only,pooled_coder_decisions,equal_weight_models,11,11,0,6,0.5454545454545454,0.5454545454545454,1.0,0.7058823529411765,,,single_reference_class,0,0,5,6,0.5,11,1.0,PAR,
ensemble_document,codebook_with_examples_no_checklist,all_paragraphs_new_gold_unlabeled_no,full_corpus_assumed_negative,equal_weight_models,22,5,17,1,0.8181818181818182,0.2,1.0,0.3333333333333333,1.0,0.45882352941176474,,17,0,4,1,0.5,22,1.0,EPA,
ensemble_document,codebook_with_examples_no_checklist,all_paragraphs_new_gold_unlabeled_no,full_corpus_assumed_negative,equal_weight_models,28,22,6,10,0.35714285714285715,0.3181818181818182,0.7,0.4375,0.5,0.4810606060606061,,3,3,15,7,0.5,28,1.0,ERP Report,
ensemble_document,codebook_with_examples_no_checklist,all_paragraphs_new_gold_unlabeled_no,full_corpus_assumed_negative,equal_weight_models,7,6,1,3,0.5714285714285714,0.5,1.0,0.6666666666666666,1.0,0.6666666666666666,,1,0,3,3,0.5,7,1.0,GAO,
ensemble_document,codebook_with_examples_no_checklist,all_paragraphs_new_gold_unlabeled_no,full_corpus_assumed_negative,equal_weight_models,11,5,6,3,0.6363636363636364,0.4,0.6666666666666666,0.5,0.8333333333333334,0.8,,5,1,3,2,0.5,11,1.0,Hurricane Katrina,
ensemble_document,codebook_with_examples_no_checklist,all_paragraphs_new_gold_unlabeled_no,full_corpus_assumed_negative,equal_weight_models,8,8,0,4,0.5,0.5,1.0,0.6666666666666666,,,single_reference_class,0,0,4,4,0.5,8,1.0,PAR,
ensemble_document,codebook_with_examples_no_checklist,all_paragraphs_new_gold_unlabeled_no__drop_kyle_only,full_corpus_assumed_negative,equal_weight_models,18,3,15,1,0.8888888888888888,0.3333333333333333,1.0,0.5,1.0,0.7333333333333334,,15,0,2,1,0.5,18,1.0,EPA,
ensemble_document,codebook_with_examples_no_checklist,all_paragraphs_new_gold_unlabeled_no__drop_kyle_only,full_corpus_assumed_negative,equal_weight_models,28,22,6,10,0.35714285714285715,0.3181818181818182,0.7,0.4375,0.5,0.4810606060606061,,3,3,15,7,0.5,28,1.0,ERP Report,
ensemble_document,codebook_with_examples_no_checklist,all_paragraphs_new_gold_unlabeled_no__drop_kyle_only,full_corpus_assumed_negative,equal_weight_models,3,3,0,2,0.6666666666666666,0.6666666666666666,1.0,0.8,,,single_reference_class,0,0,1,2,0.5,3,1.0,GAO,
ensemble_document,codebook_with_examples_no_checklist,all_paragraphs_new_gold_unlabeled_no__drop_kyle_only,full_corpus_assumed_negative,equal_weight_models,11,5,6,3,0.6363636363636364,0.4,0.6666666666666666,0.5,0.8333333333333334,0.8,,5,1,3,2,0.5,11,1.0,Hurricane Katrina,
ensemble_document,codebook_with_examples_no_checklist,all_paragraphs_new_gold_unlabeled_no__drop_kyle_only,full_corpus_assumed_negative,equal_weight_models,8,8,0,4,0.5,0.5,1.0,0.6666666666666666,,,single_reference_class,0,0,4,4,0.5,8,1.0,PAR,
ensemble_document,codebook_with_examples_no_checklist,labeler_anmol,individual_coder,equal_weight_models,6,2,4,1,0.8333333333333334,0.5,1.0,0.6666666666666666,1.0,1.0,,4,0,1,1,0.5,6,1.0,EPA,
ensemble_document,codebook_with_examples_no_checklist,labeler_anmol,individual_coder,equal_weight_models,28,22,6,10,0.35714285714285715,0.3181818181818182,0.7,0.4375,0.5,0.4810606060606061,,3,3,15,7,0.5,28,1.0,ERP Report,
ensemble_document,codebook_with_examples_no_checklist,labeler_anmol,individual_coder,equal_weight_models,3,3,0,2,0.6666666666666666,0.6666666666666666,1.0,0.8,,,single_reference_class,0,0,1,2,0.5,3,1.0,GAO,
ensemble_document,codebook_with_examples_no_checklist,labeler_anmol,individual_coder,equal_weight_models,9,5,4,3,0.5555555555555556,0.4,0.6666666666666666,0.5,0.75,0.7,,3,1,3,2,0.5,9,1.0,Hurricane Katrina,
ensemble_document,codebook_with_examples_no_checklist,labeler_anmol,individual_coder,equal_weight_models,7,7,0,3,0.42857142857142855,0.42857142857142855,1.0,0.6,,,single_reference_class,0,0,4,3,0.5,7,1.0,PAR,
ensemble_document,codebook_with_examples_no_checklist,labeler_anmol__drop_kyle_only,individual_coder,equal_weight_models,6,2,4,1,0.8333333333333334,0.5,1.0,0.6666666666666666,1.0,1.0,,4,0,1,1,0.5,6,1.0,EPA,
ensemble_document,codebook_with_examples_no_checklist,labeler_anmol__drop_kyle_only,individual_coder,equal_weight_models,28,22,6,10,0.35714285714285715,0.3181818181818182,0.7,0.4375,0.5,0.4810606060606061,,3,3,15,7,0.5,28,1.0,ERP Report,
ensemble_document,codebook_with_examples_no_checklist,labeler_anmol__drop_kyle_only,individual_coder,equal_weight_models,3,3,0,2,0.6666666666666666,0.6666666666666666,1.0,0.8,,,single_reference_class,0,0,1,2,0.5,3,1.0,GAO,
ensemble_document,codebook_with_examples_no_checklist,labeler_anmol__drop_kyle_only,individual_coder,equal_weight_models,9,5,4,3,0.5555555555555556,0.4,0.6666666666666666,0.5,0.75,0.7,,3,1,3,2,0.5,9,1.0,Hurricane Katrina,
ensemble_document,codebook_with_examples_no_checklist,labeler_anmol__drop_kyle_only,individual_coder,equal_weight_models,7,7,0,3,0.42857142857142855,0.42857142857142855,1.0,0.6,,,single_reference_class,0,0,4,3,0.5,7,1.0,PAR,
ensemble_document,codebook_with_examples_no_checklist,labeler_kyle,individual_coder,equal_weight_models,8,6,2,0,0.25,0.0,0.0,0.0,1.0,0.5,,2,0,6,0,0.5,8,1.0,EPA,
ensemble_document,codebook_with_examples_no_checklist,labeler_kyle,individual_coder,equal_weight_models,28,28,0,10,0.35714285714285715,0.35714285714285715,1.0,0.5263157894736842,,,single_reference_class,0,0,18,10,0.5,28,1.0,ERP Report,
ensemble_document,codebook_with_examples_no_checklist,labeler_kyle,individual_coder,equal_weight_models,6,5,1,2,0.5,0.4,1.0,0.5714285714285714,1.0,0.6,,1,0,3,2,0.5,6,1.0,GAO,
ensemble_document,codebook_with_examples_no_checklist,labeler_kyle,individual_coder,equal_weight_models,9,7,2,3,0.5555555555555556,0.42857142857142855,1.0,0.6,1.0,0.75,,2,0,4,3,0.5,9,1.0,Hurricane Katrina,
ensemble_document,codebook_with_examples_no_checklist,labeler_kyle__drop_kyle_only,individual_coder,equal_weight_models,4,4,0,0,0.0,0.0,0.0,0.0,,,single_reference_class,0,0,4,0,0.5,4,1.0,EPA,
ensemble_document,codebook_with_examples_no_checklist,labeler_kyle__drop_kyle_only,individual_coder,equal_weight_models,28,28,0,10,0.35714285714285715,0.35714285714285715,1.0,0.5263157894736842,,,single_reference_class,0,0,18,10,0.5,28,1.0,ERP Report,
ensemble_document,codebook_with_examples_no_checklist,labeler_kyle__drop_kyle_only,individual_coder,equal_weight_models,2,2,0,1,0.5,0.5,1.0,0.6666666666666666,,,single_reference_class,0,0,1,1,0.5,2,1.0,GAO,
ensemble_document,codebook_with_examples_no_checklist,labeler_kyle__drop_kyle_only,individual_coder,equal_weight_models,9,7,2,3,0.5555555555555556,0.42857142857142855,1.0,0.6,1.0,0.75,,2,0,4,3,0.5,9,1.0,Hurricane Katrina,
ensemble_document,codebook_with_examples_no_checklist,labeler_prerana,individual_coder,equal_weight_models,14,1,13,0,0.9285714285714286,0.0,0.0,0.0,1.0,0.3076923076923077,,13,0,1,0,0.5,14,1.0,EPA,
ensemble_document,codebook_with_examples_no_checklist,labeler_prerana,individual_coder,equal_weight_models,4,4,0,3,0.75,0.75,1.0,0.8571428571428571,,,single_reference_class,0,0,1,3,0.5,4,1.0,PAR,
ensemble_document,codebook_with_examples_no_checklist,labeler_prerana__drop_kyle_only,individual_coder,equal_weight_models,14,1,13,0,0.9285714285714286,0.0,0.0,0.0,1.0,0.3076923076923077,,13,0,1,0,0.5,14,1.0,EPA,
ensemble_document,codebook_with_examples_no_checklist,labeler_prerana__drop_kyle_only,individual_coder,equal_weight_models,4,4,0,3,0.75,0.75,1.0,0.8571428571428571,,,single_reference_class,0,0,1,3,0.5,4,1.0,PAR,
ensemble_document,codebook_with_examples_no_checklist,new_gold_test_only,new_gold,equal_weight_models,22,5,17,1,0.8181818181818182,0.2,1.0,0.3333333333333333,1.0,0.45882352941176474,,17,0,4,1,0.5,22,1.0,EPA,
ensemble_document,codebook_with_examples_no_checklist,new_gold_test_only,new_gold,equal_weight_models,28,22,6,10,0.35714285714285715,0.3181818181818182,0.7,0.4375,0.5,0.4810606060606061,,3,3,15,7,0.5,28,1.0,ERP Report,
ensemble_document,codebook_with_examples_no_checklist,new_gold_test_only,new_gold,equal_weight_models,7,6,1,3,0.5714285714285714,0.5,1.0,0.6666666666666666,1.0,0.6666666666666666,,1,0,3,3,0.5,7,1.0,GAO,
ensemble_document,codebook_with_examples_no_checklist,new_gold_test_only,new_gold,equal_weight_models,11,5,6,3,0.6363636363636364,0.4,0.6666666666666666,0.5,0.8333333333333334,0.8,,5,1,3,2,0.5,11,1.0,Hurricane Katrina,
ensemble_document,codebook_with_examples_no_checklist,new_gold_test_only,new_gold,equal_weight_models,8,8,0,4,0.5,0.5,1.0,0.6666666666666666,,,single_reference_class,0,0,4,4,0.5,8,1.0,PAR,
ensemble_document,codebook_with_examples_no_checklist,new_gold_test_only__drop_kyle_only,new_gold,equal_weight_models,18,3,15,1,0.8888888888888888,0.3333333333333333,1.0,0.5,1.0,0.7333333333333334,,15,0,2,1,0.5,18,1.0,EPA,
ensemble_document,codebook_with_examples_no_checklist,new_gold_test_only__drop_kyle_only,new_gold,equal_weight_models,28,22,6,10,0.35714285714285715,0.3181818181818182,0.7,0.4375,0.5,0.4810606060606061,,3,3,15,7,0.5,28,1.0,ERP Report,
ensemble_document,codebook_with_examples_no_checklist,new_gold_test_only__drop_kyle_only,new_gold,equal_weight_models,3,3,0,2,0.6666666666666666,0.6666666666666666,1.0,0.8,,,single_reference_class,0,0,1,2,0.5,3,1.0,GAO,
ensemble_document,codebook_with_examples_no_checklist,new_gold_test_only__drop_kyle_only,new_gold,equal_weight_models,11,5,6,3,0.6363636363636364,0.4,0.6666666666666666,0.5,0.8333333333333334,0.8,,5,1,3,2,0.5,11,1.0,Hurricane Katrina,
ensemble_document,codebook_with_examples_no_checklist,new_gold_test_only__drop_kyle_only,new_gold,equal_weight_models,8,8,0,4,0.5,0.5,1.0,0.6666666666666666,,,single_reference_class,0,0,4,4,0.5,8,1.0,PAR,
ensemble_document,codebook_with_examples_no_checklist,old_gold_test_only,old_gold,equal_weight_models,22,13,9,1,0.45454545454545453,0.07692307692307693,1.0,0.14285714285714285,1.0,0.5897435897435898,,9,0,12,1,0.5,22,1.0,EPA,
ensemble_document,codebook_with_examples_no_checklist,old_gold_test_only,old_gold,equal_weight_models,28,22,6,10,0.35714285714285715,0.3181818181818182,0.7,0.4375,0.5,0.4810606060606061,,3,3,15,7,0.5,28,1.0,ERP Report,
ensemble_document,codebook_with_examples_no_checklist,old_gold_test_only,old_gold,equal_weight_models,7,6,1,3,0.5714285714285714,0.5,1.0,0.6666666666666666,1.0,0.6666666666666666,,1,0,3,3,0.5,7,1.0,GAO,
ensemble_document,codebook_with_examples_no_checklist,old_gold_test_only,old_gold,equal_weight_models,11,5,6,3,0.6363636363636364,0.4,0.6666666666666666,0.5,0.8333333333333334,0.8,,5,1,3,2,0.5,11,1.0,Hurricane Katrina,
ensemble_document,codebook_with_examples_no_checklist,old_gold_test_only,old_gold,equal_weight_models,8,8,0,4,0.5,0.5,1.0,0.6666666666666666,,,single_reference_class,0,0,4,4,0.5,8,1.0,PAR,
ensemble_document,codebook_with_examples_no_checklist,old_gold_test_only__drop_kyle_only,old_gold,equal_weight_models,18,11,7,1,0.4444444444444444,0.09090909090909091,1.0,0.16666666666666666,1.0,0.6753246753246753,,7,0,10,1,0.5,18,1.0,EPA,
ensemble_document,codebook_with_examples_no_checklist,old_gold_test_only__drop_kyle_only,old_gold,equal_weight_models,28,22,6,10,0.35714285714285715,0.3181818181818182,0.7,0.4375,0.5,0.4810606060606061,,3,3,15,7,0.5,28,1.0,ERP Report,
ensemble_document,codebook_with_examples_no_checklist,old_gold_test_only__drop_kyle_only,old_gold,equal_weight_models,3,3,0,2,0.6666666666666666,0.6666666666666666,1.0,0.8,,,single_reference_class,0,0,1,2,0.5,3,1.0,GAO,
ensemble_document,codebook_with_examples_no_checklist,old_gold_test_only__drop_kyle_only,old_gold,equal_weight_models,11,5,6,3,0.6363636363636364,0.4,0.6666666666666666,0.5,0.8333333333333334,0.8,,5,1,3,2,0.5,11,1.0,Hurricane Katrina,
ensemble_document,codebook_with_examples_no_checklist,old_gold_test_only__drop_kyle_only,old_gold,equal_weight_models,8,8,0,4,0.5,0.5,1.0,0.6666666666666666,,,single_reference_class,0,0,4,4,0.5,8,1.0,PAR,
ensemble_document,codebook_with_examples_no_checklist,pooled_coder_labels,pooled_coder_decisions,equal_weight_models,28,9,19,1,0.7142857142857143,0.1111111111111111,1.0,0.2,1.0,0.5467836257309941,,19,0,8,1,0.5,28,1.0,EPA,
ensemble_document,codebook_with_examples_no_checklist,pooled_coder_labels,pooled_coder_decisions,equal_weight_models,56,50,6,20,0.35714285714285715,0.34,0.85,0.4857142857142857,0.5,0.4833333333333333,,3,3,33,17,0.5,56,1.0,ERP Report,
ensemble_document,codebook_with_examples_no_checklist,pooled_coder_labels,pooled_coder_decisions,equal_weight_models,9,8,1,4,0.5555555555555556,0.5,1.0,0.6666666666666666,1.0,0.625,,1,0,4,4,0.5,9,1.0,GAO,
ensemble_document,codebook_with_examples_no_checklist,pooled_coder_labels,pooled_coder_decisions,equal_weight_models,18,12,6,6,0.5555555555555556,0.4166666666666667,0.8333333333333334,0.5555555555555556,0.8333333333333334,0.7083333333333334,,5,1,7,5,0.5,18,1.0,Hurricane Katrina,
ensemble_document,codebook_with_examples_no_checklist,pooled_coder_labels,pooled_coder_decisions,equal_weight_models,11,11,0,6,0.5454545454545454,0.5454545454545454,1.0,0.7058823529411765,,,single_reference_class,0,0,5,6,0.5,11,1.0,PAR,
ensemble_document,codebook_with_examples_no_checklist,pooled_coder_labels__drop_kyle_only,pooled_coder_decisions,equal_weight_models,24,7,17,1,0.75,0.14285714285714285,1.0,0.25,1.0,0.6848739495798319,,17,0,6,1,0.5,24,1.0,EPA,
ensemble_document,codebook_with_examples_no_checklist,pooled_coder_labels__drop_kyle_only,pooled_coder_decisions,equal_weight_models,56,50,6,20,0.35714285714285715,0.34,0.85,0.4857142857142857,0.5,0.4833333333333333,,3,3,33,17,0.5,56,1.0,ERP Report,
ensemble_document,codebook_with_examples_no_checklist,pooled_coder_labels__drop_kyle_only,pooled_coder_decisions,equal_weight_models,5,5,0,3,0.6,0.6,1.0,0.75,,,single_reference_class,0,0,2,3,0.5,5,1.0,GAO,
ensemble_document,codebook_with_examples_no_checklist,pooled_coder_labels__drop_kyle_only,pooled_coder_decisions,equal_weight_models,18,12,6,6,0.5555555555555556,0.4166666666666667,0.8333333333333334,0.5555555555555556,0.8333333333333334,0.7083333333333334,,5,1,7,5,0.5,18,1.0,Hurricane Katrina,
ensemble_document,codebook_with_examples_no_checklist,pooled_coder_labels__drop_kyle_only,pooled_coder_decisions,equal_weight_models,11,11,0,6,0.5454545454545454,0.5454545454545454,1.0,0.7058823529411765,,,single_reference_class,0,0,5,6,0.5,11,1.0,PAR,
ensemble_document,codebook_with_examples_with_checklist,all_paragraphs_new_gold_unlabeled_no,full_corpus_assumed_negative,equal_weight_models,22,5,17,0,0.7727272727272727,0.0,0.0,0.0,1.0,0.48235294117647054,,17,0,5,0,0.5,22,1.0,EPA,
ensemble_document,codebook_with_examples_with_checklist,all_paragraphs_new_gold_unlabeled_no,full_corpus_assumed_negative,equal_weight_models,26,20,6,8,0.3076923076923077,0.25,0.625,0.35714285714285715,0.5,0.48750000000000004,,3,3,15,5,0.5,28,0.9285714285714286,ERP Report,
ensemble_document,codebook_with_examples_with_checklist,all_paragraphs_new_gold_unlabeled_no,full_corpus_assumed_negative,equal_weight_models,7,6,1,1,0.2857142857142857,0.16666666666666666,1.0,0.2857142857142857,1.0,0.8333333333333334,,1,0,5,1,0.5,7,1.0,GAO,
ensemble_document,codebook_with_examples_with_checklist,all_paragraphs_new_gold_unlabeled_no,full_corpus_assumed_negative,equal_weight_models,11,5,6,2,0.7272727272727273,0.4,1.0,0.5714285714285714,1.0,0.9,,6,0,3,2,0.5,11,1.0,Hurricane Katrina,
ensemble_document,codebook_with_examples_with_checklist,all_paragraphs_new_gold_unlabeled_no,full_corpus_assumed_negative,equal_weight_models,8,8,0,3,0.375,0.375,1.0,0.5454545454545454,,,single_reference_class,0,0,5,3,0.5,8,1.0,PAR,
ensemble_document,codebook_with_examples_with_checklist,all_paragraphs_new_gold_unlabeled_no__drop_kyle_only,full_corpus_assumed_negative,equal_weight_models,18,3,15,0,0.8333333333333334,0.0,0.0,0.0,1.0,0.7222222222222222,,15,0,3,0,0.5,18,1.0,EPA,
ensemble_document,codebook_with_examples_with_checklist,all_paragraphs_new_gold_unlabeled_no__drop_kyle_only,full_corpus_assumed_negative,equal_weight_models,26,20,6,8,0.3076923076923077,0.25,0.625,0.35714285714285715,0.5,0.48750000000000004,,3,3,15,5,0.5,28,0.9285714285714286,ERP Report,
ensemble_document,codebook_with_examples_with_checklist,all_paragraphs_new_gold_unlabeled_no__drop_kyle_only,full_corpus_assumed_negative,equal_weight_models,3,3,0,0,0.0,0.0,0.0,0.0,,,single_reference_class,0,0,3,0,0.5,3,1.0,GAO,
ensemble_document,codebook_with_examples_with_checklist,all_paragraphs_new_gold_unlabeled_no__drop_kyle_only,full_corpus_assumed_negative,equal_weight_models,11,5,6,2,0.7272727272727273,0.4,1.0,0.5714285714285714,1.0,0.9,,6,0,3,2,0.5,11,1.0,Hurricane Katrina,
ensemble_document,codebook_with_examples_with_checklist,all_paragraphs_new_gold_unlabeled_no__drop_kyle_only,full_corpus_assumed_negative,equal_weight_models,8,8,0,3,0.375,0.375,1.0,0.5454545454545454,,,single_reference_class,0,0,5,3,0.5,8,1.0,PAR,
ensemble_document,codebook_with_examples_with_checklist,labeler_anmol,individual_coder,equal_weight_models,6,2,4,0,0.6666666666666666,0.0,0.0,0.0,1.0,1.0,,4,0,2,0,0.5,6,1.0,EPA,
ensemble_document,codebook_with_examples_with_checklist,labeler_anmol,individual_coder,equal_weight_models,26,20,6,8,0.3076923076923077,0.25,0.625,0.35714285714285715,0.5,0.48750000000000004,,3,3,15,5,0.5,28,0.9285714285714286,ERP Report,
ensemble_document,codebook_with_examples_with_checklist,labeler_anmol,individual_coder,equal_weight_models,3,3,0,0,0.0,0.0,0.0,0.0,,,single_reference_class,0,0,3,0,0.5,3,1.0,GAO,
ensemble_document,codebook_with_examples_with_checklist,labeler_anmol,individual_coder,equal_weight_models,9,5,4,2,0.6666666666666666,0.4,1.0,0.5714285714285714,1.0,0.8500000000000001,,4,0,3,2,0.5,9,1.0,Hurricane Katrina,
ensemble_document,codebook_with_examples_with_checklist,labeler_anmol,individual_coder,equal_weight_models,7,7,0,2,0.2857142857142857,0.2857142857142857,1.0,0.4444444444444444,,,single_reference_class,0,0,5,2,0.5,7,1.0,PAR,
ensemble_document,codebook_with_examples_with_checklist,labeler_anmol__drop_kyle_only,individual_coder,equal_weight_models,6,2,4,0,0.6666666666666666,0.0,0.0,0.0,1.0,1.0,,4,0,2,0,0.5,6,1.0,EPA,
ensemble_document,codebook_with_examples_with_checklist,labeler_anmol__drop_kyle_only,individual_coder,equal_weight_models,26,20,6,8,0.3076923076923077,0.25,0.625,0.35714285714285715,0.5,0.48750000000000004,,3,3,15,5,0.5,28,0.9285714285714286,ERP Report,
ensemble_document,codebook_with_examples_with_checklist,labeler_anmol__drop_kyle_only,individual_coder,equal_weight_models,3,3,0,0,0.0,0.0,0.0,0.0,,,single_reference_class,0,0,3,0,0.5,3,1.0,GAO,
ensemble_document,codebook_with_examples_with_checklist,labeler_anmol__drop_kyle_only,individual_coder,equal_weight_models,9,5,4,2,0.6666666666666666,0.4,1.0,0.5714285714285714,1.0,0.8500000000000001,,4,0,3,2,0.5,9,1.0,Hurricane Katrina,
ensemble_document,codebook_with_examples_with_checklist,labeler_anmol__drop_kyle_only,individual_coder,equal_weight_models,7,7,0,2,0.2857142857142857,0.2857142857142857,1.0,0.4444444444444444,,,single_reference_class,0,0,5,2,0.5,7,1.0,PAR,
ensemble_document,codebook_with_examples_with_checklist,labeler_kyle,individual_coder,equal_weight_models,8,6,2,0,0.25,0.0,0.0,0.0,1.0,0.5,,2,0,6,0,0.5,8,1.0,EPA,
ensemble_document,codebook_with_examples_with_checklist,labeler_kyle,individual_coder,equal_weight_models,26,26,0,8,0.3076923076923077,0.3076923076923077,1.0,0.47058823529411764,,,single_reference_class,0,0,18,8,0.5,28,0.9285714285714286,ERP Report,
ensemble_document,codebook_with_examples_with_checklist,labeler_kyle,individual_coder,equal_weight_models,6,5,1,1,0.3333333333333333,0.2,1.0,0.3333333333333333,1.0,0.8,,1,0,4,1,0.5,6,1.0,GAO,
ensemble_document,codebook_with_examples_with_checklist,labeler_kyle,individual_coder,equal_weight_models,9,7,2,2,0.4444444444444444,0.2857142857142857,1.0,0.4444444444444444,1.0,0.8571428571428572,,2,0,5,2,0.5,9,1.0,Hurricane Katrina,
ensemble_document,codebook_with_examples_with_checklist,labeler_kyle__drop_kyle_only,individual_coder,equal_weight_models,4,4,0,0,0.0,0.0,0.0,0.0,,,single_reference_class,0,0,4,0,0.5,4,1.0,EPA,
ensemble_document,codebook_with_examples_with_checklist,labeler_kyle__drop_kyle_only,individual_coder,equal_weight_models,26,26,0,8,0.3076923076923077,0.3076923076923077,1.0,0.47058823529411764,,,single_reference_class,0,0,18,8,0.5,28,0.9285714285714286,ERP Report,
ensemble_document,codebook_with_examples_with_checklist,labeler_kyle__drop_kyle_only,individual_coder,equal_weight_models,2,2,0,0,0.0,0.0,0.0,0.0,,,single_reference_class,0,0,2,0,0.5,2,1.0,GAO,
ensemble_document,codebook_with_examples_with_checklist,labeler_kyle__drop_kyle_only,individual_coder,equal_weight_models,9,7,2,2,0.4444444444444444,0.2857142857142857,1.0,0.4444444444444444,1.0,0.8571428571428572,,2,0,5,2,0.5,9,1.0,Hurricane Katrina,
ensemble_document,codebook_with_examples_with_checklist,labeler_prerana,individual_coder,equal_weight_models,14,1,13,0,0.9285714285714286,0.0,0.0,0.0,1.0,0.4230769230769231,,13,0,1,0,0.5,14,1.0,EPA,
ensemble_document,codebook_with_examples_with_checklist,labeler_prerana,individual_coder,equal_weight_models,4,4,0,3,0.75,0.75,1.0,0.8571428571428571,,,single_reference_class,0,0,1,3,0.5,4,1.0,PAR,
ensemble_document,codebook_with_examples_with_checklist,labeler_prerana__drop_kyle_only,individual_coder,equal_weight_models,14,1,13,0,0.9285714285714286,0.0,0.0,0.0,1.0,0.4230769230769231,,13,0,1,0,0.5,14,1.0,EPA,
ensemble_document,codebook_with_examples_with_checklist,labeler_prerana__drop_kyle_only,individual_coder,equal_weight_models,4,4,0,3,0.75,0.75,1.0,0.8571428571428571,,,single_reference_class,0,0,1,3,0.5,4,1.0,PAR,
ensemble_document,codebook_with_examples_with_checklist,new_gold_test_only,new_gold,equal_weight_models,22,5,17,0,0.7727272727272727,0.0,0.0,0.0,1.0,0.48235294117647054,,17,0,5,0,0.5,22,1.0,EPA,
ensemble_document,codebook_with_examples_with_checklist,new_gold_test_only,new_gold,equal_weight_models,26,20,6,8,0.3076923076923077,0.25,0.625,0.35714285714285715,0.5,0.48750000000000004,,3,3,15,5,0.5,28,0.9285714285714286,ERP Report,
ensemble_document,codebook_with_examples_with_checklist,new_gold_test_only,new_gold,equal_weight_models,7,6,1,1,0.2857142857142857,0.16666666666666666,1.0,0.2857142857142857,1.0,0.8333333333333334,,1,0,5,1,0.5,7,1.0,GAO,
ensemble_document,codebook_with_examples_with_checklist,new_gold_test_only,new_gold,equal_weight_models,11,5,6,2,0.7272727272727273,0.4,1.0,0.5714285714285714,1.0,0.9,,6,0,3,2,0.5,11,1.0,Hurricane Katrina,
ensemble_document,codebook_with_examples_with_checklist,new_gold_test_only,new_gold,equal_weight_models,8,8,0,3,0.375,0.375,1.0,0.5454545454545454,,,single_reference_class,0,0,5,3,0.5,8,1.0,PAR,
ensemble_document,codebook_with_examples_with_checklist,new_gold_test_only__drop_kyle_only,new_gold,equal_weight_models,18,3,15,0,0.8333333333333334,0.0,0.0,0.0,1.0,0.7222222222222222,,15,0,3,0,0.5,18,1.0,EPA,
ensemble_document,codebook_with_examples_with_checklist,new_gold_test_only__drop_kyle_only,new_gold,equal_weight_models,26,20,6,8,0.3076923076923077,0.25,0.625,0.35714285714285715,0.5,0.48750000000000004,,3,3,15,5,0.5,28,0.9285714285714286,ERP Report,
ensemble_document,codebook_with_examples_with_checklist,new_gold_test_only__drop_kyle_only,new_gold,equal_weight_models,3,3,0,0,0.0,0.0,0.0,0.0,,,single_reference_class,0,0,3,0,0.5,3,1.0,GAO,
ensemble_document,codebook_with_examples_with_checklist,new_gold_test_only__drop_kyle_only,new_gold,equal_weight_models,11,5,6,2,0.7272727272727273,0.4,1.0,0.5714285714285714,1.0,0.9,,6,0,3,2,0.5,11,1.0,Hurricane Katrina,
ensemble_document,codebook_with_examples_with_checklist,new_gold_test_only__drop_kyle_only,new_gold,equal_weight_models,8,8,0,3,0.375,0.375,1.0,0.5454545454545454,,,single_reference_class,0,0,5,3,0.5,8,1.0,PAR,
ensemble_document,codebook_with_examples_with_checklist,old_gold_test_only,old_gold,equal_weight_models,22,13,9,0,0.4090909090909091,0.0,0.0,0.0,1.0,0.5427350427350428,,9,0,13,0,0.5,22,1.0,EPA,
ensemble_document,codebook_with_examples_with_checklist,old_gold_test_only,old_gold,equal_weight_models,26,20,6,8,0.3076923076923077,0.25,0.625,0.35714285714285715,0.5,0.48750000000000004,,3,3,15,5,0.5,28,0.9285714285714286,ERP Report,
ensemble_document,codebook_with_examples_with_checklist,old_gold_test_only,old_gold,equal_weight_models,7,6,1,1,0.2857142857142857,0.16666666666666666,1.0,0.2857142857142857,1.0,0.8333333333333334,,1,0,5,1,0.5,7,1.0,GAO,
ensemble_document,codebook_with_examples_with_checklist,old_gold_test_only,old_gold,equal_weight_models,11,5,6,2,0.7272727272727273,0.4,1.0,0.5714285714285714,1.0,0.9,,6,0,3,2,0.5,11,1.0,Hurricane Katrina,
ensemble_document,codebook_with_examples_with_checklist,old_gold_test_only,old_gold,equal_weight_models,8,8,0,3,0.375,0.375,1.0,0.5454545454545454,,,single_reference_class,0,0,5,3,0.5,8,1.0,PAR,
ensemble_document,codebook_with_examples_with_checklist,old_gold_test_only__drop_kyle_only,old_gold,equal_weight_models,18,11,7,0,0.3888888888888889,0.0,0.0,0.0,1.0,0.6038961038961039,,7,0,11,0,0.5,18,1.0,EPA,
ensemble_document,codebook_with_examples_with_checklist,old_gold_test_only__drop_kyle_only,old_gold,equal_weight_models,26,20,6,8,0.3076923076923077,0.25,0.625,0.35714285714285715,0.5,0.48750000000000004,,3,3,15,5,0.5,28,0.9285714285714286,ERP Report,
ensemble_document,codebook_with_examples_with_checklist,old_gold_test_only__drop_kyle_only,old_gold,equal_weight_models,3,3,0,0,0.0,0.0,0.0,0.0,,,single_reference_class,0,0,3,0,0.5,3,1.0,GAO,
ensemble_document,codebook_with_examples_with_checklist,old_gold_test_only__drop_kyle_only,old_gold,equal_weight_models,11,5,6,2,0.7272727272727273,0.4,1.0,0.5714285714285714,1.0,0.9,,6,0,3,2,0.5,11,1.0,Hurricane Katrina,
ensemble_document,codebook_with_examples_with_checklist,old_gold_test_only__drop_kyle_only,old_gold,equal_weight_models,8,8,0,3,0.375,0.375,1.0,0.5454545454545454,,,single_reference_class,0,0,5,3,0.5,8,1.0,PAR,
ensemble_document,codebook_with_examples_with_checklist,pooled_coder_labels,pooled_coder_decisions,equal_weight_models,28,9,19,0,0.6785714285714286,0.0,0.0,0.0,1.0,0.5701754385964912,,19,0,9,0,0.5,28,1.0,EPA,
ensemble_document,codebook_with_examples_with_checklist,pooled_coder_labels,pooled_coder_decisions,equal_weight_models,52,46,6,16,0.3076923076923077,0.2826086956521739,0.8125,0.41935483870967744,0.5,0.48913043478260865,,3,3,33,13,0.5,56,0.9285714285714286,ERP Report,
ensemble_document,codebook_with_examples_with_checklist,pooled_coder_labels,pooled_coder_decisions,equal_weight_models,9,8,1,1,0.2222222222222222,0.125,1.0,0.2222222222222222,1.0,0.875,,1,0,7,1,0.5,9,1.0,GAO,
ensemble_document,codebook_with_examples_with_checklist,pooled_coder_labels,pooled_coder_decisions,equal_weight_models,18,12,6,4,0.5555555555555556,0.3333333333333333,1.0,0.5,1.0,0.8333333333333333,,6,0,8,4,0.5,18,1.0,Hurricane Katrina,
ensemble_document,codebook_with_examples_with_checklist,pooled_coder_labels,pooled_coder_decisions,equal_weight_models,11,11,0,5,0.45454545454545453,0.45454545454545453,1.0,0.625,,,single_reference_class,0,0,6,5,0.5,11,1.0,PAR,
ensemble_document,codebook_with_examples_with_checklist,pooled_coder_labels__drop_kyle_only,pooled_coder_decisions,equal_weight_models,24,7,17,0,0.7083333333333334,0.0,0.0,0.0,1.0,0.6974789915966386,,17,0,7,0,0.5,24,1.0,EPA,
ensemble_document,codebook_with_examples_with_checklist,pooled_coder_labels__drop_kyle_only,pooled_coder_decisions,equal_weight_models,52,46,6,16,0.3076923076923077,0.2826086956521739,0.8125,0.41935483870967744,0.5,0.48913043478260865,,3,3,33,13,0.5,56,0.9285714285714286,ERP Report,
ensemble_document,codebook_with_examples_with_checklist,pooled_coder_labels__drop_kyle_only,pooled_coder_decisions,equal_weight_models,5,5,0,0,0.0,0.0,0.0,0.0,,,single_reference_class,0,0,5,0,0.5,5,1.0,GAO,
ensemble_document,codebook_with_examples_with_checklist,pooled_coder_labels__drop_kyle_only,pooled_coder_decisions,equal_weight_models,18,12,6,4,0.5555555555555556,0.3333333333333333,1.0,0.5,1.0,0.8333333333333333,,6,0,8,4,0.5,18,1.0,Hurricane Katrina,
ensemble_document,codebook_with_examples_with_checklist,pooled_coder_labels__drop_kyle_only,pooled_coder_decisions,equal_weight_models,11,11,0,5,0.45454545454545453,0.45454545454545453,1.0,0.625,,,single_reference_class,0,0,6,5,0.5,11,1.0,PAR,
ensemble_document,direct_target_only,all_paragraphs_new_gold_unlabeled_no,full_corpus_assumed_negative,equal_weight_models,22,5,17,1,0.8181818181818182,0.2,1.0,0.3333333333333333,1.0,0.49411764705882355,,17,0,4,1,0.5,22,1.0,EPA,
ensemble_document,direct_target_only,all_paragraphs_new_gold_unlabeled_no,full_corpus_assumed_negative,equal_weight_models,28,22,6,3,0.25,0.09090909090909091,0.6666666666666666,0.16,0.8333333333333334,0.5606060606060606,,5,1,20,2,0.5,28,1.0,ERP Report,
ensemble_document,direct_target_only,all_paragraphs_new_gold_unlabeled_no,full_corpus_assumed_negative,equal_weight_models,7,6,1,1,0.2857142857142857,0.16666666666666666,1.0,0.2857142857142857,1.0,0.6666666666666666,,1,0,5,1,0.5,7,1.0,GAO,
ensemble_document,direct_target_only,all_paragraphs_new_gold_unlabeled_no,full_corpus_assumed_negative,equal_weight_models,11,5,6,4,0.9090909090909091,0.8,1.0,0.8888888888888888,1.0,0.9333333333333333,,6,0,1,4,0.5,11,1.0,Hurricane Katrina,
ensemble_document,direct_target_only,all_paragraphs_new_gold_unlabeled_no,full_corpus_assumed_negative,equal_weight_models,8,8,0,4,0.5,0.5,1.0,0.6666666666666666,,,single_reference_class,0,0,4,4,0.5,8,1.0,PAR,
ensemble_document,direct_target_only,all_paragraphs_new_gold_unlabeled_no__drop_kyle_only,full_corpus_assumed_negative,equal_weight_models,18,3,15,1,0.8888888888888888,0.3333333333333333,1.0,0.5,1.0,0.7333333333333333,,15,0,2,1,0.5,18,1.0,EPA,
ensemble_document,direct_target_only,all_paragraphs_new_gold_unlabeled_no__drop_kyle_only,full_corpus_assumed_negative,equal_weight_models,28,22,6,3,0.25,0.09090909090909091,0.6666666666666666,0.16,0.8333333333333334,0.5606060606060606,,5,1,20,2,0.5,28,1.0,ERP Report,
ensemble_document,direct_target_only,all_paragraphs_new_gold_unlabeled_no__drop_kyle_only,full_corpus_assumed_negative,equal_weight_models,3,3,0,1,0.3333333333333333,0.3333333333333333,1.0,0.5,,,single_reference_class,0,0,2,1,0.5,3,1.0,GAO,
ensemble_document,direct_target_only,all_paragraphs_new_gold_unlabeled_no__drop_kyle_only,full_corpus_assumed_negative,equal_weight_models,11,5,6,4,0.9090909090909091,0.8,1.0,0.8888888888888888,1.0,0.9333333333333333,,6,0,1,4,0.5,11,1.0,Hurricane Katrina,
ensemble_document,direct_target_only,all_paragraphs_new_gold_unlabeled_no__drop_kyle_only,full_corpus_assumed_negative,equal_weight_models,8,8,0,4,0.5,0.5,1.0,0.6666666666666666,,,single_reference_class,0,0,4,4,0.5,8,1.0,PAR,
ensemble_document,direct_target_only,labeler_anmol,individual_coder,equal_weight_models,6,2,4,1,0.8333333333333334,0.5,1.0,0.6666666666666666,1.0,1.0,,4,0,1,1,0.5,6,1.0,EPA,
ensemble_document,direct_target_only,labeler_anmol,individual_coder,equal_weight_models,28,22,6,3,0.25,0.09090909090909091,0.6666666666666666,0.16,0.8333333333333334,0.5606060606060606,,5,1,20,2,0.5,28,1.0,ERP Report,
ensemble_document,direct_target_only,labeler_anmol,individual_coder,equal_weight_models,3,3,0,1,0.3333333333333333,0.3333333333333333,1.0,0.5,,,single_reference_class,0,0,2,1,0.5,3,1.0,GAO,
ensemble_document,direct_target_only,labeler_anmol,individual_coder,equal_weight_models,9,5,4,4,0.8888888888888888,0.8,1.0,0.8888888888888888,1.0,0.9,,4,0,1,4,0.5,9,1.0,Hurricane Katrina,
ensemble_document,direct_target_only,labeler_anmol,individual_coder,equal_weight_models,7,7,0,3,0.42857142857142855,0.42857142857142855,1.0,0.6,,,single_reference_class,0,0,4,3,0.5,7,1.0,PAR,
ensemble_document,direct_target_only,labeler_anmol__drop_kyle_only,individual_coder,equal_weight_models,6,2,4,1,0.8333333333333334,0.5,1.0,0.6666666666666666,1.0,1.0,,4,0,1,1,0.5,6,1.0,EPA,
ensemble_document,direct_target_only,labeler_anmol__drop_kyle_only,individual_coder,equal_weight_models,28,22,6,3,0.25,0.09090909090909091,0.6666666666666666,0.16,0.8333333333333334,0.5606060606060606,,5,1,20,2,0.5,28,1.0,ERP Report,
ensemble_document,direct_target_only,labeler_anmol__drop_kyle_only,individual_coder,equal_weight_models,3,3,0,1,0.3333333333333333,0.3333333333333333,1.0,0.5,,,single_reference_class,0,0,2,1,0.5,3,1.0,GAO,
ensemble_document,direct_target_only,labeler_anmol__drop_kyle_only,individual_coder,equal_weight_models,9,5,4,4,0.8888888888888888,0.8,1.0,0.8888888888888888,1.0,0.9,,4,0,1,4,0.5,9,1.0,Hurricane Katrina,
ensemble_document,direct_target_only,labeler_anmol__drop_kyle_only,individual_coder,equal_weight_models,7,7,0,3,0.42857142857142855,0.42857142857142855,1.0,0.6,,,single_reference_class,0,0,4,3,0.5,7,1.0,PAR,
ensemble_document,direct_target_only,labeler_kyle,individual_coder,equal_weight_models,8,6,2,0,0.25,0.0,0.0,0.0,1.0,0.6666666666666667,,2,0,6,0,0.5,8,1.0,EPA,
ensemble_document,direct_target_only,labeler_kyle,individual_coder,equal_weight_models,28,28,0,3,0.10714285714285714,0.10714285714285714,1.0,0.1935483870967742,,,single_reference_class,0,0,25,3,0.5,28,1.0,ERP Report,
ensemble_document,direct_target_only,labeler_kyle,individual_coder,equal_weight_models,6,5,1,1,0.3333333333333333,0.2,1.0,0.3333333333333333,1.0,0.6,,1,0,4,1,0.5,6,1.0,GAO,
ensemble_document,direct_target_only,labeler_kyle,individual_coder,equal_weight_models,9,7,2,4,0.6666666666666666,0.5714285714285714,1.0,0.7272727272727273,1.0,0.7857142857142857,,2,0,3,4,0.5,9,1.0,Hurricane Katrina,
ensemble_document,direct_target_only,labeler_kyle__drop_kyle_only,individual_coder,equal_weight_models,4,4,0,0,0.0,0.0,0.0,0.0,,,single_reference_class,0,0,4,0,0.5,4,1.0,EPA,
ensemble_document,direct_target_only,labeler_kyle__drop_kyle_only,individual_coder,equal_weight_models,28,28,0,3,0.10714285714285714,0.10714285714285714,1.0,0.1935483870967742,,,single_reference_class,0,0,25,3,0.5,28,1.0,ERP Report,
ensemble_document,direct_target_only,labeler_kyle__drop_kyle_only,individual_coder,equal_weight_models,2,2,0,1,0.5,0.5,1.0,0.6666666666666666,,,single_reference_class,0,0,1,1,0.5,2,1.0,GAO,
ensemble_document,direct_target_only,labeler_kyle__drop_kyle_only,individual_coder,equal_weight_models,9,7,2,4,0.6666666666666666,0.5714285714285714,1.0,0.7272727272727273,1.0,0.7857142857142857,,2,0,3,4,0.5,9,1.0,Hurricane Katrina,
ensemble_document,direct_target_only,labeler_prerana,individual_coder,equal_weight_models,14,1,13,0,0.9285714285714286,0.0,0.0,0.0,1.0,0.23076923076923073,,13,0,1,0,0.5,14,1.0,EPA,
ensemble_document,direct_target_only,labeler_prerana,individual_coder,equal_weight_models,4,4,0,3,0.75,0.75,1.0,0.8571428571428571,,,single_reference_class,0,0,1,3,0.5,4,1.0,PAR,
ensemble_document,direct_target_only,labeler_prerana__drop_kyle_only,individual_coder,equal_weight_models,14,1,13,0,0.9285714285714286,0.0,0.0,0.0,1.0,0.23076923076923073,,13,0,1,0,0.5,14,1.0,EPA,
ensemble_document,direct_target_only,labeler_prerana__drop_kyle_only,individual_coder,equal_weight_models,4,4,0,3,0.75,0.75,1.0,0.8571428571428571,,,single_reference_class,0,0,1,3,0.5,4,1.0,PAR,
ensemble_document,direct_target_only,new_gold_test_only,new_gold,equal_weight_models,22,5,17,1,0.8181818181818182,0.2,1.0,0.3333333333333333,1.0,0.49411764705882355,,17,0,4,1,0.5,22,1.0,EPA,
ensemble_document,direct_target_only,new_gold_test_only,new_gold,equal_weight_models,28,22,6,3,0.25,0.09090909090909091,0.6666666666666666,0.16,0.8333333333333334,0.5606060606060606,,5,1,20,2,0.5,28,1.0,ERP Report,
ensemble_document,direct_target_only,new_gold_test_only,new_gold,equal_weight_models,7,6,1,1,0.2857142857142857,0.16666666666666666,1.0,0.2857142857142857,1.0,0.6666666666666666,,1,0,5,1,0.5,7,1.0,GAO,
ensemble_document,direct_target_only,new_gold_test_only,new_gold,equal_weight_models,11,5,6,4,0.9090909090909091,0.8,1.0,0.8888888888888888,1.0,0.9333333333333333,,6,0,1,4,0.5,11,1.0,Hurricane Katrina,
ensemble_document,direct_target_only,new_gold_test_only,new_gold,equal_weight_models,8,8,0,4,0.5,0.5,1.0,0.6666666666666666,,,single_reference_class,0,0,4,4,0.5,8,1.0,PAR,
ensemble_document,direct_target_only,new_gold_test_only__drop_kyle_only,new_gold,equal_weight_models,18,3,15,1,0.8888888888888888,0.3333333333333333,1.0,0.5,1.0,0.7333333333333333,,15,0,2,1,0.5,18,1.0,EPA,
ensemble_document,direct_target_only,new_gold_test_only__drop_kyle_only,new_gold,equal_weight_models,28,22,6,3,0.25,0.09090909090909091,0.6666666666666666,0.16,0.8333333333333334,0.5606060606060606,,5,1,20,2,0.5,28,1.0,ERP Report,
ensemble_document,direct_target_only,new_gold_test_only__drop_kyle_only,new_gold,equal_weight_models,3,3,0,1,0.3333333333333333,0.3333333333333333,1.0,0.5,,,single_reference_class,0,0,2,1,0.5,3,1.0,GAO,
ensemble_document,direct_target_only,new_gold_test_only__drop_kyle_only,new_gold,equal_weight_models,11,5,6,4,0.9090909090909091,0.8,1.0,0.8888888888888888,1.0,0.9333333333333333,,6,0,1,4,0.5,11,1.0,Hurricane Katrina,
ensemble_document,direct_target_only,new_gold_test_only__drop_kyle_only,new_gold,equal_weight_models,8,8,0,4,0.5,0.5,1.0,0.6666666666666666,,,single_reference_class,0,0,4,4,0.5,8,1.0,PAR,
ensemble_document,direct_target_only,old_gold_test_only,old_gold,equal_weight_models,22,13,9,1,0.45454545454545453,0.07692307692307693,1.0,0.14285714285714285,1.0,0.5769230769230769,,9,0,12,1,0.5,22,1.0,EPA,
ensemble_document,direct_target_only,old_gold_test_only,old_gold,equal_weight_models,28,22,6,3,0.25,0.09090909090909091,0.6666666666666666,0.16,0.8333333333333334,0.5606060606060606,,5,1,20,2,0.5,28,1.0,ERP Report,
ensemble_document,direct_target_only,old_gold_test_only,old_gold,equal_weight_models,7,6,1,1,0.2857142857142857,0.16666666666666666,1.0,0.2857142857142857,1.0,0.6666666666666666,,1,0,5,1,0.5,7,1.0,GAO,
ensemble_document,direct_target_only,old_gold_test_only,old_gold,equal_weight_models,11,5,6,4,0.9090909090909091,0.8,1.0,0.8888888888888888,1.0,0.9333333333333333,,6,0,1,4,0.5,11,1.0,Hurricane Katrina,
ensemble_document,direct_target_only,old_gold_test_only,old_gold,equal_weight_models,8,8,0,4,0.5,0.5,1.0,0.6666666666666666,,,single_reference_class,0,0,4,4,0.5,8,1.0,PAR,
ensemble_document,direct_target_only,old_gold_test_only__drop_kyle_only,old_gold,equal_weight_models,18,11,7,1,0.4444444444444444,0.09090909090909091,1.0,0.16666666666666666,1.0,0.5909090909090908,,7,0,10,1,0.5,18,1.0,EPA,
ensemble_document,direct_target_only,old_gold_test_only__drop_kyle_only,old_gold,equal_weight_models,28,22,6,3,0.25,0.09090909090909091,0.6666666666666666,0.16,0.8333333333333334,0.5606060606060606,,5,1,20,2,0.5,28,1.0,ERP Report,
ensemble_document,direct_target_only,old_gold_test_only__drop_kyle_only,old_gold,equal_weight_models,3,3,0,1,0.3333333333333333,0.3333333333333333,1.0,0.5,,,single_reference_class,0,0,2,1,0.5,3,1.0,GAO,
ensemble_document,direct_target_only,old_gold_test_only__drop_kyle_only,old_gold,equal_weight_models,11,5,6,4,0.9090909090909091,0.8,1.0,0.8888888888888888,1.0,0.9333333333333333,,6,0,1,4,0.5,11,1.0,Hurricane Katrina,
ensemble_document,direct_target_only,old_gold_test_only__drop_kyle_only,old_gold,equal_weight_models,8,8,0,4,0.5,0.5,1.0,0.6666666666666666,,,single_reference_class,0,0,4,4,0.5,8,1.0,PAR,
ensemble_document,direct_target_only,pooled_coder_labels,pooled_coder_decisions,equal_weight_models,28,9,19,1,0.7142857142857143,0.1111111111111111,1.0,0.2,1.0,0.5116959064327485,,19,0,8,1,0.5,28,1.0,EPA,
ensemble_document,direct_target_only,pooled_coder_labels,pooled_coder_decisions,equal_weight_models,56,50,6,6,0.17857142857142858,0.1,0.8333333333333334,0.17857142857142858,0.8333333333333334,0.5533333333333333,,5,1,45,5,0.5,56,1.0,ERP Report,
ensemble_document,direct_target_only,pooled_coder_labels,pooled_coder_decisions,equal_weight_models,9,8,1,2,0.3333333333333333,0.25,1.0,0.4,1.0,0.625,,1,0,6,2,0.5,9,1.0,GAO,
ensemble_document,direct_target_only,pooled_coder_labels,pooled_coder_decisions,equal_weight_models,18,12,6,8,0.7777777777777778,0.6666666666666666,1.0,0.8,1.0,0.8333333333333334,,6,0,4,8,0.5,18,1.0,Hurricane Katrina,
ensemble_document,direct_target_only,pooled_coder_labels,pooled_coder_decisions,equal_weight_models,11,11,0,6,0.5454545454545454,0.5454545454545454,1.0,0.7058823529411765,,,single_reference_class,0,0,5,6,0.5,11,1.0,PAR,
ensemble_document,direct_target_only,pooled_coder_labels__drop_kyle_only,pooled_coder_decisions,equal_weight_models,24,7,17,1,0.75,0.14285714285714285,1.0,0.25,1.0,0.592436974789916,,17,0,6,1,0.5,24,1.0,EPA,
ensemble_document,direct_target_only,pooled_coder_labels__drop_kyle_only,pooled_coder_decisions,equal_weight_models,56,50,6,6,0.17857142857142858,0.1,0.8333333333333334,0.17857142857142858,0.8333333333333334,0.5533333333333333,,5,1,45,5,0.5,56,1.0,ERP Report,
ensemble_document,direct_target_only,pooled_coder_labels__drop_kyle_only,pooled_coder_decisions,equal_weight_models,5,5,0,2,0.4,0.4,1.0,0.5714285714285714,,,single_reference_class,0,0,3,2,0.5,5,1.0,GAO,
ensemble_document,direct_target_only,pooled_coder_labels__drop_kyle_only,pooled_coder_decisions,equal_weight_models,18,12,6,8,0.7777777777777778,0.6666666666666666,1.0,0.8,1.0,0.8333333333333334,,6,0,4,8,0.5,18,1.0,Hurricane Katrina,
ensemble_document,direct_target_only,pooled_coder_labels__drop_kyle_only,pooled_coder_decisions,equal_weight_models,11,11,0,6,0.5454545454545454,0.5454545454545454,1.0,0.7058823529411765,,,single_reference_class,0,0,5,6,0.5,11,1.0,PAR,
ensemble_labeler,codebook_no_examples_no_checklist,all_paragraphs_new_gold_unlabeled_no,full_corpus_assumed_negative,equal_weight_models,52,38,14,15,0.5192307692307693,0.3684210526315789,0.9333333333333333,0.5283018867924528,0.9285714285714286,0.5968045112781956,,13,1,24,14,0.5,53,0.9811320754716981,,anmol
ensemble_labeler,codebook_no_examples_no_checklist,all_paragraphs_new_gold_unlabeled_no,full_corpus_assumed_negative,equal_weight_models,8,5,3,0,0.375,0.0,0.0,0.0,1.0,0.43333333333333335,,3,0,5,0,0.5,8,1.0,,kyle
ensemble_labeler,codebook_no_examples_no_checklist,all_paragraphs_new_gold_unlabeled_no,full_corpus_assumed_negative,equal_weight_models,13,2,11,1,0.9230769230769231,0.5,1.0,0.6666666666666666,1.0,0.5909090909090908,,11,0,1,1,0.5,13,1.0,,prerana
ensemble_labeler,codebook_no_examples_no_checklist,all_paragraphs_new_gold_unlabeled_no,full_corpus_assumed_negative,equal_weight_models,2,0,2,0,1.0,0.0,0.0,0.0,1.0,,single_reference_class,2,0,0,0,0.5,2,1.0,,unassigned_human_labeler
ensemble_labeler,codebook_no_examples_no_checklist,all_paragraphs_new_gold_unlabeled_no__drop_kyle_only,full_corpus_assumed_negative,equal_weight_models,52,38,14,15,0.5192307692307693,0.3684210526315789,0.9333333333333333,0.5283018867924528,0.9285714285714286,0.5968045112781956,,13,1,24,14,0.5,53,0.9811320754716981,,anmol
ensemble_labeler,codebook_no_examples_no_checklist,all_paragraphs_new_gold_unlabeled_no__drop_kyle_only,full_corpus_assumed_negative,equal_weight_models,13,2,11,1,0.9230769230769231,0.5,1.0,0.6666666666666666,1.0,0.5909090909090908,,11,0,1,1,0.5,13,1.0,,prerana
ensemble_labeler,codebook_no_examples_no_checklist,all_paragraphs_new_gold_unlabeled_no__drop_kyle_only,full_corpus_assumed_negative,equal_weight_models,2,0,2,0,1.0,0.0,0.0,0.0,1.0,,single_reference_class,2,0,0,0,0.5,2,1.0,,unassigned_human_labeler
ensemble_labeler,codebook_no_examples_no_checklist,labeler_anmol,individual_coder,equal_weight_models,52,38,14,15,0.5192307692307693,0.3684210526315789,0.9333333333333333,0.5283018867924528,0.9285714285714286,0.5968045112781956,,13,1,24,14,0.5,53,0.9811320754716981,,anmol
ensemble_labeler,codebook_no_examples_no_checklist,labeler_anmol__drop_kyle_only,individual_coder,equal_weight_models,52,38,14,15,0.5192307692307693,0.3684210526315789,0.9333333333333333,0.5283018867924528,0.9285714285714286,0.5968045112781956,,13,1,24,14,0.5,53,0.9811320754716981,,anmol
ensemble_labeler,codebook_no_examples_no_checklist,labeler_kyle,individual_coder,equal_weight_models,50,45,5,12,0.34,0.26666666666666666,1.0,0.42105263157894735,1.0,0.7844444444444444,,5,0,33,12,0.5,51,0.9803921568627451,,kyle
ensemble_labeler,codebook_no_examples_no_checklist,labeler_kyle__drop_kyle_only,individual_coder,equal_weight_models,42,40,2,12,0.3333333333333333,0.3,1.0,0.46153846153846156,1.0,0.70625,,2,0,28,12,0.5,43,0.9767441860465116,,kyle
ensemble_labeler,codebook_no_examples_no_checklist,labeler_prerana,individual_coder,equal_weight_models,18,5,13,3,0.8888888888888888,0.6,1.0,0.75,1.0,0.8153846153846155,,13,0,2,3,0.5,18,1.0,,prerana
ensemble_labeler,codebook_no_examples_no_checklist,labeler_prerana__drop_kyle_only,individual_coder,equal_weight_models,18,5,13,3,0.8888888888888888,0.6,1.0,0.75,1.0,0.8153846153846155,,13,0,2,3,0.5,18,1.0,,prerana
ensemble_labeler,codebook_no_examples_no_checklist,new_gold_test_only,new_gold,equal_weight_models,52,38,14,15,0.5192307692307693,0.3684210526315789,0.9333333333333333,0.5283018867924528,0.9285714285714286,0.5968045112781956,,13,1,24,14,0.5,53,0.9811320754716981,,anmol
ensemble_labeler,codebook_no_examples_no_checklist,new_gold_test_only,new_gold,equal_weight_models,8,5,3,0,0.375,0.0,0.0,0.0,1.0,0.43333333333333335,,3,0,5,0,0.5,8,1.0,,kyle
ensemble_labeler,codebook_no_examples_no_checklist,new_gold_test_only,new_gold,equal_weight_models,13,2,11,1,0.9230769230769231,0.5,1.0,0.6666666666666666,1.0,0.5909090909090908,,11,0,1,1,0.5,13,1.0,,prerana
ensemble_labeler,codebook_no_examples_no_checklist,new_gold_test_only,new_gold,equal_weight_models,2,0,2,0,1.0,0.0,0.0,0.0,1.0,,single_reference_class,2,0,0,0,0.5,2,1.0,,unassigned_human_labeler
ensemble_labeler,codebook_no_examples_no_checklist,new_gold_test_only__drop_kyle_only,new_gold,equal_weight_models,52,38,14,15,0.5192307692307693,0.3684210526315789,0.9333333333333333,0.5283018867924528,0.9285714285714286,0.5968045112781956,,13,1,24,14,0.5,53,0.9811320754716981,,anmol
ensemble_labeler,codebook_no_examples_no_checklist,new_gold_test_only__drop_kyle_only,new_gold,equal_weight_models,13,2,11,1,0.9230769230769231,0.5,1.0,0.6666666666666666,1.0,0.5909090909090908,,11,0,1,1,0.5,13,1.0,,prerana
ensemble_labeler,codebook_no_examples_no_checklist,new_gold_test_only__drop_kyle_only,new_gold,equal_weight_models,2,0,2,0,1.0,0.0,0.0,0.0,1.0,,single_reference_class,2,0,0,0,0.5,2,1.0,,unassigned_human_labeler
ensemble_labeler,codebook_no_examples_no_checklist,old_gold_test_only,old_gold,equal_weight_models,52,38,14,15,0.5192307692307693,0.3684210526315789,0.9333333333333333,0.5283018867924528,0.9285714285714286,0.5968045112781956,,13,1,24,14,0.5,53,0.9811320754716981,,anmol
ensemble_labeler,codebook_no_examples_no_checklist,old_gold_test_only,old_gold,equal_weight_models,8,5,3,0,0.375,0.0,0.0,0.0,1.0,0.43333333333333335,,3,0,5,0,0.5,8,1.0,,kyle
ensemble_labeler,codebook_no_examples_no_checklist,old_gold_test_only,old_gold,equal_weight_models,13,10,3,1,0.3076923076923077,0.1,1.0,0.18181818181818182,1.0,0.9,,3,0,9,1,0.5,13,1.0,,prerana
ensemble_labeler,codebook_no_examples_no_checklist,old_gold_test_only,old_gold,equal_weight_models,2,0,2,0,1.0,0.0,0.0,0.0,1.0,,single_reference_class,2,0,0,0,0.5,2,1.0,,unassigned_human_labeler
ensemble_labeler,codebook_no_examples_no_checklist,old_gold_test_only__drop_kyle_only,old_gold,equal_weight_models,52,38,14,15,0.5192307692307693,0.3684210526315789,0.9333333333333333,0.5283018867924528,0.9285714285714286,0.5968045112781956,,13,1,24,14,0.5,53,0.9811320754716981,,anmol
ensemble_labeler,codebook_no_examples_no_checklist,old_gold_test_only__drop_kyle_only,old_gold,equal_weight_models,13,10,3,1,0.3076923076923077,0.1,1.0,0.18181818181818182,1.0,0.9,,3,0,9,1,0.5,13,1.0,,prerana
ensemble_labeler,codebook_no_examples_no_checklist,old_gold_test_only__drop_kyle_only,old_gold,equal_weight_models,2,0,2,0,1.0,0.0,0.0,0.0,1.0,,single_reference_class,2,0,0,0,0.5,2,1.0,,unassigned_human_labeler
ensemble_labeler,codebook_no_examples_no_checklist,pooled_coder_labels,pooled_coder_decisions,equal_weight_models,52,38,14,15,0.5192307692307693,0.3684210526315789,0.9333333333333333,0.5283018867924528,0.9285714285714286,0.5968045112781956,,13,1,24,14,0.5,53,0.9811320754716981,,anmol
ensemble_labeler,codebook_no_examples_no_checklist,pooled_coder_labels,pooled_coder_decisions,equal_weight_models,50,45,5,12,0.34,0.26666666666666666,1.0,0.42105263157894735,1.0,0.7844444444444444,,5,0,33,12,0.5,51,0.9803921568627451,,kyle
ensemble_labeler,codebook_no_examples_no_checklist,pooled_coder_labels,pooled_coder_decisions,equal_weight_models,18,5,13,3,0.8888888888888888,0.6,1.0,0.75,1.0,0.8153846153846155,,13,0,2,3,0.5,18,1.0,,prerana
ensemble_labeler,codebook_no_examples_no_checklist,pooled_coder_labels__drop_kyle_only,pooled_coder_decisions,equal_weight_models,52,38,14,15,0.5192307692307693,0.3684210526315789,0.9333333333333333,0.5283018867924528,0.9285714285714286,0.5968045112781956,,13,1,24,14,0.5,53,0.9811320754716981,,anmol
ensemble_labeler,codebook_no_examples_no_checklist,pooled_coder_labels__drop_kyle_only,pooled_coder_decisions,equal_weight_models,42,40,2,12,0.3333333333333333,0.3,1.0,0.46153846153846156,1.0,0.70625,,2,0,28,12,0.5,43,0.9767441860465116,,kyle
ensemble_labeler,codebook_no_examples_no_checklist,pooled_coder_labels__drop_kyle_only,pooled_coder_decisions,equal_weight_models,18,5,13,3,0.8888888888888888,0.6,1.0,0.75,1.0,0.8153846153846155,,13,0,2,3,0.5,18,1.0,,prerana
ensemble_labeler,codebook_no_examples_with_checklist,all_paragraphs_new_gold_unlabeled_no,full_corpus_assumed_negative,equal_weight_models,52,38,14,12,0.46153846153846156,0.2894736842105263,0.9166666666666666,0.44,0.9285714285714286,0.6870300751879699,,13,1,27,11,0.5,53,0.9811320754716981,,anmol
ensemble_labeler,codebook_no_examples_with_checklist,all_paragraphs_new_gold_unlabeled_no,full_corpus_assumed_negative,equal_weight_models,8,5,3,0,0.375,0.0,0.0,0.0,1.0,0.4,,3,0,5,0,0.5,8,1.0,,kyle
ensemble_labeler,codebook_no_examples_with_checklist,all_paragraphs_new_gold_unlabeled_no,full_corpus_assumed_negative,equal_weight_models,13,2,11,1,0.9230769230769231,0.5,1.0,0.6666666666666666,1.0,0.5454545454545454,,11,0,1,1,0.5,13,1.0,,prerana
ensemble_labeler,codebook_no_examples_with_checklist,all_paragraphs_new_gold_unlabeled_no,full_corpus_assumed_negative,equal_weight_models,2,0,2,0,1.0,0.0,0.0,0.0,1.0,,single_reference_class,2,0,0,0,0.5,2,1.0,,unassigned_human_labeler
ensemble_labeler,codebook_no_examples_with_checklist,all_paragraphs_new_gold_unlabeled_no__drop_kyle_only,full_corpus_assumed_negative,equal_weight_models,52,38,14,12,0.46153846153846156,0.2894736842105263,0.9166666666666666,0.44,0.9285714285714286,0.6870300751879699,,13,1,27,11,0.5,53,0.9811320754716981,,anmol
ensemble_labeler,codebook_no_examples_with_checklist,all_paragraphs_new_gold_unlabeled_no__drop_kyle_only,full_corpus_assumed_negative,equal_weight_models,13,2,11,1,0.9230769230769231,0.5,1.0,0.6666666666666666,1.0,0.5454545454545454,,11,0,1,1,0.5,13,1.0,,prerana
ensemble_labeler,codebook_no_examples_with_checklist,all_paragraphs_new_gold_unlabeled_no__drop_kyle_only,full_corpus_assumed_negative,equal_weight_models,2,0,2,0,1.0,0.0,0.0,0.0,1.0,,single_reference_class,2,0,0,0,0.5,2,1.0,,unassigned_human_labeler
ensemble_labeler,codebook_no_examples_with_checklist,labeler_anmol,individual_coder,equal_weight_models,52,38,14,12,0.46153846153846156,0.2894736842105263,0.9166666666666666,0.44,0.9285714285714286,0.6870300751879699,,13,1,27,11,0.5,53,0.9811320754716981,,anmol
ensemble_labeler,codebook_no_examples_with_checklist,labeler_anmol__drop_kyle_only,individual_coder,equal_weight_models,52,38,14,12,0.46153846153846156,0.2894736842105263,0.9166666666666666,0.44,0.9285714285714286,0.6870300751879699,,13,1,27,11,0.5,53,0.9811320754716981,,anmol
ensemble_labeler,codebook_no_examples_with_checklist,labeler_kyle,individual_coder,equal_weight_models,50,45,5,9,0.28,0.2,1.0,0.3333333333333333,1.0,0.74,,5,0,36,9,0.5,51,0.9803921568627451,,kyle
ensemble_labeler,codebook_no_examples_with_checklist,labeler_kyle__drop_kyle_only,individual_coder,equal_weight_models,42,40,2,9,0.2619047619047619,0.225,1.0,0.3673469387755102,1.0,0.7125,,2,0,31,9,0.5,43,0.9767441860465116,,kyle
ensemble_labeler,codebook_no_examples_with_checklist,labeler_prerana,individual_coder,equal_weight_models,18,5,13,3,0.8888888888888888,0.6,1.0,0.75,1.0,0.8153846153846154,,13,0,2,3,0.5,18,1.0,,prerana
ensemble_labeler,codebook_no_examples_with_checklist,labeler_prerana__drop_kyle_only,individual_coder,equal_weight_models,18,5,13,3,0.8888888888888888,0.6,1.0,0.75,1.0,0.8153846153846154,,13,0,2,3,0.5,18,1.0,,prerana
ensemble_labeler,codebook_no_examples_with_checklist,new_gold_test_only,new_gold,equal_weight_models,52,38,14,12,0.46153846153846156,0.2894736842105263,0.9166666666666666,0.44,0.9285714285714286,0.6870300751879699,,13,1,27,11,0.5,53,0.9811320754716981,,anmol
ensemble_labeler,codebook_no_examples_with_checklist,new_gold_test_only,new_gold,equal_weight_models,8,5,3,0,0.375,0.0,0.0,0.0,1.0,0.4,,3,0,5,0,0.5,8,1.0,,kyle
ensemble_labeler,codebook_no_examples_with_checklist,new_gold_test_only,new_gold,equal_weight_models,13,2,11,1,0.9230769230769231,0.5,1.0,0.6666666666666666,1.0,0.5454545454545454,,11,0,1,1,0.5,13,1.0,,prerana
ensemble_labeler,codebook_no_examples_with_checklist,new_gold_test_only,new_gold,equal_weight_models,2,0,2,0,1.0,0.0,0.0,0.0,1.0,,single_reference_class,2,0,0,0,0.5,2,1.0,,unassigned_human_labeler
ensemble_labeler,codebook_no_examples_with_checklist,new_gold_test_only__drop_kyle_only,new_gold,equal_weight_models,52,38,14,12,0.46153846153846156,0.2894736842105263,0.9166666666666666,0.44,0.9285714285714286,0.6870300751879699,,13,1,27,11,0.5,53,0.9811320754716981,,anmol
ensemble_labeler,codebook_no_examples_with_checklist,new_gold_test_only__drop_kyle_only,new_gold,equal_weight_models,13,2,11,1,0.9230769230769231,0.5,1.0,0.6666666666666666,1.0,0.5454545454545454,,11,0,1,1,0.5,13,1.0,,prerana
ensemble_labeler,codebook_no_examples_with_checklist,new_gold_test_only__drop_kyle_only,new_gold,equal_weight_models,2,0,2,0,1.0,0.0,0.0,0.0,1.0,,single_reference_class,2,0,0,0,0.5,2,1.0,,unassigned_human_labeler
ensemble_labeler,codebook_no_examples_with_checklist,old_gold_test_only,old_gold,equal_weight_models,52,38,14,12,0.46153846153846156,0.2894736842105263,0.9166666666666666,0.44,0.9285714285714286,0.6870300751879699,,13,1,27,11,0.5,53,0.9811320754716981,,anmol
ensemble_labeler,codebook_no_examples_with_checklist,old_gold_test_only,old_gold,equal_weight_models,8,5,3,0,0.375,0.0,0.0,0.0,1.0,0.4,,3,0,5,0,0.5,8,1.0,,kyle
ensemble_labeler,codebook_no_examples_with_checklist,old_gold_test_only,old_gold,equal_weight_models,13,10,3,1,0.3076923076923077,0.1,1.0,0.18181818181818182,1.0,0.8666666666666667,,3,0,9,1,0.5,13,1.0,,prerana
ensemble_labeler,codebook_no_examples_with_checklist,old_gold_test_only,old_gold,equal_weight_models,2,0,2,0,1.0,0.0,0.0,0.0,1.0,,single_reference_class,2,0,0,0,0.5,2,1.0,,unassigned_human_labeler
ensemble_labeler,codebook_no_examples_with_checklist,old_gold_test_only__drop_kyle_only,old_gold,equal_weight_models,52,38,14,12,0.46153846153846156,0.2894736842105263,0.9166666666666666,0.44,0.9285714285714286,0.6870300751879699,,13,1,27,11,0.5,53,0.9811320754716981,,anmol
ensemble_labeler,codebook_no_examples_with_checklist,old_gold_test_only__drop_kyle_only,old_gold,equal_weight_models,13,10,3,1,0.3076923076923077,0.1,1.0,0.18181818181818182,1.0,0.8666666666666667,,3,0,9,1,0.5,13,1.0,,prerana
ensemble_labeler,codebook_no_examples_with_checklist,old_gold_test_only__drop_kyle_only,old_gold,equal_weight_models,2,0,2,0,1.0,0.0,0.0,0.0,1.0,,single_reference_class,2,0,0,0,0.5,2,1.0,,unassigned_human_labeler
ensemble_labeler,codebook_no_examples_with_checklist,pooled_coder_labels,pooled_coder_decisions,equal_weight_models,52,38,14,12,0.46153846153846156,0.2894736842105263,0.9166666666666666,0.44,0.9285714285714286,0.6870300751879699,,13,1,27,11,0.5,53,0.9811320754716981,,anmol
ensemble_labeler,codebook_no_examples_with_checklist,pooled_coder_labels,pooled_coder_decisions,equal_weight_models,50,45,5,9,0.28,0.2,1.0,0.3333333333333333,1.0,0.74,,5,0,36,9,0.5,51,0.9803921568627451,,kyle
ensemble_labeler,codebook_no_examples_with_checklist,pooled_coder_labels,pooled_coder_decisions,equal_weight_models,18,5,13,3,0.8888888888888888,0.6,1.0,0.75,1.0,0.8153846153846154,,13,0,2,3,0.5,18,1.0,,prerana
ensemble_labeler,codebook_no_examples_with_checklist,pooled_coder_labels__drop_kyle_only,pooled_coder_decisions,equal_weight_models,52,38,14,12,0.46153846153846156,0.2894736842105263,0.9166666666666666,0.44,0.9285714285714286,0.6870300751879699,,13,1,27,11,0.5,53,0.9811320754716981,,anmol
ensemble_labeler,codebook_no_examples_with_checklist,pooled_coder_labels__drop_kyle_only,pooled_coder_decisions,equal_weight_models,42,40,2,9,0.2619047619047619,0.225,1.0,0.3673469387755102,1.0,0.7125,,2,0,31,9,0.5,43,0.9767441860465116,,kyle
ensemble_labeler,codebook_no_examples_with_checklist,pooled_coder_labels__drop_kyle_only,pooled_coder_decisions,equal_weight_models,18,5,13,3,0.8888888888888888,0.6,1.0,0.75,1.0,0.8153846153846154,,13,0,2,3,0.5,18,1.0,,prerana
ensemble_labeler,codebook_with_examples_no_checklist,all_paragraphs_new_gold_unlabeled_no,full_corpus_assumed_negative,equal_weight_models,53,39,14,19,0.4716981132075472,0.38461538461538464,0.7894736842105263,0.5172413793103449,0.7142857142857143,0.5915750915750916,,10,4,24,15,0.5,53,1.0,,anmol
ensemble_labeler,codebook_with_examples_no_checklist,all_paragraphs_new_gold_unlabeled_no,full_corpus_assumed_negative,equal_weight_models,8,5,3,1,0.5,0.2,1.0,0.3333333333333333,1.0,0.4,,3,0,4,1,0.5,8,1.0,,kyle
ensemble_labeler,codebook_with_examples_no_checklist,all_paragraphs_new_gold_unlabeled_no,full_corpus_assumed_negative,equal_weight_models,13,2,11,1,0.9230769230769231,0.5,1.0,0.6666666666666666,1.0,0.6818181818181819,,11,0,1,1,0.5,13,1.0,,prerana
ensemble_labeler,codebook_with_examples_no_checklist,all_paragraphs_new_gold_unlabeled_no,full_corpus_assumed_negative,equal_weight_models,2,0,2,0,1.0,0.0,0.0,0.0,1.0,,single_reference_class,2,0,0,0,0.5,2,1.0,,unassigned_human_labeler
ensemble_labeler,codebook_with_examples_no_checklist,all_paragraphs_new_gold_unlabeled_no__drop_kyle_only,full_corpus_assumed_negative,equal_weight_models,53,39,14,19,0.4716981132075472,0.38461538461538464,0.7894736842105263,0.5172413793103449,0.7142857142857143,0.5915750915750916,,10,4,24,15,0.5,53,1.0,,anmol
ensemble_labeler,codebook_with_examples_no_checklist,all_paragraphs_new_gold_unlabeled_no__drop_kyle_only,full_corpus_assumed_negative,equal_weight_models,13,2,11,1,0.9230769230769231,0.5,1.0,0.6666666666666666,1.0,0.6818181818181819,,11,0,1,1,0.5,13,1.0,,prerana
ensemble_labeler,codebook_with_examples_no_checklist,all_paragraphs_new_gold_unlabeled_no__drop_kyle_only,full_corpus_assumed_negative,equal_weight_models,2,0,2,0,1.0,0.0,0.0,0.0,1.0,,single_reference_class,2,0,0,0,0.5,2,1.0,,unassigned_human_labeler
ensemble_labeler,codebook_with_examples_no_checklist,labeler_anmol,individual_coder,equal_weight_models,53,39,14,19,0.4716981132075472,0.38461538461538464,0.7894736842105263,0.5172413793103449,0.7142857142857143,0.5915750915750916,,10,4,24,15,0.5,53,1.0,,anmol
ensemble_labeler,codebook_with_examples_no_checklist,labeler_anmol__drop_kyle_only,individual_coder,equal_weight_models,53,39,14,19,0.4716981132075472,0.38461538461538464,0.7894736842105263,0.5172413793103449,0.7142857142857143,0.5915750915750916,,10,4,24,15,0.5,53,1.0,,anmol
ensemble_labeler,codebook_with_examples_no_checklist,labeler_kyle,individual_coder,equal_weight_models,51,46,5,15,0.39215686274509803,0.32608695652173914,1.0,0.4918032786885246,1.0,0.6934782608695652,,5,0,31,15,0.5,51,1.0,,kyle
ensemble_labeler,codebook_with_examples_no_checklist,labeler_kyle__drop_kyle_only,individual_coder,equal_weight_models,43,41,2,14,0.37209302325581395,0.34146341463414637,1.0,0.509090909090909,1.0,0.5670731707317074,,2,0,27,14,0.5,43,1.0,,kyle
ensemble_labeler,codebook_with_examples_no_checklist,labeler_prerana,individual_coder,equal_weight_models,18,5,13,3,0.8888888888888888,0.6,1.0,0.75,1.0,0.8307692307692308,,13,0,2,3,0.5,18,1.0,,prerana
ensemble_labeler,codebook_with_examples_no_checklist,labeler_prerana__drop_kyle_only,individual_coder,equal_weight_models,18,5,13,3,0.8888888888888888,0.6,1.0,0.75,1.0,0.8307692307692308,,13,0,2,3,0.5,18,1.0,,prerana
ensemble_labeler,codebook_with_examples_no_checklist,new_gold_test_only,new_gold,equal_weight_models,53,39,14,19,0.4716981132075472,0.38461538461538464,0.7894736842105263,0.5172413793103449,0.7142857142857143,0.5915750915750916,,10,4,24,15,0.5,53,1.0,,anmol
ensemble_labeler,codebook_with_examples_no_checklist,new_gold_test_only,new_gold,equal_weight_models,8,5,3,1,0.5,0.2,1.0,0.3333333333333333,1.0,0.4,,3,0,4,1,0.5,8,1.0,,kyle
ensemble_labeler,codebook_with_examples_no_checklist,new_gold_test_only,new_gold,equal_weight_models,13,2,11,1,0.9230769230769231,0.5,1.0,0.6666666666666666,1.0,0.6818181818181819,,11,0,1,1,0.5,13,1.0,,prerana
ensemble_labeler,codebook_with_examples_no_checklist,new_gold_test_only,new_gold,equal_weight_models,2,0,2,0,1.0,0.0,0.0,0.0,1.0,,single_reference_class,2,0,0,0,0.5,2,1.0,,unassigned_human_labeler
ensemble_labeler,codebook_with_examples_no_checklist,new_gold_test_only__drop_kyle_only,new_gold,equal_weight_models,53,39,14,19,0.4716981132075472,0.38461538461538464,0.7894736842105263,0.5172413793103449,0.7142857142857143,0.5915750915750916,,10,4,24,15,0.5,53,1.0,,anmol
ensemble_labeler,codebook_with_examples_no_checklist,new_gold_test_only__drop_kyle_only,new_gold,equal_weight_models,13,2,11,1,0.9230769230769231,0.5,1.0,0.6666666666666666,1.0,0.6818181818181819,,11,0,1,1,0.5,13,1.0,,prerana
ensemble_labeler,codebook_with_examples_no_checklist,new_gold_test_only__drop_kyle_only,new_gold,equal_weight_models,2,0,2,0,1.0,0.0,0.0,0.0,1.0,,single_reference_class,2,0,0,0,0.5,2,1.0,,unassigned_human_labeler
ensemble_labeler,codebook_with_examples_no_checklist,old_gold_test_only,old_gold,equal_weight_models,53,39,14,19,0.4716981132075472,0.38461538461538464,0.7894736842105263,0.5172413793103449,0.7142857142857143,0.5915750915750916,,10,4,24,15,0.5,53,1.0,,anmol
ensemble_labeler,codebook_with_examples_no_checklist,old_gold_test_only,old_gold,equal_weight_models,8,5,3,1,0.5,0.2,1.0,0.3333333333333333,1.0,0.4,,3,0,4,1,0.5,8,1.0,,kyle
ensemble_labeler,codebook_with_examples_no_checklist,old_gold_test_only,old_gold,equal_weight_models,13,10,3,1,0.3076923076923077,0.1,1.0,0.18181818181818182,1.0,0.8666666666666667,,3,0,9,1,0.5,13,1.0,,prerana
ensemble_labeler,codebook_with_examples_no_checklist,old_gold_test_only,old_gold,equal_weight_models,2,0,2,0,1.0,0.0,0.0,0.0,1.0,,single_reference_class,2,0,0,0,0.5,2,1.0,,unassigned_human_labeler
ensemble_labeler,codebook_with_examples_no_checklist,old_gold_test_only__drop_kyle_only,old_gold,equal_weight_models,53,39,14,19,0.4716981132075472,0.38461538461538464,0.7894736842105263,0.5172413793103449,0.7142857142857143,0.5915750915750916,,10,4,24,15,0.5,53,1.0,,anmol
ensemble_labeler,codebook_with_examples_no_checklist,old_gold_test_only__drop_kyle_only,old_gold,equal_weight_models,13,10,3,1,0.3076923076923077,0.1,1.0,0.18181818181818182,1.0,0.8666666666666667,,3,0,9,1,0.5,13,1.0,,prerana
ensemble_labeler,codebook_with_examples_no_checklist,old_gold_test_only__drop_kyle_only,old_gold,equal_weight_models,2,0,2,0,1.0,0.0,0.0,0.0,1.0,,single_reference_class,2,0,0,0,0.5,2,1.0,,unassigned_human_labeler
ensemble_labeler,codebook_with_examples_no_checklist,pooled_coder_labels,pooled_coder_decisions,equal_weight_models,53,39,14,19,0.4716981132075472,0.38461538461538464,0.7894736842105263,0.5172413793103449,0.7142857142857143,0.5915750915750916,,10,4,24,15,0.5,53,1.0,,anmol
ensemble_labeler,codebook_with_examples_no_checklist,pooled_coder_labels,pooled_coder_decisions,equal_weight_models,51,46,5,15,0.39215686274509803,0.32608695652173914,1.0,0.4918032786885246,1.0,0.6934782608695652,,5,0,31,15,0.5,51,1.0,,kyle
ensemble_labeler,codebook_with_examples_no_checklist,pooled_coder_labels,pooled_coder_decisions,equal_weight_models,18,5,13,3,0.8888888888888888,0.6,1.0,0.75,1.0,0.8307692307692308,,13,0,2,3,0.5,18,1.0,,prerana
ensemble_labeler,codebook_with_examples_no_checklist,pooled_coder_labels__drop_kyle_only,pooled_coder_decisions,equal_weight_models,53,39,14,19,0.4716981132075472,0.38461538461538464,0.7894736842105263,0.5172413793103449,0.7142857142857143,0.5915750915750916,,10,4,24,15,0.5,53,1.0,,anmol
ensemble_labeler,codebook_with_examples_no_checklist,pooled_coder_labels__drop_kyle_only,pooled_coder_decisions,equal_weight_models,43,41,2,14,0.37209302325581395,0.34146341463414637,1.0,0.509090909090909,1.0,0.5670731707317074,,2,0,27,14,0.5,43,1.0,,kyle
ensemble_labeler,codebook_with_examples_no_checklist,pooled_coder_labels__drop_kyle_only,pooled_coder_decisions,equal_weight_models,18,5,13,3,0.8888888888888888,0.6,1.0,0.75,1.0,0.8307692307692308,,13,0,2,3,0.5,18,1.0,,prerana
ensemble_labeler,codebook_with_examples_with_checklist,all_paragraphs_new_gold_unlabeled_no,full_corpus_assumed_negative,equal_weight_models,51,37,14,12,0.39215686274509803,0.24324324324324326,0.75,0.3673469387755102,0.7857142857142857,0.6148648648648649,,11,3,28,9,0.5,53,0.9622641509433962,,anmol
ensemble_labeler,codebook_with_examples_with_checklist,all_paragraphs_new_gold_unlabeled_no,full_corpus_assumed_negative,equal_weight_models,8,5,3,1,0.5,0.2,1.0,0.3333333333333333,1.0,0.4,,3,0,4,1,0.5,8,1.0,,kyle
ensemble_labeler,codebook_with_examples_with_checklist,all_paragraphs_new_gold_unlabeled_no,full_corpus_assumed_negative,equal_weight_models,13,2,11,1,0.9230769230769231,0.5,1.0,0.6666666666666666,1.0,0.75,,11,0,1,1,0.5,13,1.0,,prerana
ensemble_labeler,codebook_with_examples_with_checklist,all_paragraphs_new_gold_unlabeled_no,full_corpus_assumed_negative,equal_weight_models,2,0,2,0,1.0,0.0,0.0,0.0,1.0,,single_reference_class,2,0,0,0,0.5,2,1.0,,unassigned_human_labeler
ensemble_labeler,codebook_with_examples_with_checklist,all_paragraphs_new_gold_unlabeled_no__drop_kyle_only,full_corpus_assumed_negative,equal_weight_models,51,37,14,12,0.39215686274509803,0.24324324324324326,0.75,0.3673469387755102,0.7857142857142857,0.6148648648648649,,11,3,28,9,0.5,53,0.9622641509433962,,anmol
ensemble_labeler,codebook_with_examples_with_checklist,all_paragraphs_new_gold_unlabeled_no__drop_kyle_only,full_corpus_assumed_negative,equal_weight_models,13,2,11,1,0.9230769230769231,0.5,1.0,0.6666666666666666,1.0,0.75,,11,0,1,1,0.5,13,1.0,,prerana
ensemble_labeler,codebook_with_examples_with_checklist,all_paragraphs_new_gold_unlabeled_no__drop_kyle_only,full_corpus_assumed_negative,equal_weight_models,2,0,2,0,1.0,0.0,0.0,0.0,1.0,,single_reference_class,2,0,0,0,0.5,2,1.0,,unassigned_human_labeler
ensemble_labeler,codebook_with_examples_with_checklist,labeler_anmol,individual_coder,equal_weight_models,51,37,14,12,0.39215686274509803,0.24324324324324326,0.75,0.3673469387755102,0.7857142857142857,0.6148648648648649,,11,3,28,9,0.5,53,0.9622641509433962,,anmol
ensemble_labeler,codebook_with_examples_with_checklist,labeler_anmol__drop_kyle_only,individual_coder,equal_weight_models,51,37,14,12,0.39215686274509803,0.24324324324324326,0.75,0.3673469387755102,0.7857142857142857,0.6148648648648649,,11,3,28,9,0.5,53,0.9622641509433962,,anmol
ensemble_labeler,codebook_with_examples_with_checklist,labeler_kyle,individual_coder,equal_weight_models,49,44,5,11,0.32653061224489793,0.25,1.0,0.4,1.0,0.7250000000000001,,5,0,33,11,0.5,51,0.9607843137254902,,kyle
ensemble_labeler,codebook_with_examples_with_checklist,labeler_kyle__drop_kyle_only,individual_coder,equal_weight_models,41,39,2,10,0.2926829268292683,0.2564102564102564,1.0,0.40816326530612246,1.0,0.6217948717948718,,2,0,29,10,0.5,43,0.9534883720930233,,kyle
ensemble_labeler,codebook_with_examples_with_checklist,labeler_prerana,individual_coder,equal_weight_models,18,5,13,3,0.8888888888888888,0.6,1.0,0.75,1.0,0.8538461538461539,,13,0,2,3,0.5,18,1.0,,prerana
ensemble_labeler,codebook_with_examples_with_checklist,labeler_prerana__drop_kyle_only,individual_coder,equal_weight_models,18,5,13,3,0.8888888888888888,0.6,1.0,0.75,1.0,0.8538461538461539,,13,0,2,3,0.5,18,1.0,,prerana
ensemble_labeler,codebook_with_examples_with_checklist,new_gold_test_only,new_gold,equal_weight_models,51,37,14,12,0.39215686274509803,0.24324324324324326,0.75,0.3673469387755102,0.7857142857142857,0.6148648648648649,,11,3,28,9,0.5,53,0.9622641509433962,,anmol
ensemble_labeler,codebook_with_examples_with_checklist,new_gold_test_only,new_gold,equal_weight_models,8,5,3,1,0.5,0.2,1.0,0.3333333333333333,1.0,0.4,,3,0,4,1,0.5,8,1.0,,kyle
ensemble_labeler,codebook_with_examples_with_checklist,new_gold_test_only,new_gold,equal_weight_models,13,2,11,1,0.9230769230769231,0.5,1.0,0.6666666666666666,1.0,0.75,,11,0,1,1,0.5,13,1.0,,prerana
ensemble_labeler,codebook_with_examples_with_checklist,new_gold_test_only,new_gold,equal_weight_models,2,0,2,0,1.0,0.0,0.0,0.0,1.0,,single_reference_class,2,0,0,0,0.5,2,1.0,,unassigned_human_labeler
ensemble_labeler,codebook_with_examples_with_checklist,new_gold_test_only__drop_kyle_only,new_gold,equal_weight_models,51,37,14,12,0.39215686274509803,0.24324324324324326,0.75,0.3673469387755102,0.7857142857142857,0.6148648648648649,,11,3,28,9,0.5,53,0.9622641509433962,,anmol
ensemble_labeler,codebook_with_examples_with_checklist,new_gold_test_only__drop_kyle_only,new_gold,equal_weight_models,13,2,11,1,0.9230769230769231,0.5,1.0,0.6666666666666666,1.0,0.75,,11,0,1,1,0.5,13,1.0,,prerana
ensemble_labeler,codebook_with_examples_with_checklist,new_gold_test_only__drop_kyle_only,new_gold,equal_weight_models,2,0,2,0,1.0,0.0,0.0,0.0,1.0,,single_reference_class,2,0,0,0,0.5,2,1.0,,unassigned_human_labeler
ensemble_labeler,codebook_with_examples_with_checklist,old_gold_test_only,old_gold,equal_weight_models,51,37,14,12,0.39215686274509803,0.24324324324324326,0.75,0.3673469387755102,0.7857142857142857,0.6148648648648649,,11,3,28,9,0.5,53,0.9622641509433962,,anmol
ensemble_labeler,codebook_with_examples_with_checklist,old_gold_test_only,old_gold,equal_weight_models,8,5,3,1,0.5,0.2,1.0,0.3333333333333333,1.0,0.4,,3,0,4,1,0.5,8,1.0,,kyle
ensemble_labeler,codebook_with_examples_with_checklist,old_gold_test_only,old_gold,equal_weight_models,13,10,3,1,0.3076923076923077,0.1,1.0,0.18181818181818182,1.0,0.7666666666666666,,3,0,9,1,0.5,13,1.0,,prerana
ensemble_labeler,codebook_with_examples_with_checklist,old_gold_test_only,old_gold,equal_weight_models,2,0,2,0,1.0,0.0,0.0,0.0,1.0,,single_reference_class,2,0,0,0,0.5,2,1.0,,unassigned_human_labeler
ensemble_labeler,codebook_with_examples_with_checklist,old_gold_test_only__drop_kyle_only,old_gold,equal_weight_models,51,37,14,12,0.39215686274509803,0.24324324324324326,0.75,0.3673469387755102,0.7857142857142857,0.6148648648648649,,11,3,28,9,0.5,53,0.9622641509433962,,anmol
ensemble_labeler,codebook_with_examples_with_checklist,old_gold_test_only__drop_kyle_only,old_gold,equal_weight_models,13,10,3,1,0.3076923076923077,0.1,1.0,0.18181818181818182,1.0,0.7666666666666666,,3,0,9,1,0.5,13,1.0,,prerana
ensemble_labeler,codebook_with_examples_with_checklist,old_gold_test_only__drop_kyle_only,old_gold,equal_weight_models,2,0,2,0,1.0,0.0,0.0,0.0,1.0,,single_reference_class,2,0,0,0,0.5,2,1.0,,unassigned_human_labeler
ensemble_labeler,codebook_with_examples_with_checklist,pooled_coder_labels,pooled_coder_decisions,equal_weight_models,51,37,14,12,0.39215686274509803,0.24324324324324326,0.75,0.3673469387755102,0.7857142857142857,0.6148648648648649,,11,3,28,9,0.5,53,0.9622641509433962,,anmol
ensemble_labeler,codebook_with_examples_with_checklist,pooled_coder_labels,pooled_coder_decisions,equal_weight_models,49,44,5,11,0.32653061224489793,0.25,1.0,0.4,1.0,0.7250000000000001,,5,0,33,11,0.5,51,0.9607843137254902,,kyle
ensemble_labeler,codebook_with_examples_with_checklist,pooled_coder_labels,pooled_coder_decisions,equal_weight_models,18,5,13,3,0.8888888888888888,0.6,1.0,0.75,1.0,0.8538461538461539,,13,0,2,3,0.5,18,1.0,,prerana
ensemble_labeler,codebook_with_examples_with_checklist,pooled_coder_labels__drop_kyle_only,pooled_coder_decisions,equal_weight_models,51,37,14,12,0.39215686274509803,0.24324324324324326,0.75,0.3673469387755102,0.7857142857142857,0.6148648648648649,,11,3,28,9,0.5,53,0.9622641509433962,,anmol
ensemble_labeler,codebook_with_examples_with_checklist,pooled_coder_labels__drop_kyle_only,pooled_coder_decisions,equal_weight_models,41,39,2,10,0.2926829268292683,0.2564102564102564,1.0,0.40816326530612246,1.0,0.6217948717948718,,2,0,29,10,0.5,43,0.9534883720930233,,kyle
ensemble_labeler,codebook_with_examples_with_checklist,pooled_coder_labels__drop_kyle_only,pooled_coder_decisions,equal_weight_models,18,5,13,3,0.8888888888888888,0.6,1.0,0.75,1.0,0.8538461538461539,,13,0,2,3,0.5,18,1.0,,prerana
ensemble_labeler,direct_target_only,all_paragraphs_new_gold_unlabeled_no,full_corpus_assumed_negative,equal_weight_models,53,39,14,12,0.4528301886792453,0.28205128205128205,0.9166666666666666,0.43137254901960786,0.9285714285714286,0.6520146520146521,,13,1,28,11,0.5,53,1.0,,anmol
ensemble_labeler,direct_target_only,all_paragraphs_new_gold_unlabeled_no,full_corpus_assumed_negative,equal_weight_models,8,5,3,0,0.375,0.0,0.0,0.0,1.0,0.4666666666666667,,3,0,5,0,0.5,8,1.0,,kyle
ensemble_labeler,direct_target_only,all_paragraphs_new_gold_unlabeled_no,full_corpus_assumed_negative,equal_weight_models,13,2,11,1,0.9230769230769231,0.5,1.0,0.6666666666666666,1.0,0.5909090909090908,,11,0,1,1,0.5,13,1.0,,prerana
ensemble_labeler,direct_target_only,all_paragraphs_new_gold_unlabeled_no,full_corpus_assumed_negative,equal_weight_models,2,0,2,0,1.0,0.0,0.0,0.0,1.0,,single_reference_class,2,0,0,0,0.5,2,1.0,,unassigned_human_labeler
ensemble_labeler,direct_target_only,all_paragraphs_new_gold_unlabeled_no__drop_kyle_only,full_corpus_assumed_negative,equal_weight_models,53,39,14,12,0.4528301886792453,0.28205128205128205,0.9166666666666666,0.43137254901960786,0.9285714285714286,0.6520146520146521,,13,1,28,11,0.5,53,1.0,,anmol
ensemble_labeler,direct_target_only,all_paragraphs_new_gold_unlabeled_no__drop_kyle_only,full_corpus_assumed_negative,equal_weight_models,13,2,11,1,0.9230769230769231,0.5,1.0,0.6666666666666666,1.0,0.5909090909090908,,11,0,1,1,0.5,13,1.0,,prerana
ensemble_labeler,direct_target_only,all_paragraphs_new_gold_unlabeled_no__drop_kyle_only,full_corpus_assumed_negative,equal_weight_models,2,0,2,0,1.0,0.0,0.0,0.0,1.0,,single_reference_class,2,0,0,0,0.5,2,1.0,,unassigned_human_labeler
ensemble_labeler,direct_target_only,labeler_anmol,individual_coder,equal_weight_models,53,39,14,12,0.4528301886792453,0.28205128205128205,0.9166666666666666,0.43137254901960786,0.9285714285714286,0.6520146520146521,,13,1,28,11,0.5,53,1.0,,anmol
ensemble_labeler,direct_target_only,labeler_anmol__drop_kyle_only,individual_coder,equal_weight_models,53,39,14,12,0.4528301886792453,0.28205128205128205,0.9166666666666666,0.43137254901960786,0.9285714285714286,0.6520146520146521,,13,1,28,11,0.5,53,1.0,,anmol
ensemble_labeler,direct_target_only,labeler_kyle,individual_coder,equal_weight_models,51,46,5,8,0.2549019607843137,0.17391304347826086,1.0,0.2962962962962963,1.0,0.6434782608695652,,5,0,38,8,0.5,51,1.0,,kyle
ensemble_labeler,direct_target_only,labeler_kyle__drop_kyle_only,individual_coder,equal_weight_models,43,41,2,8,0.23255813953488372,0.1951219512195122,1.0,0.32653061224489793,1.0,0.6097560975609756,,2,0,33,8,0.5,43,1.0,,kyle
ensemble_labeler,direct_target_only,labeler_prerana,individual_coder,equal_weight_models,18,5,13,3,0.8888888888888888,0.6,1.0,0.75,1.0,0.8461538461538461,,13,0,2,3,0.5,18,1.0,,prerana
ensemble_labeler,direct_target_only,labeler_prerana__drop_kyle_only,individual_coder,equal_weight_models,18,5,13,3,0.8888888888888888,0.6,1.0,0.75,1.0,0.8461538461538461,,13,0,2,3,0.5,18,1.0,,prerana
ensemble_labeler,direct_target_only,new_gold_test_only,new_gold,equal_weight_models,53,39,14,12,0.4528301886792453,0.28205128205128205,0.9166666666666666,0.43137254901960786,0.9285714285714286,0.6520146520146521,,13,1,28,11,0.5,53,1.0,,anmol
ensemble_labeler,direct_target_only,new_gold_test_only,new_gold,equal_weight_models,8,5,3,0,0.375,0.0,0.0,0.0,1.0,0.4666666666666667,,3,0,5,0,0.5,8,1.0,,kyle
ensemble_labeler,direct_target_only,new_gold_test_only,new_gold,equal_weight_models,13,2,11,1,0.9230769230769231,0.5,1.0,0.6666666666666666,1.0,0.5909090909090908,,11,0,1,1,0.5,13,1.0,,prerana
ensemble_labeler,direct_target_only,new_gold_test_only,new_gold,equal_weight_models,2,0,2,0,1.0,0.0,0.0,0.0,1.0,,single_reference_class,2,0,0,0,0.5,2,1.0,,unassigned_human_labeler
ensemble_labeler,direct_target_only,new_gold_test_only__drop_kyle_only,new_gold,equal_weight_models,53,39,14,12,0.4528301886792453,0.28205128205128205,0.9166666666666666,0.43137254901960786,0.9285714285714286,0.6520146520146521,,13,1,28,11,0.5,53,1.0,,anmol
ensemble_labeler,direct_target_only,new_gold_test_only__drop_kyle_only,new_gold,equal_weight_models,13,2,11,1,0.9230769230769231,0.5,1.0,0.6666666666666666,1.0,0.5909090909090908,,11,0,1,1,0.5,13,1.0,,prerana
ensemble_labeler,direct_target_only,new_gold_test_only__drop_kyle_only,new_gold,equal_weight_models,2,0,2,0,1.0,0.0,0.0,0.0,1.0,,single_reference_class,2,0,0,0,0.5,2,1.0,,unassigned_human_labeler
ensemble_labeler,direct_target_only,old_gold_test_only,old_gold,equal_weight_models,53,39,14,12,0.4528301886792453,0.28205128205128205,0.9166666666666666,0.43137254901960786,0.9285714285714286,0.6520146520146521,,13,1,28,11,0.5,53,1.0,,anmol
ensemble_labeler,direct_target_only,old_gold_test_only,old_gold,equal_weight_models,8,5,3,0,0.375,0.0,0.0,0.0,1.0,0.4666666666666667,,3,0,5,0,0.5,8,1.0,,kyle
ensemble_labeler,direct_target_only,old_gold_test_only,old_gold,equal_weight_models,13,10,3,1,0.3076923076923077,0.1,1.0,0.18181818181818182,1.0,0.7,,3,0,9,1,0.5,13,1.0,,prerana
ensemble_labeler,direct_target_only,old_gold_test_only,old_gold,equal_weight_models,2,0,2,0,1.0,0.0,0.0,0.0,1.0,,single_reference_class,2,0,0,0,0.5,2,1.0,,unassigned_human_labeler
ensemble_labeler,direct_target_only,old_gold_test_only__drop_kyle_only,old_gold,equal_weight_models,53,39,14,12,0.4528301886792453,0.28205128205128205,0.9166666666666666,0.43137254901960786,0.9285714285714286,0.6520146520146521,,13,1,28,11,0.5,53,1.0,,anmol
ensemble_labeler,direct_target_only,old_gold_test_only__drop_kyle_only,old_gold,equal_weight_models,13,10,3,1,0.3076923076923077,0.1,1.0,0.18181818181818182,1.0,0.7,,3,0,9,1,0.5,13,1.0,,prerana
ensemble_labeler,direct_target_only,old_gold_test_only__drop_kyle_only,old_gold,equal_weight_models,2,0,2,0,1.0,0.0,0.0,0.0,1.0,,single_reference_class,2,0,0,0,0.5,2,1.0,,unassigned_human_labeler
ensemble_labeler,direct_target_only,pooled_coder_labels,pooled_coder_decisions,equal_weight_models,53,39,14,12,0.4528301886792453,0.28205128205128205,0.9166666666666666,0.43137254901960786,0.9285714285714286,0.6520146520146521,,13,1,28,11,0.5,53,1.0,,anmol
ensemble_labeler,direct_target_only,pooled_coder_labels,pooled_coder_decisions,equal_weight_models,51,46,5,8,0.2549019607843137,0.17391304347826086,1.0,0.2962962962962963,1.0,0.6434782608695652,,5,0,38,8,0.5,51,1.0,,kyle
ensemble_labeler,direct_target_only,pooled_coder_labels,pooled_coder_decisions,equal_weight_models,18,5,13,3,0.8888888888888888,0.6,1.0,0.75,1.0,0.8461538461538461,,13,0,2,3,0.5,18,1.0,,prerana
ensemble_labeler,direct_target_only,pooled_coder_labels__drop_kyle_only,pooled_coder_decisions,equal_weight_models,53,39,14,12,0.4528301886792453,0.28205128205128205,0.9166666666666666,0.43137254901960786,0.9285714285714286,0.6520146520146521,,13,1,28,11,0.5,53,1.0,,anmol
ensemble_labeler,direct_target_only,pooled_coder_labels__drop_kyle_only,pooled_coder_decisions,equal_weight_models,43,41,2,8,0.23255813953488372,0.1951219512195122,1.0,0.32653061224489793,1.0,0.6097560975609756,,2,0,33,8,0.5,43,1.0,,kyle
ensemble_labeler,direct_target_only,pooled_coder_labels__drop_kyle_only,pooled_coder_decisions,equal_weight_models,18,5,13,3,0.8888888888888888,0.6,1.0,0.75,1.0,0.8461538461538461,,13,0,2,3,0.5,18,1.0,,prerana
ensemble_document_labeler,codebook_no_examples_no_checklist,all_paragraphs_new_gold_unlabeled_no,full_corpus_assumed_negative,equal_weight_models,6,2,4,0,0.6666666666666666,0.0,0.0,0.0,1.0,1.0,,4,0,2,0,0.5,6,1.0,EPA,anmol
ensemble_document_labeler,codebook_no_examples_no_checklist,all_paragraphs_new_gold_unlabeled_no,full_corpus_assumed_negative,equal_weight_models,4,2,2,0,0.5,0.0,0.0,0.0,1.0,0.125,,2,0,2,0,0.5,4,1.0,EPA,kyle
ensemble_document_labeler,codebook_no_examples_no_checklist,all_paragraphs_new_gold_unlabeled_no,full_corpus_assumed_negative,equal_weight_models,12,1,11,0,0.9166666666666666,0.0,0.0,0.0,1.0,0.18181818181818177,,11,0,1,0,0.5,12,1.0,EPA,prerana
ensemble_document_labeler,codebook_no_examples_no_checklist,all_paragraphs_new_gold_unlabeled_no,full_corpus_assumed_negative,equal_weight_models,27,21,6,8,0.4444444444444444,0.3333333333333333,0.875,0.4827586206896552,0.8333333333333334,0.4365079365079365,,5,1,14,7,0.5,28,0.9642857142857143,ERP Report,anmol
ensemble_document_labeler,codebook_no_examples_no_checklist,all_paragraphs_new_gold_unlabeled_no,full_corpus_assumed_negative,equal_weight_models,3,3,0,1,0.3333333333333333,0.3333333333333333,1.0,0.5,,,single_reference_class,0,0,2,1,0.5,3,1.0,GAO,anmol
ensemble_document_labeler,codebook_no_examples_no_checklist,all_paragraphs_new_gold_unlabeled_no,full_corpus_assumed_negative,equal_weight_models,4,3,1,0,0.25,0.0,0.0,0.0,1.0,0.6666666666666666,,1,0,3,0,0.5,4,1.0,GAO,kyle
ensemble_document_labeler,codebook_no_examples_no_checklist,all_paragraphs_new_gold_unlabeled_no,full_corpus_assumed_negative,equal_weight_models,9,5,4,3,0.7777777777777778,0.6,1.0,0.75,1.0,0.9,,4,0,2,3,0.5,9,1.0,Hurricane Katrina,anmol
ensemble_document_labeler,codebook_no_examples_no_checklist,all_paragraphs_new_gold_unlabeled_no,full_corpus_assumed_negative,equal_weight_models,2,0,2,0,1.0,0.0,0.0,0.0,1.0,,single_reference_class,2,0,0,0,0.5,2,1.0,Hurricane Katrina,unassigned_human_labeler
ensemble_document_labeler,codebook_no_examples_no_checklist,all_paragraphs_new_gold_unlabeled_no,full_corpus_assumed_negative,equal_weight_models,7,7,0,3,0.42857142857142855,0.42857142857142855,1.0,0.6,,,single_reference_class,0,0,4,3,0.5,7,1.0,PAR,anmol
ensemble_document_labeler,codebook_no_examples_no_checklist,all_paragraphs_new_gold_unlabeled_no,full_corpus_assumed_negative,equal_weight_models,1,1,0,1,1.0,1.0,1.0,1.0,,,single_reference_class,0,0,0,1,0.5,1,1.0,PAR,prerana
ensemble_document_labeler,codebook_no_examples_no_checklist,all_paragraphs_new_gold_unlabeled_no__drop_kyle_only,full_corpus_assumed_negative,equal_weight_models,6,2,4,0,0.6666666666666666,0.0,0.0,0.0,1.0,1.0,,4,0,2,0,0.5,6,1.0,EPA,anmol
ensemble_document_labeler,codebook_no_examples_no_checklist,all_paragraphs_new_gold_unlabeled_no__drop_kyle_only,full_corpus_assumed_negative,equal_weight_models,12,1,11,0,0.9166666666666666,0.0,0.0,0.0,1.0,0.18181818181818177,,11,0,1,0,0.5,12,1.0,EPA,prerana
ensemble_document_labeler,codebook_no_examples_no_checklist,all_paragraphs_new_gold_unlabeled_no__drop_kyle_only,full_corpus_assumed_negative,equal_weight_models,27,21,6,8,0.4444444444444444,0.3333333333333333,0.875,0.4827586206896552,0.8333333333333334,0.4365079365079365,,5,1,14,7,0.5,28,0.9642857142857143,ERP Report,anmol
ensemble_document_labeler,codebook_no_examples_no_checklist,all_paragraphs_new_gold_unlabeled_no__drop_kyle_only,full_corpus_assumed_negative,equal_weight_models,3,3,0,1,0.3333333333333333,0.3333333333333333,1.0,0.5,,,single_reference_class,0,0,2,1,0.5,3,1.0,GAO,anmol
ensemble_document_labeler,codebook_no_examples_no_checklist,all_paragraphs_new_gold_unlabeled_no__drop_kyle_only,full_corpus_assumed_negative,equal_weight_models,9,5,4,3,0.7777777777777778,0.6,1.0,0.75,1.0,0.9,,4,0,2,3,0.5,9,1.0,Hurricane Katrina,anmol
ensemble_document_labeler,codebook_no_examples_no_checklist,all_paragraphs_new_gold_unlabeled_no__drop_kyle_only,full_corpus_assumed_negative,equal_weight_models,2,0,2,0,1.0,0.0,0.0,0.0,1.0,,single_reference_class,2,0,0,0,0.5,2,1.0,Hurricane Katrina,unassigned_human_labeler
ensemble_document_labeler,codebook_no_examples_no_checklist,all_paragraphs_new_gold_unlabeled_no__drop_kyle_only,full_corpus_assumed_negative,equal_weight_models,7,7,0,3,0.42857142857142855,0.42857142857142855,1.0,0.6,,,single_reference_class,0,0,4,3,0.5,7,1.0,PAR,anmol
ensemble_document_labeler,codebook_no_examples_no_checklist,all_paragraphs_new_gold_unlabeled_no__drop_kyle_only,full_corpus_assumed_negative,equal_weight_models,1,1,0,1,1.0,1.0,1.0,1.0,,,single_reference_class,0,0,0,1,0.5,1,1.0,PAR,prerana
ensemble_document_labeler,codebook_no_examples_no_checklist,labeler_anmol,individual_coder,equal_weight_models,6,2,4,0,0.6666666666666666,0.0,0.0,0.0,1.0,1.0,,4,0,2,0,0.5,6,1.0,EPA,anmol
ensemble_document_labeler,codebook_no_examples_no_checklist,labeler_anmol,individual_coder,equal_weight_models,27,21,6,8,0.4444444444444444,0.3333333333333333,0.875,0.4827586206896552,0.8333333333333334,0.4365079365079365,,5,1,14,7,0.5,28,0.9642857142857143,ERP Report,anmol
ensemble_document_labeler,codebook_no_examples_no_checklist,labeler_anmol,individual_coder,equal_weight_models,3,3,0,1,0.3333333333333333,0.3333333333333333,1.0,0.5,,,single_reference_class,0,0,2,1,0.5,3,1.0,GAO,anmol
ensemble_document_labeler,codebook_no_examples_no_checklist,labeler_anmol,individual_coder,equal_weight_models,9,5,4,3,0.7777777777777778,0.6,1.0,0.75,1.0,0.9,,4,0,2,3,0.5,9,1.0,Hurricane Katrina,anmol
ensemble_document_labeler,codebook_no_examples_no_checklist,labeler_anmol,individual_coder,equal_weight_models,7,7,0,3,0.42857142857142855,0.42857142857142855,1.0,0.6,,,single_reference_class,0,0,4,3,0.5,7,1.0,PAR,anmol
ensemble_document_labeler,codebook_no_examples_no_checklist,labeler_anmol__drop_kyle_only,individual_coder,equal_weight_models,6,2,4,0,0.6666666666666666,0.0,0.0,0.0,1.0,1.0,,4,0,2,0,0.5,6,1.0,EPA,anmol
ensemble_document_labeler,codebook_no_examples_no_checklist,labeler_anmol__drop_kyle_only,individual_coder,equal_weight_models,27,21,6,8,0.4444444444444444,0.3333333333333333,0.875,0.4827586206896552,0.8333333333333334,0.4365079365079365,,5,1,14,7,0.5,28,0.9642857142857143,ERP Report,anmol
ensemble_document_labeler,codebook_no_examples_no_checklist,labeler_anmol__drop_kyle_only,individual_coder,equal_weight_models,3,3,0,1,0.3333333333333333,0.3333333333333333,1.0,0.5,,,single_reference_class,0,0,2,1,0.5,3,1.0,GAO,anmol
ensemble_document_labeler,codebook_no_examples_no_checklist,labeler_anmol__drop_kyle_only,individual_coder,equal_weight_models,9,5,4,3,0.7777777777777778,0.6,1.0,0.75,1.0,0.9,,4,0,2,3,0.5,9,1.0,Hurricane Katrina,anmol
ensemble_document_labeler,codebook_no_examples_no_checklist,labeler_anmol__drop_kyle_only,individual_coder,equal_weight_models,7,7,0,3,0.42857142857142855,0.42857142857142855,1.0,0.6,,,single_reference_class,0,0,4,3,0.5,7,1.0,PAR,anmol
ensemble_document_labeler,codebook_no_examples_no_checklist,labeler_kyle,individual_coder,equal_weight_models,8,6,2,0,0.25,0.0,0.0,0.0,1.0,0.5416666666666666,,2,0,6,0,0.5,8,1.0,EPA,kyle
ensemble_document_labeler,codebook_no_examples_no_checklist,labeler_kyle,individual_coder,equal_weight_models,27,27,0,8,0.2962962962962963,0.2962962962962963,1.0,0.45714285714285713,,,single_reference_class,0,0,19,8,0.5,28,0.9642857142857143,ERP Report,kyle
ensemble_document_labeler,codebook_no_examples_no_checklist,labeler_kyle,individual_coder,equal_weight_models,6,5,1,1,0.3333333333333333,0.2,1.0,0.3333333333333333,1.0,0.6,,1,0,4,1,0.5,6,1.0,GAO,kyle
ensemble_document_labeler,codebook_no_examples_no_checklist,labeler_kyle,individual_coder,equal_weight_models,9,7,2,3,0.5555555555555556,0.42857142857142855,1.0,0.6,1.0,0.8571428571428572,,2,0,4,3,0.5,9,1.0,Hurricane Katrina,kyle
ensemble_document_labeler,codebook_no_examples_no_checklist,labeler_kyle__drop_kyle_only,individual_coder,equal_weight_models,4,4,0,0,0.0,0.0,0.0,0.0,,,single_reference_class,0,0,4,0,0.5,4,1.0,EPA,kyle
ensemble_document_labeler,codebook_no_examples_no_checklist,labeler_kyle__drop_kyle_only,individual_coder,equal_weight_models,27,27,0,8,0.2962962962962963,0.2962962962962963,1.0,0.45714285714285713,,,single_reference_class,0,0,19,8,0.5,28,0.9642857142857143,ERP Report,kyle
ensemble_document_labeler,codebook_no_examples_no_checklist,labeler_kyle__drop_kyle_only,individual_coder,equal_weight_models,2,2,0,1,0.5,0.5,1.0,0.6666666666666666,,,single_reference_class,0,0,1,1,0.5,2,1.0,GAO,kyle
ensemble_document_labeler,codebook_no_examples_no_checklist,labeler_kyle__drop_kyle_only,individual_coder,equal_weight_models,9,7,2,3,0.5555555555555556,0.42857142857142855,1.0,0.6,1.0,0.8571428571428572,,2,0,4,3,0.5,9,1.0,Hurricane Katrina,kyle
ensemble_document_labeler,codebook_no_examples_no_checklist,labeler_prerana,individual_coder,equal_weight_models,14,1,13,0,0.9285714285714286,0.0,0.0,0.0,1.0,0.15384615384615385,,13,0,1,0,0.5,14,1.0,EPA,prerana
ensemble_document_labeler,codebook_no_examples_no_checklist,labeler_prerana,individual_coder,equal_weight_models,4,4,0,3,0.75,0.75,1.0,0.8571428571428571,,,single_reference_class,0,0,1,3,0.5,4,1.0,PAR,prerana
ensemble_document_labeler,codebook_no_examples_no_checklist,labeler_prerana__drop_kyle_only,individual_coder,equal_weight_models,14,1,13,0,0.9285714285714286,0.0,0.0,0.0,1.0,0.15384615384615385,,13,0,1,0,0.5,14,1.0,EPA,prerana
ensemble_document_labeler,codebook_no_examples_no_checklist,labeler_prerana__drop_kyle_only,individual_coder,equal_weight_models,4,4,0,3,0.75,0.75,1.0,0.8571428571428571,,,single_reference_class,0,0,1,3,0.5,4,1.0,PAR,prerana
ensemble_document_labeler,codebook_no_examples_no_checklist,new_gold_test_only,new_gold,equal_weight_models,6,2,4,0,0.6666666666666666,0.0,0.0,0.0,1.0,1.0,,4,0,2,0,0.5,6,1.0,EPA,anmol
ensemble_document_labeler,codebook_no_examples_no_checklist,new_gold_test_only,new_gold,equal_weight_models,4,2,2,0,0.5,0.0,0.0,0.0,1.0,0.125,,2,0,2,0,0.5,4,1.0,EPA,kyle
ensemble_document_labeler,codebook_no_examples_no_checklist,new_gold_test_only,new_gold,equal_weight_models,12,1,11,0,0.9166666666666666,0.0,0.0,0.0,1.0,0.18181818181818177,,11,0,1,0,0.5,12,1.0,EPA,prerana
ensemble_document_labeler,codebook_no_examples_no_checklist,new_gold_test_only,new_gold,equal_weight_models,27,21,6,8,0.4444444444444444,0.3333333333333333,0.875,0.4827586206896552,0.8333333333333334,0.4365079365079365,,5,1,14,7,0.5,28,0.9642857142857143,ERP Report,anmol
ensemble_document_labeler,codebook_no_examples_no_checklist,new_gold_test_only,new_gold,equal_weight_models,3,3,0,1,0.3333333333333333,0.3333333333333333,1.0,0.5,,,single_reference_class,0,0,2,1,0.5,3,1.0,GAO,anmol
ensemble_document_labeler,codebook_no_examples_no_checklist,new_gold_test_only,new_gold,equal_weight_models,4,3,1,0,0.25,0.0,0.0,0.0,1.0,0.6666666666666666,,1,0,3,0,0.5,4,1.0,GAO,kyle
ensemble_document_labeler,codebook_no_examples_no_checklist,new_gold_test_only,new_gold,equal_weight_models,9,5,4,3,0.7777777777777778,0.6,1.0,0.75,1.0,0.9,,4,0,2,3,0.5,9,1.0,Hurricane Katrina,anmol
ensemble_document_labeler,codebook_no_examples_no_checklist,new_gold_test_only,new_gold,equal_weight_models,2,0,2,0,1.0,0.0,0.0,0.0,1.0,,single_reference_class,2,0,0,0,0.5,2,1.0,Hurricane Katrina,unassigned_human_labeler
ensemble_document_labeler,codebook_no_examples_no_checklist,new_gold_test_only,new_gold,equal_weight_models,7,7,0,3,0.42857142857142855,0.42857142857142855,1.0,0.6,,,single_reference_class,0,0,4,3,0.5,7,1.0,PAR,anmol
ensemble_document_labeler,codebook_no_examples_no_checklist,new_gold_test_only,new_gold,equal_weight_models,1,1,0,1,1.0,1.0,1.0,1.0,,,single_reference_class,0,0,0,1,0.5,1,1.0,PAR,prerana
ensemble_document_labeler,codebook_no_examples_no_checklist,new_gold_test_only__drop_kyle_only,new_gold,equal_weight_models,6,2,4,0,0.6666666666666666,0.0,0.0,0.0,1.0,1.0,,4,0,2,0,0.5,6,1.0,EPA,anmol
ensemble_document_labeler,codebook_no_examples_no_checklist,new_gold_test_only__drop_kyle_only,new_gold,equal_weight_models,12,1,11,0,0.9166666666666666,0.0,0.0,0.0,1.0,0.18181818181818177,,11,0,1,0,0.5,12,1.0,EPA,prerana
ensemble_document_labeler,codebook_no_examples_no_checklist,new_gold_test_only__drop_kyle_only,new_gold,equal_weight_models,27,21,6,8,0.4444444444444444,0.3333333333333333,0.875,0.4827586206896552,0.8333333333333334,0.4365079365079365,,5,1,14,7,0.5,28,0.9642857142857143,ERP Report,anmol
ensemble_document_labeler,codebook_no_examples_no_checklist,new_gold_test_only__drop_kyle_only,new_gold,equal_weight_models,3,3,0,1,0.3333333333333333,0.3333333333333333,1.0,0.5,,,single_reference_class,0,0,2,1,0.5,3,1.0,GAO,anmol
ensemble_document_labeler,codebook_no_examples_no_checklist,new_gold_test_only__drop_kyle_only,new_gold,equal_weight_models,9,5,4,3,0.7777777777777778,0.6,1.0,0.75,1.0,0.9,,4,0,2,3,0.5,9,1.0,Hurricane Katrina,anmol
ensemble_document_labeler,codebook_no_examples_no_checklist,new_gold_test_only__drop_kyle_only,new_gold,equal_weight_models,2,0,2,0,1.0,0.0,0.0,0.0,1.0,,single_reference_class,2,0,0,0,0.5,2,1.0,Hurricane Katrina,unassigned_human_labeler
ensemble_document_labeler,codebook_no_examples_no_checklist,new_gold_test_only__drop_kyle_only,new_gold,equal_weight_models,7,7,0,3,0.42857142857142855,0.42857142857142855,1.0,0.6,,,single_reference_class,0,0,4,3,0.5,7,1.0,PAR,anmol
ensemble_document_labeler,codebook_no_examples_no_checklist,new_gold_test_only__drop_kyle_only,new_gold,equal_weight_models,1,1,0,1,1.0,1.0,1.0,1.0,,,single_reference_class,0,0,0,1,0.5,1,1.0,PAR,prerana
ensemble_document_labeler,codebook_no_examples_no_checklist,old_gold_test_only,old_gold,equal_weight_models,6,2,4,0,0.6666666666666666,0.0,0.0,0.0,1.0,1.0,,4,0,2,0,0.5,6,1.0,EPA,anmol
ensemble_document_labeler,codebook_no_examples_no_checklist,old_gold_test_only,old_gold,equal_weight_models,4,2,2,0,0.5,0.0,0.0,0.0,1.0,0.125,,2,0,2,0,0.5,4,1.0,EPA,kyle
ensemble_document_labeler,codebook_no_examples_no_checklist,old_gold_test_only,old_gold,equal_weight_models,12,9,3,0,0.25,0.0,0.0,0.0,1.0,0.8888888888888888,,3,0,9,0,0.5,12,1.0,EPA,prerana
ensemble_document_labeler,codebook_no_examples_no_checklist,old_gold_test_only,old_gold,equal_weight_models,27,21,6,8,0.4444444444444444,0.3333333333333333,0.875,0.4827586206896552,0.8333333333333334,0.4365079365079365,,5,1,14,7,0.5,28,0.9642857142857143,ERP Report,anmol
ensemble_document_labeler,codebook_no_examples_no_checklist,old_gold_test_only,old_gold,equal_weight_models,3,3,0,1,0.3333333333333333,0.3333333333333333,1.0,0.5,,,single_reference_class,0,0,2,1,0.5,3,1.0,GAO,anmol
ensemble_document_labeler,codebook_no_examples_no_checklist,old_gold_test_only,old_gold,equal_weight_models,4,3,1,0,0.25,0.0,0.0,0.0,1.0,0.6666666666666666,,1,0,3,0,0.5,4,1.0,GAO,kyle
ensemble_document_labeler,codebook_no_examples_no_checklist,old_gold_test_only,old_gold,equal_weight_models,9,5,4,3,0.7777777777777778,0.6,1.0,0.75,1.0,0.9,,4,0,2,3,0.5,9,1.0,Hurricane Katrina,anmol
ensemble_document_labeler,codebook_no_examples_no_checklist,old_gold_test_only,old_gold,equal_weight_models,2,0,2,0,1.0,0.0,0.0,0.0,1.0,,single_reference_class,2,0,0,0,0.5,2,1.0,Hurricane Katrina,unassigned_human_labeler
ensemble_document_labeler,codebook_no_examples_no_checklist,old_gold_test_only,old_gold,equal_weight_models,7,7,0,3,0.42857142857142855,0.42857142857142855,1.0,0.6,,,single_reference_class,0,0,4,3,0.5,7,1.0,PAR,anmol
ensemble_document_labeler,codebook_no_examples_no_checklist,old_gold_test_only,old_gold,equal_weight_models,1,1,0,1,1.0,1.0,1.0,1.0,,,single_reference_class,0,0,0,1,0.5,1,1.0,PAR,prerana
ensemble_document_labeler,codebook_no_examples_no_checklist,old_gold_test_only__drop_kyle_only,old_gold,equal_weight_models,6,2,4,0,0.6666666666666666,0.0,0.0,0.0,1.0,1.0,,4,0,2,0,0.5,6,1.0,EPA,anmol
ensemble_document_labeler,codebook_no_examples_no_checklist,old_gold_test_only__drop_kyle_only,old_gold,equal_weight_models,12,9,3,0,0.25,0.0,0.0,0.0,1.0,0.8888888888888888,,3,0,9,0,0.5,12,1.0,EPA,prerana
ensemble_document_labeler,codebook_no_examples_no_checklist,old_gold_test_only__drop_kyle_only,old_gold,equal_weight_models,27,21,6,8,0.4444444444444444,0.3333333333333333,0.875,0.4827586206896552,0.8333333333333334,0.4365079365079365,,5,1,14,7,0.5,28,0.9642857142857143,ERP Report,anmol
ensemble_document_labeler,codebook_no_examples_no_checklist,old_gold_test_only__drop_kyle_only,old_gold,equal_weight_models,3,3,0,1,0.3333333333333333,0.3333333333333333,1.0,0.5,,,single_reference_class,0,0,2,1,0.5,3,1.0,GAO,anmol
ensemble_document_labeler,codebook_no_examples_no_checklist,old_gold_test_only__drop_kyle_only,old_gold,equal_weight_models,9,5,4,3,0.7777777777777778,0.6,1.0,0.75,1.0,0.9,,4,0,2,3,0.5,9,1.0,Hurricane Katrina,anmol
ensemble_document_labeler,codebook_no_examples_no_checklist,old_gold_test_only__drop_kyle_only,old_gold,equal_weight_models,2,0,2,0,1.0,0.0,0.0,0.0,1.0,,single_reference_class,2,0,0,0,0.5,2,1.0,Hurricane Katrina,unassigned_human_labeler
ensemble_document_labeler,codebook_no_examples_no_checklist,old_gold_test_only__drop_kyle_only,old_gold,equal_weight_models,7,7,0,3,0.42857142857142855,0.42857142857142855,1.0,0.6,,,single_reference_class,0,0,4,3,0.5,7,1.0,PAR,anmol
ensemble_document_labeler,codebook_no_examples_no_checklist,old_gold_test_only__drop_kyle_only,old_gold,equal_weight_models,1,1,0,1,1.0,1.0,1.0,1.0,,,single_reference_class,0,0,0,1,0.5,1,1.0,PAR,prerana
ensemble_document_labeler,codebook_no_examples_no_checklist,pooled_coder_labels,pooled_coder_decisions,equal_weight_models,6,2,4,0,0.6666666666666666,0.0,0.0,0.0,1.0,1.0,,4,0,2,0,0.5,6,1.0,EPA,anmol
ensemble_document_labeler,codebook_no_examples_no_checklist,pooled_coder_labels,pooled_coder_decisions,equal_weight_models,8,6,2,0,0.25,0.0,0.0,0.0,1.0,0.5416666666666666,,2,0,6,0,0.5,8,1.0,EPA,kyle
ensemble_document_labeler,codebook_no_examples_no_checklist,pooled_coder_labels,pooled_coder_decisions,equal_weight_models,14,1,13,0,0.9285714285714286,0.0,0.0,0.0,1.0,0.15384615384615385,,13,0,1,0,0.5,14,1.0,EPA,prerana
ensemble_document_labeler,codebook_no_examples_no_checklist,pooled_coder_labels,pooled_coder_decisions,equal_weight_models,27,21,6,8,0.4444444444444444,0.3333333333333333,0.875,0.4827586206896552,0.8333333333333334,0.4365079365079365,,5,1,14,7,0.5,28,0.9642857142857143,ERP Report,anmol
ensemble_document_labeler,codebook_no_examples_no_checklist,pooled_coder_labels,pooled_coder_decisions,equal_weight_models,27,27,0,8,0.2962962962962963,0.2962962962962963,1.0,0.45714285714285713,,,single_reference_class,0,0,19,8,0.5,28,0.9642857142857143,ERP Report,kyle
ensemble_document_labeler,codebook_no_examples_no_checklist,pooled_coder_labels,pooled_coder_decisions,equal_weight_models,3,3,0,1,0.3333333333333333,0.3333333333333333,1.0,0.5,,,single_reference_class,0,0,2,1,0.5,3,1.0,GAO,anmol
ensemble_document_labeler,codebook_no_examples_no_checklist,pooled_coder_labels,pooled_coder_decisions,equal_weight_models,6,5,1,1,0.3333333333333333,0.2,1.0,0.3333333333333333,1.0,0.6,,1,0,4,1,0.5,6,1.0,GAO,kyle
ensemble_document_labeler,codebook_no_examples_no_checklist,pooled_coder_labels,pooled_coder_decisions,equal_weight_models,9,5,4,3,0.7777777777777778,0.6,1.0,0.75,1.0,0.9,,4,0,2,3,0.5,9,1.0,Hurricane Katrina,anmol
ensemble_document_labeler,codebook_no_examples_no_checklist,pooled_coder_labels,pooled_coder_decisions,equal_weight_models,9,7,2,3,0.5555555555555556,0.42857142857142855,1.0,0.6,1.0,0.8571428571428572,,2,0,4,3,0.5,9,1.0,Hurricane Katrina,kyle
ensemble_document_labeler,codebook_no_examples_no_checklist,pooled_coder_labels,pooled_coder_decisions,equal_weight_models,7,7,0,3,0.42857142857142855,0.42857142857142855,1.0,0.6,,,single_reference_class,0,0,4,3,0.5,7,1.0,PAR,anmol
ensemble_document_labeler,codebook_no_examples_no_checklist,pooled_coder_labels,pooled_coder_decisions,equal_weight_models,4,4,0,3,0.75,0.75,1.0,0.8571428571428571,,,single_reference_class,0,0,1,3,0.5,4,1.0,PAR,prerana
ensemble_document_labeler,codebook_no_examples_no_checklist,pooled_coder_labels__drop_kyle_only,pooled_coder_decisions,equal_weight_models,6,2,4,0,0.6666666666666666,0.0,0.0,0.0,1.0,1.0,,4,0,2,0,0.5,6,1.0,EPA,anmol
ensemble_document_labeler,codebook_no_examples_no_checklist,pooled_coder_labels__drop_kyle_only,pooled_coder_decisions,equal_weight_models,4,4,0,0,0.0,0.0,0.0,0.0,,,single_reference_class,0,0,4,0,0.5,4,1.0,EPA,kyle
ensemble_document_labeler,codebook_no_examples_no_checklist,pooled_coder_labels__drop_kyle_only,pooled_coder_decisions,equal_weight_models,14,1,13,0,0.9285714285714286,0.0,0.0,0.0,1.0,0.15384615384615385,,13,0,1,0,0.5,14,1.0,EPA,prerana
ensemble_document_labeler,codebook_no_examples_no_checklist,pooled_coder_labels__drop_kyle_only,pooled_coder_decisions,equal_weight_models,27,21,6,8,0.4444444444444444,0.3333333333333333,0.875,0.4827586206896552,0.8333333333333334,0.4365079365079365,,5,1,14,7,0.5,28,0.9642857142857143,ERP Report,anmol
ensemble_document_labeler,codebook_no_examples_no_checklist,pooled_coder_labels__drop_kyle_only,pooled_coder_decisions,equal_weight_models,27,27,0,8,0.2962962962962963,0.2962962962962963,1.0,0.45714285714285713,,,single_reference_class,0,0,19,8,0.5,28,0.9642857142857143,ERP Report,kyle
ensemble_document_labeler,codebook_no_examples_no_checklist,pooled_coder_labels__drop_kyle_only,pooled_coder_decisions,equal_weight_models,3,3,0,1,0.3333333333333333,0.3333333333333333,1.0,0.5,,,single_reference_class,0,0,2,1,0.5,3,1.0,GAO,anmol
ensemble_document_labeler,codebook_no_examples_no_checklist,pooled_coder_labels__drop_kyle_only,pooled_coder_decisions,equal_weight_models,2,2,0,1,0.5,0.5,1.0,0.6666666666666666,,,single_reference_class,0,0,1,1,0.5,2,1.0,GAO,kyle
ensemble_document_labeler,codebook_no_examples_no_checklist,pooled_coder_labels__drop_kyle_only,pooled_coder_decisions,equal_weight_models,9,5,4,3,0.7777777777777778,0.6,1.0,0.75,1.0,0.9,,4,0,2,3,0.5,9,1.0,Hurricane Katrina,anmol
ensemble_document_labeler,codebook_no_examples_no_checklist,pooled_coder_labels__drop_kyle_only,pooled_coder_decisions,equal_weight_models,9,7,2,3,0.5555555555555556,0.42857142857142855,1.0,0.6,1.0,0.8571428571428572,,2,0,4,3,0.5,9,1.0,Hurricane Katrina,kyle
ensemble_document_labeler,codebook_no_examples_no_checklist,pooled_coder_labels__drop_kyle_only,pooled_coder_decisions,equal_weight_models,7,7,0,3,0.42857142857142855,0.42857142857142855,1.0,0.6,,,single_reference_class,0,0,4,3,0.5,7,1.0,PAR,anmol
ensemble_document_labeler,codebook_no_examples_no_checklist,pooled_coder_labels__drop_kyle_only,pooled_coder_decisions,equal_weight_models,4,4,0,3,0.75,0.75,1.0,0.8571428571428571,,,single_reference_class,0,0,1,3,0.5,4,1.0,PAR,prerana
ensemble_document_labeler,codebook_no_examples_with_checklist,all_paragraphs_new_gold_unlabeled_no,full_corpus_assumed_negative,equal_weight_models,6,2,4,0,0.6666666666666666,0.0,0.0,0.0,1.0,1.0,,4,0,2,0,0.5,6,1.0,EPA,anmol
ensemble_document_labeler,codebook_no_examples_with_checklist,all_paragraphs_new_gold_unlabeled_no,full_corpus_assumed_negative,equal_weight_models,4,2,2,0,0.5,0.0,0.0,0.0,1.0,0.0,,2,0,2,0,0.5,4,1.0,EPA,kyle
ensemble_document_labeler,codebook_no_examples_with_checklist,all_paragraphs_new_gold_unlabeled_no,full_corpus_assumed_negative,equal_weight_models,12,1,11,0,0.9166666666666666,0.0,0.0,0.0,1.0,0.09090909090909094,,11,0,1,0,0.5,12,1.0,EPA,prerana
ensemble_document_labeler,codebook_no_examples_with_checklist,all_paragraphs_new_gold_unlabeled_no,full_corpus_assumed_negative,equal_weight_models,27,21,6,6,0.37037037037037035,0.23809523809523808,0.8333333333333334,0.37037037037037035,0.8333333333333334,0.5674603174603174,,5,1,16,5,0.5,28,0.9642857142857143,ERP Report,anmol
ensemble_document_labeler,codebook_no_examples_with_checklist,all_paragraphs_new_gold_unlabeled_no,full_corpus_assumed_negative,equal_weight_models,3,3,0,0,0.0,0.0,0.0,0.0,,,single_reference_class,0,0,3,0,0.5,3,1.0,GAO,anmol
ensemble_document_labeler,codebook_no_examples_with_checklist,all_paragraphs_new_gold_unlabeled_no,full_corpus_assumed_negative,equal_weight_models,4,3,1,0,0.25,0.0,0.0,0.0,1.0,0.6666666666666666,,1,0,3,0,0.5,4,1.0,GAO,kyle
ensemble_document_labeler,codebook_no_examples_with_checklist,all_paragraphs_new_gold_unlabeled_no,full_corpus_assumed_negative,equal_weight_models,9,5,4,3,0.7777777777777778,0.6,1.0,0.75,1.0,0.95,,4,0,2,3,0.5,9,1.0,Hurricane Katrina,anmol
ensemble_document_labeler,codebook_no_examples_with_checklist,all_paragraphs_new_gold_unlabeled_no,full_corpus_assumed_negative,equal_weight_models,2,0,2,0,1.0,0.0,0.0,0.0,1.0,,single_reference_class,2,0,0,0,0.5,2,1.0,Hurricane Katrina,unassigned_human_labeler
ensemble_document_labeler,codebook_no_examples_with_checklist,all_paragraphs_new_gold_unlabeled_no,full_corpus_assumed_negative,equal_weight_models,7,7,0,3,0.42857142857142855,0.42857142857142855,1.0,0.6,,,single_reference_class,0,0,4,3,0.5,7,1.0,PAR,anmol
ensemble_document_labeler,codebook_no_examples_with_checklist,all_paragraphs_new_gold_unlabeled_no,full_corpus_assumed_negative,equal_weight_models,1,1,0,1,1.0,1.0,1.0,1.0,,,single_reference_class,0,0,0,1,0.5,1,1.0,PAR,prerana
ensemble_document_labeler,codebook_no_examples_with_checklist,all_paragraphs_new_gold_unlabeled_no__drop_kyle_only,full_corpus_assumed_negative,equal_weight_models,6,2,4,0,0.6666666666666666,0.0,0.0,0.0,1.0,1.0,,4,0,2,0,0.5,6,1.0,EPA,anmol
ensemble_document_labeler,codebook_no_examples_with_checklist,all_paragraphs_new_gold_unlabeled_no__drop_kyle_only,full_corpus_assumed_negative,equal_weight_models,12,1,11,0,0.9166666666666666,0.0,0.0,0.0,1.0,0.09090909090909094,,11,0,1,0,0.5,12,1.0,EPA,prerana
ensemble_document_labeler,codebook_no_examples_with_checklist,all_paragraphs_new_gold_unlabeled_no__drop_kyle_only,full_corpus_assumed_negative,equal_weight_models,27,21,6,6,0.37037037037037035,0.23809523809523808,0.8333333333333334,0.37037037037037035,0.8333333333333334,0.5674603174603174,,5,1,16,5,0.5,28,0.9642857142857143,ERP Report,anmol
ensemble_document_labeler,codebook_no_examples_with_checklist,all_paragraphs_new_gold_unlabeled_no__drop_kyle_only,full_corpus_assumed_negative,equal_weight_models,3,3,0,0,0.0,0.0,0.0,0.0,,,single_reference_class,0,0,3,0,0.5,3,1.0,GAO,anmol
ensemble_document_labeler,codebook_no_examples_with_checklist,all_paragraphs_new_gold_unlabeled_no__drop_kyle_only,full_corpus_assumed_negative,equal_weight_models,9,5,4,3,0.7777777777777778,0.6,1.0,0.75,1.0,0.95,,4,0,2,3,0.5,9,1.0,Hurricane Katrina,anmol
ensemble_document_labeler,codebook_no_examples_with_checklist,all_paragraphs_new_gold_unlabeled_no__drop_kyle_only,full_corpus_assumed_negative,equal_weight_models,2,0,2,0,1.0,0.0,0.0,0.0,1.0,,single_reference_class,2,0,0,0,0.5,2,1.0,Hurricane Katrina,unassigned_human_labeler
ensemble_document_labeler,codebook_no_examples_with_checklist,all_paragraphs_new_gold_unlabeled_no__drop_kyle_only,full_corpus_assumed_negative,equal_weight_models,7,7,0,3,0.42857142857142855,0.42857142857142855,1.0,0.6,,,single_reference_class,0,0,4,3,0.5,7,1.0,PAR,anmol
ensemble_document_labeler,codebook_no_examples_with_checklist,all_paragraphs_new_gold_unlabeled_no__drop_kyle_only,full_corpus_assumed_negative,equal_weight_models,1,1,0,1,1.0,1.0,1.0,1.0,,,single_reference_class,0,0,0,1,0.5,1,1.0,PAR,prerana
ensemble_document_labeler,codebook_no_examples_with_checklist,labeler_anmol,individual_coder,equal_weight_models,6,2,4,0,0.6666666666666666,0.0,0.0,0.0,1.0,1.0,,4,0,2,0,0.5,6,1.0,EPA,anmol
ensemble_document_labeler,codebook_no_examples_with_checklist,labeler_anmol,individual_coder,equal_weight_models,27,21,6,6,0.37037037037037035,0.23809523809523808,0.8333333333333334,0.37037037037037035,0.8333333333333334,0.5674603174603174,,5,1,16,5,0.5,28,0.9642857142857143,ERP Report,anmol
ensemble_document_labeler,codebook_no_examples_with_checklist,labeler_anmol,individual_coder,equal_weight_models,3,3,0,0,0.0,0.0,0.0,0.0,,,single_reference_class,0,0,3,0,0.5,3,1.0,GAO,anmol
ensemble_document_labeler,codebook_no_examples_with_checklist,labeler_anmol,individual_coder,equal_weight_models,9,5,4,3,0.7777777777777778,0.6,1.0,0.75,1.0,0.95,,4,0,2,3,0.5,9,1.0,Hurricane Katrina,anmol
ensemble_document_labeler,codebook_no_examples_with_checklist,labeler_anmol,individual_coder,equal_weight_models,7,7,0,3,0.42857142857142855,0.42857142857142855,1.0,0.6,,,single_reference_class,0,0,4,3,0.5,7,1.0,PAR,anmol
ensemble_document_labeler,codebook_no_examples_with_checklist,labeler_anmol__drop_kyle_only,individual_coder,equal_weight_models,6,2,4,0,0.6666666666666666,0.0,0.0,0.0,1.0,1.0,,4,0,2,0,0.5,6,1.0,EPA,anmol
ensemble_document_labeler,codebook_no_examples_with_checklist,labeler_anmol__drop_kyle_only,individual_coder,equal_weight_models,27,21,6,6,0.37037037037037035,0.23809523809523808,0.8333333333333334,0.37037037037037035,0.8333333333333334,0.5674603174603174,,5,1,16,5,0.5,28,0.9642857142857143,ERP Report,anmol
ensemble_document_labeler,codebook_no_examples_with_checklist,labeler_anmol__drop_kyle_only,individual_coder,equal_weight_models,3,3,0,0,0.0,0.0,0.0,0.0,,,single_reference_class,0,0,3,0,0.5,3,1.0,GAO,anmol
ensemble_document_labeler,codebook_no_examples_with_checklist,labeler_anmol__drop_kyle_only,individual_coder,equal_weight_models,9,5,4,3,0.7777777777777778,0.6,1.0,0.75,1.0,0.95,,4,0,2,3,0.5,9,1.0,Hurricane Katrina,anmol
ensemble_document_labeler,codebook_no_examples_with_checklist,labeler_anmol__drop_kyle_only,individual_coder,equal_weight_models,7,7,0,3,0.42857142857142855,0.42857142857142855,1.0,0.6,,,single_reference_class,0,0,4,3,0.5,7,1.0,PAR,anmol
ensemble_document_labeler,codebook_no_examples_with_checklist,labeler_kyle,individual_coder,equal_weight_models,8,6,2,0,0.25,0.0,0.0,0.0,1.0,0.5,,2,0,6,0,0.5,8,1.0,EPA,kyle
ensemble_document_labeler,codebook_no_examples_with_checklist,labeler_kyle,individual_coder,equal_weight_models,27,27,0,6,0.2222222222222222,0.2222222222222222,1.0,0.36363636363636365,,,single_reference_class,0,0,21,6,0.5,28,0.9642857142857143,ERP Report,kyle
ensemble_document_labeler,codebook_no_examples_with_checklist,labeler_kyle,individual_coder,equal_weight_models,6,5,1,0,0.16666666666666666,0.0,0.0,0.0,1.0,0.6,,1,0,5,0,0.5,6,1.0,GAO,kyle
ensemble_document_labeler,codebook_no_examples_with_checklist,labeler_kyle,individual_coder,equal_weight_models,9,7,2,3,0.5555555555555556,0.42857142857142855,1.0,0.6,1.0,0.9285714285714286,,2,0,4,3,0.5,9,1.0,Hurricane Katrina,kyle
ensemble_document_labeler,codebook_no_examples_with_checklist,labeler_kyle__drop_kyle_only,individual_coder,equal_weight_models,4,4,0,0,0.0,0.0,0.0,0.0,,,single_reference_class,0,0,4,0,0.5,4,1.0,EPA,kyle
ensemble_document_labeler,codebook_no_examples_with_checklist,labeler_kyle__drop_kyle_only,individual_coder,equal_weight_models,27,27,0,6,0.2222222222222222,0.2222222222222222,1.0,0.36363636363636365,,,single_reference_class,0,0,21,6,0.5,28,0.9642857142857143,ERP Report,kyle
ensemble_document_labeler,codebook_no_examples_with_checklist,labeler_kyle__drop_kyle_only,individual_coder,equal_weight_models,2,2,0,0,0.0,0.0,0.0,0.0,,,single_reference_class,0,0,2,0,0.5,2,1.0,GAO,kyle
ensemble_document_labeler,codebook_no_examples_with_checklist,labeler_kyle__drop_kyle_only,individual_coder,equal_weight_models,9,7,2,3,0.5555555555555556,0.42857142857142855,1.0,0.6,1.0,0.9285714285714286,,2,0,4,3,0.5,9,1.0,Hurricane Katrina,kyle
ensemble_document_labeler,codebook_no_examples_with_checklist,labeler_prerana,individual_coder,equal_weight_models,14,1,13,0,0.9285714285714286,0.0,0.0,0.0,1.0,0.07692307692307687,,13,0,1,0,0.5,14,1.0,EPA,prerana
ensemble_document_labeler,codebook_no_examples_with_checklist,labeler_prerana,individual_coder,equal_weight_models,4,4,0,3,0.75,0.75,1.0,0.8571428571428571,,,single_reference_class,0,0,1,3,0.5,4,1.0,PAR,prerana
ensemble_document_labeler,codebook_no_examples_with_checklist,labeler_prerana__drop_kyle_only,individual_coder,equal_weight_models,14,1,13,0,0.9285714285714286,0.0,0.0,0.0,1.0,0.07692307692307687,,13,0,1,0,0.5,14,1.0,EPA,prerana
ensemble_document_labeler,codebook_no_examples_with_checklist,labeler_prerana__drop_kyle_only,individual_coder,equal_weight_models,4,4,0,3,0.75,0.75,1.0,0.8571428571428571,,,single_reference_class,0,0,1,3,0.5,4,1.0,PAR,prerana
ensemble_document_labeler,codebook_no_examples_with_checklist,new_gold_test_only,new_gold,equal_weight_models,6,2,4,0,0.6666666666666666,0.0,0.0,0.0,1.0,1.0,,4,0,2,0,0.5,6,1.0,EPA,anmol
ensemble_document_labeler,codebook_no_examples_with_checklist,new_gold_test_only,new_gold,equal_weight_models,4,2,2,0,0.5,0.0,0.0,0.0,1.0,0.0,,2,0,2,0,0.5,4,1.0,EPA,kyle
ensemble_document_labeler,codebook_no_examples_with_checklist,new_gold_test_only,new_gold,equal_weight_models,12,1,11,0,0.9166666666666666,0.0,0.0,0.0,1.0,0.09090909090909094,,11,0,1,0,0.5,12,1.0,EPA,prerana
ensemble_document_labeler,codebook_no_examples_with_checklist,new_gold_test_only,new_gold,equal_weight_models,27,21,6,6,0.37037037037037035,0.23809523809523808,0.8333333333333334,0.37037037037037035,0.8333333333333334,0.5674603174603174,,5,1,16,5,0.5,28,0.9642857142857143,ERP Report,anmol
ensemble_document_labeler,codebook_no_examples_with_checklist,new_gold_test_only,new_gold,equal_weight_models,3,3,0,0,0.0,0.0,0.0,0.0,,,single_reference_class,0,0,3,0,0.5,3,1.0,GAO,anmol
ensemble_document_labeler,codebook_no_examples_with_checklist,new_gold_test_only,new_gold,equal_weight_models,4,3,1,0,0.25,0.0,0.0,0.0,1.0,0.6666666666666666,,1,0,3,0,0.5,4,1.0,GAO,kyle
ensemble_document_labeler,codebook_no_examples_with_checklist,new_gold_test_only,new_gold,equal_weight_models,9,5,4,3,0.7777777777777778,0.6,1.0,0.75,1.0,0.95,,4,0,2,3,0.5,9,1.0,Hurricane Katrina,anmol
ensemble_document_labeler,codebook_no_examples_with_checklist,new_gold_test_only,new_gold,equal_weight_models,2,0,2,0,1.0,0.0,0.0,0.0,1.0,,single_reference_class,2,0,0,0,0.5,2,1.0,Hurricane Katrina,unassigned_human_labeler
ensemble_document_labeler,codebook_no_examples_with_checklist,new_gold_test_only,new_gold,equal_weight_models,7,7,0,3,0.42857142857142855,0.42857142857142855,1.0,0.6,,,single_reference_class,0,0,4,3,0.5,7,1.0,PAR,anmol
ensemble_document_labeler,codebook_no_examples_with_checklist,new_gold_test_only,new_gold,equal_weight_models,1,1,0,1,1.0,1.0,1.0,1.0,,,single_reference_class,0,0,0,1,0.5,1,1.0,PAR,prerana
ensemble_document_labeler,codebook_no_examples_with_checklist,new_gold_test_only__drop_kyle_only,new_gold,equal_weight_models,6,2,4,0,0.6666666666666666,0.0,0.0,0.0,1.0,1.0,,4,0,2,0,0.5,6,1.0,EPA,anmol
ensemble_document_labeler,codebook_no_examples_with_checklist,new_gold_test_only__drop_kyle_only,new_gold,equal_weight_models,12,1,11,0,0.9166666666666666,0.0,0.0,0.0,1.0,0.09090909090909094,,11,0,1,0,0.5,12,1.0,EPA,prerana
ensemble_document_labeler,codebook_no_examples_with_checklist,new_gold_test_only__drop_kyle_only,new_gold,equal_weight_models,27,21,6,6,0.37037037037037035,0.23809523809523808,0.8333333333333334,0.37037037037037035,0.8333333333333334,0.5674603174603174,,5,1,16,5,0.5,28,0.9642857142857143,ERP Report,anmol
ensemble_document_labeler,codebook_no_examples_with_checklist,new_gold_test_only__drop_kyle_only,new_gold,equal_weight_models,3,3,0,0,0.0,0.0,0.0,0.0,,,single_reference_class,0,0,3,0,0.5,3,1.0,GAO,anmol
ensemble_document_labeler,codebook_no_examples_with_checklist,new_gold_test_only__drop_kyle_only,new_gold,equal_weight_models,9,5,4,3,0.7777777777777778,0.6,1.0,0.75,1.0,0.95,,4,0,2,3,0.5,9,1.0,Hurricane Katrina,anmol
ensemble_document_labeler,codebook_no_examples_with_checklist,new_gold_test_only__drop_kyle_only,new_gold,equal_weight_models,2,0,2,0,1.0,0.0,0.0,0.0,1.0,,single_reference_class,2,0,0,0,0.5,2,1.0,Hurricane Katrina,unassigned_human_labeler
ensemble_document_labeler,codebook_no_examples_with_checklist,new_gold_test_only__drop_kyle_only,new_gold,equal_weight_models,7,7,0,3,0.42857142857142855,0.42857142857142855,1.0,0.6,,,single_reference_class,0,0,4,3,0.5,7,1.0,PAR,anmol
ensemble_document_labeler,codebook_no_examples_with_checklist,new_gold_test_only__drop_kyle_only,new_gold,equal_weight_models,1,1,0,1,1.0,1.0,1.0,1.0,,,single_reference_class,0,0,0,1,0.5,1,1.0,PAR,prerana
ensemble_document_labeler,codebook_no_examples_with_checklist,old_gold_test_only,old_gold,equal_weight_models,6,2,4,0,0.6666666666666666,0.0,0.0,0.0,1.0,1.0,,4,0,2,0,0.5,6,1.0,EPA,anmol
ensemble_document_labeler,codebook_no_examples_with_checklist,old_gold_test_only,old_gold,equal_weight_models,4,2,2,0,0.5,0.0,0.0,0.0,1.0,0.0,,2,0,2,0,0.5,4,1.0,EPA,kyle
ensemble_document_labeler,codebook_no_examples_with_checklist,old_gold_test_only,old_gold,equal_weight_models,12,9,3,0,0.25,0.0,0.0,0.0,1.0,0.8518518518518519,,3,0,9,0,0.5,12,1.0,EPA,prerana
ensemble_document_labeler,codebook_no_examples_with_checklist,old_gold_test_only,old_gold,equal_weight_models,27,21,6,6,0.37037037037037035,0.23809523809523808,0.8333333333333334,0.37037037037037035,0.8333333333333334,0.5674603174603174,,5,1,16,5,0.5,28,0.9642857142857143,ERP Report,anmol
ensemble_document_labeler,codebook_no_examples_with_checklist,old_gold_test_only,old_gold,equal_weight_models,3,3,0,0,0.0,0.0,0.0,0.0,,,single_reference_class,0,0,3,0,0.5,3,1.0,GAO,anmol
ensemble_document_labeler,codebook_no_examples_with_checklist,old_gold_test_only,old_gold,equal_weight_models,4,3,1,0,0.25,0.0,0.0,0.0,1.0,0.6666666666666666,,1,0,3,0,0.5,4,1.0,GAO,kyle
ensemble_document_labeler,codebook_no_examples_with_checklist,old_gold_test_only,old_gold,equal_weight_models,9,5,4,3,0.7777777777777778,0.6,1.0,0.75,1.0,0.95,,4,0,2,3,0.5,9,1.0,Hurricane Katrina,anmol
ensemble_document_labeler,codebook_no_examples_with_checklist,old_gold_test_only,old_gold,equal_weight_models,2,0,2,0,1.0,0.0,0.0,0.0,1.0,,single_reference_class,2,0,0,0,0.5,2,1.0,Hurricane Katrina,unassigned_human_labeler
ensemble_document_labeler,codebook_no_examples_with_checklist,old_gold_test_only,old_gold,equal_weight_models,7,7,0,3,0.42857142857142855,0.42857142857142855,1.0,0.6,,,single_reference_class,0,0,4,3,0.5,7,1.0,PAR,anmol
ensemble_document_labeler,codebook_no_examples_with_checklist,old_gold_test_only,old_gold,equal_weight_models,1,1,0,1,1.0,1.0,1.0,1.0,,,single_reference_class,0,0,0,1,0.5,1,1.0,PAR,prerana
ensemble_document_labeler,codebook_no_examples_with_checklist,old_gold_test_only__drop_kyle_only,old_gold,equal_weight_models,6,2,4,0,0.6666666666666666,0.0,0.0,0.0,1.0,1.0,,4,0,2,0,0.5,6,1.0,EPA,anmol
ensemble_document_labeler,codebook_no_examples_with_checklist,old_gold_test_only__drop_kyle_only,old_gold,equal_weight_models,12,9,3,0,0.25,0.0,0.0,0.0,1.0,0.8518518518518519,,3,0,9,0,0.5,12,1.0,EPA,prerana
ensemble_document_labeler,codebook_no_examples_with_checklist,old_gold_test_only__drop_kyle_only,old_gold,equal_weight_models,27,21,6,6,0.37037037037037035,0.23809523809523808,0.8333333333333334,0.37037037037037035,0.8333333333333334,0.5674603174603174,,5,1,16,5,0.5,28,0.9642857142857143,ERP Report,anmol
ensemble_document_labeler,codebook_no_examples_with_checklist,old_gold_test_only__drop_kyle_only,old_gold,equal_weight_models,3,3,0,0,0.0,0.0,0.0,0.0,,,single_reference_class,0,0,3,0,0.5,3,1.0,GAO,anmol
ensemble_document_labeler,codebook_no_examples_with_checklist,old_gold_test_only__drop_kyle_only,old_gold,equal_weight_models,9,5,4,3,0.7777777777777778,0.6,1.0,0.75,1.0,0.95,,4,0,2,3,0.5,9,1.0,Hurricane Katrina,anmol
ensemble_document_labeler,codebook_no_examples_with_checklist,old_gold_test_only__drop_kyle_only,old_gold,equal_weight_models,2,0,2,0,1.0,0.0,0.0,0.0,1.0,,single_reference_class,2,0,0,0,0.5,2,1.0,Hurricane Katrina,unassigned_human_labeler
ensemble_document_labeler,codebook_no_examples_with_checklist,old_gold_test_only__drop_kyle_only,old_gold,equal_weight_models,7,7,0,3,0.42857142857142855,0.42857142857142855,1.0,0.6,,,single_reference_class,0,0,4,3,0.5,7,1.0,PAR,anmol
ensemble_document_labeler,codebook_no_examples_with_checklist,old_gold_test_only__drop_kyle_only,old_gold,equal_weight_models,1,1,0,1,1.0,1.0,1.0,1.0,,,single_reference_class,0,0,0,1,0.5,1,1.0,PAR,prerana
ensemble_document_labeler,codebook_no_examples_with_checklist,pooled_coder_labels,pooled_coder_decisions,equal_weight_models,6,2,4,0,0.6666666666666666,0.0,0.0,0.0,1.0,1.0,,4,0,2,0,0.5,6,1.0,EPA,anmol
ensemble_document_labeler,codebook_no_examples_with_checklist,pooled_coder_labels,pooled_coder_decisions,equal_weight_models,8,6,2,0,0.25,0.0,0.0,0.0,1.0,0.5,,2,0,6,0,0.5,8,1.0,EPA,kyle
ensemble_document_labeler,codebook_no_examples_with_checklist,pooled_coder_labels,pooled_coder_decisions,equal_weight_models,14,1,13,0,0.9285714285714286,0.0,0.0,0.0,1.0,0.07692307692307687,,13,0,1,0,0.5,14,1.0,EPA,prerana
ensemble_document_labeler,codebook_no_examples_with_checklist,pooled_coder_labels,pooled_coder_decisions,equal_weight_models,27,21,6,6,0.37037037037037035,0.23809523809523808,0.8333333333333334,0.37037037037037035,0.8333333333333334,0.5674603174603174,,5,1,16,5,0.5,28,0.9642857142857143,ERP Report,anmol
ensemble_document_labeler,codebook_no_examples_with_checklist,pooled_coder_labels,pooled_coder_decisions,equal_weight_models,27,27,0,6,0.2222222222222222,0.2222222222222222,1.0,0.36363636363636365,,,single_reference_class,0,0,21,6,0.5,28,0.9642857142857143,ERP Report,kyle
ensemble_document_labeler,codebook_no_examples_with_checklist,pooled_coder_labels,pooled_coder_decisions,equal_weight_models,3,3,0,0,0.0,0.0,0.0,0.0,,,single_reference_class,0,0,3,0,0.5,3,1.0,GAO,anmol
ensemble_document_labeler,codebook_no_examples_with_checklist,pooled_coder_labels,pooled_coder_decisions,equal_weight_models,6,5,1,0,0.16666666666666666,0.0,0.0,0.0,1.0,0.6,,1,0,5,0,0.5,6,1.0,GAO,kyle
ensemble_document_labeler,codebook_no_examples_with_checklist,pooled_coder_labels,pooled_coder_decisions,equal_weight_models,9,5,4,3,0.7777777777777778,0.6,1.0,0.75,1.0,0.95,,4,0,2,3,0.5,9,1.0,Hurricane Katrina,anmol
ensemble_document_labeler,codebook_no_examples_with_checklist,pooled_coder_labels,pooled_coder_decisions,equal_weight_models,9,7,2,3,0.5555555555555556,0.42857142857142855,1.0,0.6,1.0,0.9285714285714286,,2,0,4,3,0.5,9,1.0,Hurricane Katrina,kyle
ensemble_document_labeler,codebook_no_examples_with_checklist,pooled_coder_labels,pooled_coder_decisions,equal_weight_models,7,7,0,3,0.42857142857142855,0.42857142857142855,1.0,0.6,,,single_reference_class,0,0,4,3,0.5,7,1.0,PAR,anmol
ensemble_document_labeler,codebook_no_examples_with_checklist,pooled_coder_labels,pooled_coder_decisions,equal_weight_models,4,4,0,3,0.75,0.75,1.0,0.8571428571428571,,,single_reference_class,0,0,1,3,0.5,4,1.0,PAR,prerana
ensemble_document_labeler,codebook_no_examples_with_checklist,pooled_coder_labels__drop_kyle_only,pooled_coder_decisions,equal_weight_models,6,2,4,0,0.6666666666666666,0.0,0.0,0.0,1.0,1.0,,4,0,2,0,0.5,6,1.0,EPA,anmol
ensemble_document_labeler,codebook_no_examples_with_checklist,pooled_coder_labels__drop_kyle_only,pooled_coder_decisions,equal_weight_models,4,4,0,0,0.0,0.0,0.0,0.0,,,single_reference_class,0,0,4,0,0.5,4,1.0,EPA,kyle
ensemble_document_labeler,codebook_no_examples_with_checklist,pooled_coder_labels__drop_kyle_only,pooled_coder_decisions,equal_weight_models,14,1,13,0,0.9285714285714286,0.0,0.0,0.0,1.0,0.07692307692307687,,13,0,1,0,0.5,14,1.0,EPA,prerana
ensemble_document_labeler,codebook_no_examples_with_checklist,pooled_coder_labels__drop_kyle_only,pooled_coder_decisions,equal_weight_models,27,21,6,6,0.37037037037037035,0.23809523809523808,0.8333333333333334,0.37037037037037035,0.8333333333333334,0.5674603174603174,,5,1,16,5,0.5,28,0.9642857142857143,ERP Report,anmol
ensemble_document_labeler,codebook_no_examples_with_checklist,pooled_coder_labels__drop_kyle_only,pooled_coder_decisions,equal_weight_models,27,27,0,6,0.2222222222222222,0.2222222222222222,1.0,0.36363636363636365,,,single_reference_class,0,0,21,6,0.5,28,0.9642857142857143,ERP Report,kyle
ensemble_document_labeler,codebook_no_examples_with_checklist,pooled_coder_labels__drop_kyle_only,pooled_coder_decisions,equal_weight_models,3,3,0,0,0.0,0.0,0.0,0.0,,,single_reference_class,0,0,3,0,0.5,3,1.0,GAO,anmol
ensemble_document_labeler,codebook_no_examples_with_checklist,pooled_coder_labels__drop_kyle_only,pooled_coder_decisions,equal_weight_models,2,2,0,0,0.0,0.0,0.0,0.0,,,single_reference_class,0,0,2,0,0.5,2,1.0,GAO,kyle
ensemble_document_labeler,codebook_no_examples_with_checklist,pooled_coder_labels__drop_kyle_only,pooled_coder_decisions,equal_weight_models,9,5,4,3,0.7777777777777778,0.6,1.0,0.75,1.0,0.95,,4,0,2,3,0.5,9,1.0,Hurricane Katrina,anmol
ensemble_document_labeler,codebook_no_examples_with_checklist,pooled_coder_labels__drop_kyle_only,pooled_coder_decisions,equal_weight_models,9,7,2,3,0.5555555555555556,0.42857142857142855,1.0,0.6,1.0,0.9285714285714286,,2,0,4,3,0.5,9,1.0,Hurricane Katrina,kyle
ensemble_document_labeler,codebook_no_examples_with_checklist,pooled_coder_labels__drop_kyle_only,pooled_coder_decisions,equal_weight_models,7,7,0,3,0.42857142857142855,0.42857142857142855,1.0,0.6,,,single_reference_class,0,0,4,3,0.5,7,1.0,PAR,anmol
ensemble_document_labeler,codebook_no_examples_with_checklist,pooled_coder_labels__drop_kyle_only,pooled_coder_decisions,equal_weight_models,4,4,0,3,0.75,0.75,1.0,0.8571428571428571,,,single_reference_class,0,0,1,3,0.5,4,1.0,PAR,prerana
ensemble_document_labeler,codebook_with_examples_no_checklist,all_paragraphs_new_gold_unlabeled_no,full_corpus_assumed_negative,equal_weight_models,6,2,4,1,0.8333333333333334,0.5,1.0,0.6666666666666666,1.0,1.0,,4,0,1,1,0.5,6,1.0,EPA,anmol
ensemble_document_labeler,codebook_with_examples_no_checklist,all_paragraphs_new_gold_unlabeled_no,full_corpus_assumed_negative,equal_weight_models,4,2,2,0,0.5,0.0,0.0,0.0,1.0,0.0,,2,0,2,0,0.5,4,1.0,EPA,kyle
ensemble_document_labeler,codebook_with_examples_no_checklist,all_paragraphs_new_gold_unlabeled_no,full_corpus_assumed_negative,equal_weight_models,12,1,11,0,0.9166666666666666,0.0,0.0,0.0,1.0,0.36363636363636365,,11,0,1,0,0.5,12,1.0,EPA,prerana
ensemble_document_labeler,codebook_with_examples_no_checklist,all_paragraphs_new_gold_unlabeled_no,full_corpus_assumed_negative,equal_weight_models,28,22,6,10,0.35714285714285715,0.3181818181818182,0.7,0.4375,0.5,0.4810606060606061,,3,3,15,7,0.5,28,1.0,ERP Report,anmol
ensemble_document_labeler,codebook_with_examples_no_checklist,all_paragraphs_new_gold_unlabeled_no,full_corpus_assumed_negative,equal_weight_models,3,3,0,2,0.6666666666666666,0.6666666666666666,1.0,0.8,,,single_reference_class,0,0,1,2,0.5,3,1.0,GAO,anmol
ensemble_document_labeler,codebook_with_examples_no_checklist,all_paragraphs_new_gold_unlabeled_no,full_corpus_assumed_negative,equal_weight_models,4,3,1,1,0.5,0.3333333333333333,1.0,0.5,1.0,0.6666666666666666,,1,0,2,1,0.5,4,1.0,GAO,kyle
ensemble_document_labeler,codebook_with_examples_no_checklist,all_paragraphs_new_gold_unlabeled_no,full_corpus_assumed_negative,equal_weight_models,9,5,4,3,0.5555555555555556,0.4,0.6666666666666666,0.5,0.75,0.7,,3,1,3,2,0.5,9,1.0,Hurricane Katrina,anmol
ensemble_document_labeler,codebook_with_examples_no_checklist,all_paragraphs_new_gold_unlabeled_no,full_corpus_assumed_negative,equal_weight_models,2,0,2,0,1.0,0.0,0.0,0.0,1.0,,single_reference_class,2,0,0,0,0.5,2,1.0,Hurricane Katrina,unassigned_human_labeler
ensemble_document_labeler,codebook_with_examples_no_checklist,all_paragraphs_new_gold_unlabeled_no,full_corpus_assumed_negative,equal_weight_models,7,7,0,3,0.42857142857142855,0.42857142857142855,1.0,0.6,,,single_reference_class,0,0,4,3,0.5,7,1.0,PAR,anmol
ensemble_document_labeler,codebook_with_examples_no_checklist,all_paragraphs_new_gold_unlabeled_no,full_corpus_assumed_negative,equal_weight_models,1,1,0,1,1.0,1.0,1.0,1.0,,,single_reference_class,0,0,0,1,0.5,1,1.0,PAR,prerana
ensemble_document_labeler,codebook_with_examples_no_checklist,all_paragraphs_new_gold_unlabeled_no__drop_kyle_only,full_corpus_assumed_negative,equal_weight_models,6,2,4,1,0.8333333333333334,0.5,1.0,0.6666666666666666,1.0,1.0,,4,0,1,1,0.5,6,1.0,EPA,anmol
ensemble_document_labeler,codebook_with_examples_no_checklist,all_paragraphs_new_gold_unlabeled_no__drop_kyle_only,full_corpus_assumed_negative,equal_weight_models,12,1,11,0,0.9166666666666666,0.0,0.0,0.0,1.0,0.36363636363636365,,11,0,1,0,0.5,12,1.0,EPA,prerana
ensemble_document_labeler,codebook_with_examples_no_checklist,all_paragraphs_new_gold_unlabeled_no__drop_kyle_only,full_corpus_assumed_negative,equal_weight_models,28,22,6,10,0.35714285714285715,0.3181818181818182,0.7,0.4375,0.5,0.4810606060606061,,3,3,15,7,0.5,28,1.0,ERP Report,anmol
ensemble_document_labeler,codebook_with_examples_no_checklist,all_paragraphs_new_gold_unlabeled_no__drop_kyle_only,full_corpus_assumed_negative,equal_weight_models,3,3,0,2,0.6666666666666666,0.6666666666666666,1.0,0.8,,,single_reference_class,0,0,1,2,0.5,3,1.0,GAO,anmol
ensemble_document_labeler,codebook_with_examples_no_checklist,all_paragraphs_new_gold_unlabeled_no__drop_kyle_only,full_corpus_assumed_negative,equal_weight_models,9,5,4,3,0.5555555555555556,0.4,0.6666666666666666,0.5,0.75,0.7,,3,1,3,2,0.5,9,1.0,Hurricane Katrina,anmol
ensemble_document_labeler,codebook_with_examples_no_checklist,all_paragraphs_new_gold_unlabeled_no__drop_kyle_only,full_corpus_assumed_negative,equal_weight_models,2,0,2,0,1.0,0.0,0.0,0.0,1.0,,single_reference_class,2,0,0,0,0.5,2,1.0,Hurricane Katrina,unassigned_human_labeler
ensemble_document_labeler,codebook_with_examples_no_checklist,all_paragraphs_new_gold_unlabeled_no__drop_kyle_only,full_corpus_assumed_negative,equal_weight_models,7,7,0,3,0.42857142857142855,0.42857142857142855,1.0,0.6,,,single_reference_class,0,0,4,3,0.5,7,1.0,PAR,anmol
ensemble_document_labeler,codebook_with_examples_no_checklist,all_paragraphs_new_gold_unlabeled_no__drop_kyle_only,full_corpus_assumed_negative,equal_weight_models,1,1,0,1,1.0,1.0,1.0,1.0,,,single_reference_class,0,0,0,1,0.5,1,1.0,PAR,prerana
ensemble_document_labeler,codebook_with_examples_no_checklist,labeler_anmol,individual_coder,equal_weight_models,6,2,4,1,0.8333333333333334,0.5,1.0,0.6666666666666666,1.0,1.0,,4,0,1,1,0.5,6,1.0,EPA,anmol
ensemble_document_labeler,codebook_with_examples_no_checklist,labeler_anmol,individual_coder,equal_weight_models,28,22,6,10,0.35714285714285715,0.3181818181818182,0.7,0.4375,0.5,0.4810606060606061,,3,3,15,7,0.5,28,1.0,ERP Report,anmol
ensemble_document_labeler,codebook_with_examples_no_checklist,labeler_anmol,individual_coder,equal_weight_models,3,3,0,2,0.6666666666666666,0.6666666666666666,1.0,0.8,,,single_reference_class,0,0,1,2,0.5,3,1.0,GAO,anmol
ensemble_document_labeler,codebook_with_examples_no_checklist,labeler_anmol,individual_coder,equal_weight_models,9,5,4,3,0.5555555555555556,0.4,0.6666666666666666,0.5,0.75,0.7,,3,1,3,2,0.5,9,1.0,Hurricane Katrina,anmol
ensemble_document_labeler,codebook_with_examples_no_checklist,labeler_anmol,individual_coder,equal_weight_models,7,7,0,3,0.42857142857142855,0.42857142857142855,1.0,0.6,,,single_reference_class,0,0,4,3,0.5,7,1.0,PAR,anmol
ensemble_document_labeler,codebook_with_examples_no_checklist,labeler_anmol__drop_kyle_only,individual_coder,equal_weight_models,6,2,4,1,0.8333333333333334,0.5,1.0,0.6666666666666666,1.0,1.0,,4,0,1,1,0.5,6,1.0,EPA,anmol
ensemble_document_labeler,codebook_with_examples_no_checklist,labeler_anmol__drop_kyle_only,individual_coder,equal_weight_models,28,22,6,10,0.35714285714285715,0.3181818181818182,0.7,0.4375,0.5,0.4810606060606061,,3,3,15,7,0.5,28,1.0,ERP Report,anmol
ensemble_document_labeler,codebook_with_examples_no_checklist,labeler_anmol__drop_kyle_only,individual_coder,equal_weight_models,3,3,0,2,0.6666666666666666,0.6666666666666666,1.0,0.8,,,single_reference_class,0,0,1,2,0.5,3,1.0,GAO,anmol
ensemble_document_labeler,codebook_with_examples_no_checklist,labeler_anmol__drop_kyle_only,individual_coder,equal_weight_models,9,5,4,3,0.5555555555555556,0.4,0.6666666666666666,0.5,0.75,0.7,,3,1,3,2,0.5,9,1.0,Hurricane Katrina,anmol
ensemble_document_labeler,codebook_with_examples_no_checklist,labeler_anmol__drop_kyle_only,individual_coder,equal_weight_models,7,7,0,3,0.42857142857142855,0.42857142857142855,1.0,0.6,,,single_reference_class,0,0,4,3,0.5,7,1.0,PAR,anmol
ensemble_document_labeler,codebook_with_examples_no_checklist,labeler_kyle,individual_coder,equal_weight_models,8,6,2,0,0.25,0.0,0.0,0.0,1.0,0.5,,2,0,6,0,0.5,8,1.0,EPA,kyle
ensemble_document_labeler,codebook_with_examples_no_checklist,labeler_kyle,individual_coder,equal_weight_models,28,28,0,10,0.35714285714285715,0.35714285714285715,1.0,0.5263157894736842,,,single_reference_class,0,0,18,10,0.5,28,1.0,ERP Report,kyle
ensemble_document_labeler,codebook_with_examples_no_checklist,labeler_kyle,individual_coder,equal_weight_models,6,5,1,2,0.5,0.4,1.0,0.5714285714285714,1.0,0.6,,1,0,3,2,0.5,6,1.0,GAO,kyle
ensemble_document_labeler,codebook_with_examples_no_checklist,labeler_kyle,individual_coder,equal_weight_models,9,7,2,3,0.5555555555555556,0.42857142857142855,1.0,0.6,1.0,0.75,,2,0,4,3,0.5,9,1.0,Hurricane Katrina,kyle
ensemble_document_labeler,codebook_with_examples_no_checklist,labeler_kyle__drop_kyle_only,individual_coder,equal_weight_models,4,4,0,0,0.0,0.0,0.0,0.0,,,single_reference_class,0,0,4,0,0.5,4,1.0,EPA,kyle
ensemble_document_labeler,codebook_with_examples_no_checklist,labeler_kyle__drop_kyle_only,individual_coder,equal_weight_models,28,28,0,10,0.35714285714285715,0.35714285714285715,1.0,0.5263157894736842,,,single_reference_class,0,0,18,10,0.5,28,1.0,ERP Report,kyle
ensemble_document_labeler,codebook_with_examples_no_checklist,labeler_kyle__drop_kyle_only,individual_coder,equal_weight_models,2,2,0,1,0.5,0.5,1.0,0.6666666666666666,,,single_reference_class,0,0,1,1,0.5,2,1.0,GAO,kyle
ensemble_document_labeler,codebook_with_examples_no_checklist,labeler_kyle__drop_kyle_only,individual_coder,equal_weight_models,9,7,2,3,0.5555555555555556,0.42857142857142855,1.0,0.6,1.0,0.75,,2,0,4,3,0.5,9,1.0,Hurricane Katrina,kyle
ensemble_document_labeler,codebook_with_examples_no_checklist,labeler_prerana,individual_coder,equal_weight_models,14,1,13,0,0.9285714285714286,0.0,0.0,0.0,1.0,0.3076923076923077,,13,0,1,0,0.5,14,1.0,EPA,prerana
ensemble_document_labeler,codebook_with_examples_no_checklist,labeler_prerana,individual_coder,equal_weight_models,4,4,0,3,0.75,0.75,1.0,0.8571428571428571,,,single_reference_class,0,0,1,3,0.5,4,1.0,PAR,prerana
ensemble_document_labeler,codebook_with_examples_no_checklist,labeler_prerana__drop_kyle_only,individual_coder,equal_weight_models,14,1,13,0,0.9285714285714286,0.0,0.0,0.0,1.0,0.3076923076923077,,13,0,1,0,0.5,14,1.0,EPA,prerana
ensemble_document_labeler,codebook_with_examples_no_checklist,labeler_prerana__drop_kyle_only,individual_coder,equal_weight_models,4,4,0,3,0.75,0.75,1.0,0.8571428571428571,,,single_reference_class,0,0,1,3,0.5,4,1.0,PAR,prerana
ensemble_document_labeler,codebook_with_examples_no_checklist,new_gold_test_only,new_gold,equal_weight_models,6,2,4,1,0.8333333333333334,0.5,1.0,0.6666666666666666,1.0,1.0,,4,0,1,1,0.5,6,1.0,EPA,anmol
ensemble_document_labeler,codebook_with_examples_no_checklist,new_gold_test_only,new_gold,equal_weight_models,4,2,2,0,0.5,0.0,0.0,0.0,1.0,0.0,,2,0,2,0,0.5,4,1.0,EPA,kyle
ensemble_document_labeler,codebook_with_examples_no_checklist,new_gold_test_only,new_gold,equal_weight_models,12,1,11,0,0.9166666666666666,0.0,0.0,0.0,1.0,0.36363636363636365,,11,0,1,0,0.5,12,1.0,EPA,prerana
ensemble_document_labeler,codebook_with_examples_no_checklist,new_gold_test_only,new_gold,equal_weight_models,28,22,6,10,0.35714285714285715,0.3181818181818182,0.7,0.4375,0.5,0.4810606060606061,,3,3,15,7,0.5,28,1.0,ERP Report,anmol
ensemble_document_labeler,codebook_with_examples_no_checklist,new_gold_test_only,new_gold,equal_weight_models,3,3,0,2,0.6666666666666666,0.6666666666666666,1.0,0.8,,,single_reference_class,0,0,1,2,0.5,3,1.0,GAO,anmol
ensemble_document_labeler,codebook_with_examples_no_checklist,new_gold_test_only,new_gold,equal_weight_models,4,3,1,1,0.5,0.3333333333333333,1.0,0.5,1.0,0.6666666666666666,,1,0,2,1,0.5,4,1.0,GAO,kyle
ensemble_document_labeler,codebook_with_examples_no_checklist,new_gold_test_only,new_gold,equal_weight_models,9,5,4,3,0.5555555555555556,0.4,0.6666666666666666,0.5,0.75,0.7,,3,1,3,2,0.5,9,1.0,Hurricane Katrina,anmol
ensemble_document_labeler,codebook_with_examples_no_checklist,new_gold_test_only,new_gold,equal_weight_models,2,0,2,0,1.0,0.0,0.0,0.0,1.0,,single_reference_class,2,0,0,0,0.5,2,1.0,Hurricane Katrina,unassigned_human_labeler
ensemble_document_labeler,codebook_with_examples_no_checklist,new_gold_test_only,new_gold,equal_weight_models,7,7,0,3,0.42857142857142855,0.42857142857142855,1.0,0.6,,,single_reference_class,0,0,4,3,0.5,7,1.0,PAR,anmol
ensemble_document_labeler,codebook_with_examples_no_checklist,new_gold_test_only,new_gold,equal_weight_models,1,1,0,1,1.0,1.0,1.0,1.0,,,single_reference_class,0,0,0,1,0.5,1,1.0,PAR,prerana
ensemble_document_labeler,codebook_with_examples_no_checklist,new_gold_test_only__drop_kyle_only,new_gold,equal_weight_models,6,2,4,1,0.8333333333333334,0.5,1.0,0.6666666666666666,1.0,1.0,,4,0,1,1,0.5,6,1.0,EPA,anmol
ensemble_document_labeler,codebook_with_examples_no_checklist,new_gold_test_only__drop_kyle_only,new_gold,equal_weight_models,12,1,11,0,0.9166666666666666,0.0,0.0,0.0,1.0,0.36363636363636365,,11,0,1,0,0.5,12,1.0,EPA,prerana
ensemble_document_labeler,codebook_with_examples_no_checklist,new_gold_test_only__drop_kyle_only,new_gold,equal_weight_models,28,22,6,10,0.35714285714285715,0.3181818181818182,0.7,0.4375,0.5,0.4810606060606061,,3,3,15,7,0.5,28,1.0,ERP Report,anmol
ensemble_document_labeler,codebook_with_examples_no_checklist,new_gold_test_only__drop_kyle_only,new_gold,equal_weight_models,3,3,0,2,0.6666666666666666,0.6666666666666666,1.0,0.8,,,single_reference_class,0,0,1,2,0.5,3,1.0,GAO,anmol
ensemble_document_labeler,codebook_with_examples_no_checklist,new_gold_test_only__drop_kyle_only,new_gold,equal_weight_models,9,5,4,3,0.5555555555555556,0.4,0.6666666666666666,0.5,0.75,0.7,,3,1,3,2,0.5,9,1.0,Hurricane Katrina,anmol
ensemble_document_labeler,codebook_with_examples_no_checklist,new_gold_test_only__drop_kyle_only,new_gold,equal_weight_models,2,0,2,0,1.0,0.0,0.0,0.0,1.0,,single_reference_class,2,0,0,0,0.5,2,1.0,Hurricane Katrina,unassigned_human_labeler
ensemble_document_labeler,codebook_with_examples_no_checklist,new_gold_test_only__drop_kyle_only,new_gold,equal_weight_models,7,7,0,3,0.42857142857142855,0.42857142857142855,1.0,0.6,,,single_reference_class,0,0,4,3,0.5,7,1.0,PAR,anmol
ensemble_document_labeler,codebook_with_examples_no_checklist,new_gold_test_only__drop_kyle_only,new_gold,equal_weight_models,1,1,0,1,1.0,1.0,1.0,1.0,,,single_reference_class,0,0,0,1,0.5,1,1.0,PAR,prerana
ensemble_document_labeler,codebook_with_examples_no_checklist,old_gold_test_only,old_gold,equal_weight_models,6,2,4,1,0.8333333333333334,0.5,1.0,0.6666666666666666,1.0,1.0,,4,0,1,1,0.5,6,1.0,EPA,anmol
ensemble_document_labeler,codebook_with_examples_no_checklist,old_gold_test_only,old_gold,equal_weight_models,4,2,2,0,0.5,0.0,0.0,0.0,1.0,0.0,,2,0,2,0,0.5,4,1.0,EPA,kyle
ensemble_document_labeler,codebook_with_examples_no_checklist,old_gold_test_only,old_gold,equal_weight_models,12,9,3,0,0.25,0.0,0.0,0.0,1.0,0.8518518518518519,,3,0,9,0,0.5,12,1.0,EPA,prerana
ensemble_document_labeler,codebook_with_examples_no_checklist,old_gold_test_only,old_gold,equal_weight_models,28,22,6,10,0.35714285714285715,0.3181818181818182,0.7,0.4375,0.5,0.4810606060606061,,3,3,15,7,0.5,28,1.0,ERP Report,anmol
ensemble_document_labeler,codebook_with_examples_no_checklist,old_gold_test_only,old_gold,equal_weight_models,3,3,0,2,0.6666666666666666,0.6666666666666666,1.0,0.8,,,single_reference_class,0,0,1,2,0.5,3,1.0,GAO,anmol
ensemble_document_labeler,codebook_with_examples_no_checklist,old_gold_test_only,old_gold,equal_weight_models,4,3,1,1,0.5,0.3333333333333333,1.0,0.5,1.0,0.6666666666666666,,1,0,2,1,0.5,4,1.0,GAO,kyle
ensemble_document_labeler,codebook_with_examples_no_checklist,old_gold_test_only,old_gold,equal_weight_models,9,5,4,3,0.5555555555555556,0.4,0.6666666666666666,0.5,0.75,0.7,,3,1,3,2,0.5,9,1.0,Hurricane Katrina,anmol
ensemble_document_labeler,codebook_with_examples_no_checklist,old_gold_test_only,old_gold,equal_weight_models,2,0,2,0,1.0,0.0,0.0,0.0,1.0,,single_reference_class,2,0,0,0,0.5,2,1.0,Hurricane Katrina,unassigned_human_labeler
ensemble_document_labeler,codebook_with_examples_no_checklist,old_gold_test_only,old_gold,equal_weight_models,7,7,0,3,0.42857142857142855,0.42857142857142855,1.0,0.6,,,single_reference_class,0,0,4,3,0.5,7,1.0,PAR,anmol
ensemble_document_labeler,codebook_with_examples_no_checklist,old_gold_test_only,old_gold,equal_weight_models,1,1,0,1,1.0,1.0,1.0,1.0,,,single_reference_class,0,0,0,1,0.5,1,1.0,PAR,prerana
ensemble_document_labeler,codebook_with_examples_no_checklist,old_gold_test_only__drop_kyle_only,old_gold,equal_weight_models,6,2,4,1,0.8333333333333334,0.5,1.0,0.6666666666666666,1.0,1.0,,4,0,1,1,0.5,6,1.0,EPA,anmol
ensemble_document_labeler,codebook_with_examples_no_checklist,old_gold_test_only__drop_kyle_only,old_gold,equal_weight_models,12,9,3,0,0.25,0.0,0.0,0.0,1.0,0.8518518518518519,,3,0,9,0,0.5,12,1.0,EPA,prerana
ensemble_document_labeler,codebook_with_examples_no_checklist,old_gold_test_only__drop_kyle_only,old_gold,equal_weight_models,28,22,6,10,0.35714285714285715,0.3181818181818182,0.7,0.4375,0.5,0.4810606060606061,,3,3,15,7,0.5,28,1.0,ERP Report,anmol
ensemble_document_labeler,codebook_with_examples_no_checklist,old_gold_test_only__drop_kyle_only,old_gold,equal_weight_models,3,3,0,2,0.6666666666666666,0.6666666666666666,1.0,0.8,,,single_reference_class,0,0,1,2,0.5,3,1.0,GAO,anmol
ensemble_document_labeler,codebook_with_examples_no_checklist,old_gold_test_only__drop_kyle_only,old_gold,equal_weight_models,9,5,4,3,0.5555555555555556,0.4,0.6666666666666666,0.5,0.75,0.7,,3,1,3,2,0.5,9,1.0,Hurricane Katrina,anmol
ensemble_document_labeler,codebook_with_examples_no_checklist,old_gold_test_only__drop_kyle_only,old_gold,equal_weight_models,2,0,2,0,1.0,0.0,0.0,0.0,1.0,,single_reference_class,2,0,0,0,0.5,2,1.0,Hurricane Katrina,unassigned_human_labeler
ensemble_document_labeler,codebook_with_examples_no_checklist,old_gold_test_only__drop_kyle_only,old_gold,equal_weight_models,7,7,0,3,0.42857142857142855,0.42857142857142855,1.0,0.6,,,single_reference_class,0,0,4,3,0.5,7,1.0,PAR,anmol
ensemble_document_labeler,codebook_with_examples_no_checklist,old_gold_test_only__drop_kyle_only,old_gold,equal_weight_models,1,1,0,1,1.0,1.0,1.0,1.0,,,single_reference_class,0,0,0,1,0.5,1,1.0,PAR,prerana
ensemble_document_labeler,codebook_with_examples_no_checklist,pooled_coder_labels,pooled_coder_decisions,equal_weight_models,6,2,4,1,0.8333333333333334,0.5,1.0,0.6666666666666666,1.0,1.0,,4,0,1,1,0.5,6,1.0,EPA,anmol
ensemble_document_labeler,codebook_with_examples_no_checklist,pooled_coder_labels,pooled_coder_decisions,equal_weight_models,8,6,2,0,0.25,0.0,0.0,0.0,1.0,0.5,,2,0,6,0,0.5,8,1.0,EPA,kyle
ensemble_document_labeler,codebook_with_examples_no_checklist,pooled_coder_labels,pooled_coder_decisions,equal_weight_models,14,1,13,0,0.9285714285714286,0.0,0.0,0.0,1.0,0.3076923076923077,,13,0,1,0,0.5,14,1.0,EPA,prerana
ensemble_document_labeler,codebook_with_examples_no_checklist,pooled_coder_labels,pooled_coder_decisions,equal_weight_models,28,22,6,10,0.35714285714285715,0.3181818181818182,0.7,0.4375,0.5,0.4810606060606061,,3,3,15,7,0.5,28,1.0,ERP Report,anmol
ensemble_document_labeler,codebook_with_examples_no_checklist,pooled_coder_labels,pooled_coder_decisions,equal_weight_models,28,28,0,10,0.35714285714285715,0.35714285714285715,1.0,0.5263157894736842,,,single_reference_class,0,0,18,10,0.5,28,1.0,ERP Report,kyle
ensemble_document_labeler,codebook_with_examples_no_checklist,pooled_coder_labels,pooled_coder_decisions,equal_weight_models,3,3,0,2,0.6666666666666666,0.6666666666666666,1.0,0.8,,,single_reference_class,0,0,1,2,0.5,3,1.0,GAO,anmol
ensemble_document_labeler,codebook_with_examples_no_checklist,pooled_coder_labels,pooled_coder_decisions,equal_weight_models,6,5,1,2,0.5,0.4,1.0,0.5714285714285714,1.0,0.6,,1,0,3,2,0.5,6,1.0,GAO,kyle
ensemble_document_labeler,codebook_with_examples_no_checklist,pooled_coder_labels,pooled_coder_decisions,equal_weight_models,9,5,4,3,0.5555555555555556,0.4,0.6666666666666666,0.5,0.75,0.7,,3,1,3,2,0.5,9,1.0,Hurricane Katrina,anmol
ensemble_document_labeler,codebook_with_examples_no_checklist,pooled_coder_labels,pooled_coder_decisions,equal_weight_models,9,7,2,3,0.5555555555555556,0.42857142857142855,1.0,0.6,1.0,0.75,,2,0,4,3,0.5,9,1.0,Hurricane Katrina,kyle
ensemble_document_labeler,codebook_with_examples_no_checklist,pooled_coder_labels,pooled_coder_decisions,equal_weight_models,7,7,0,3,0.42857142857142855,0.42857142857142855,1.0,0.6,,,single_reference_class,0,0,4,3,0.5,7,1.0,PAR,anmol
ensemble_document_labeler,codebook_with_examples_no_checklist,pooled_coder_labels,pooled_coder_decisions,equal_weight_models,4,4,0,3,0.75,0.75,1.0,0.8571428571428571,,,single_reference_class,0,0,1,3,0.5,4,1.0,PAR,prerana
ensemble_document_labeler,codebook_with_examples_no_checklist,pooled_coder_labels__drop_kyle_only,pooled_coder_decisions,equal_weight_models,6,2,4,1,0.8333333333333334,0.5,1.0,0.6666666666666666,1.0,1.0,,4,0,1,1,0.5,6,1.0,EPA,anmol
ensemble_document_labeler,codebook_with_examples_no_checklist,pooled_coder_labels__drop_kyle_only,pooled_coder_decisions,equal_weight_models,4,4,0,0,0.0,0.0,0.0,0.0,,,single_reference_class,0,0,4,0,0.5,4,1.0,EPA,kyle
ensemble_document_labeler,codebook_with_examples_no_checklist,pooled_coder_labels__drop_kyle_only,pooled_coder_decisions,equal_weight_models,14,1,13,0,0.9285714285714286,0.0,0.0,0.0,1.0,0.3076923076923077,,13,0,1,0,0.5,14,1.0,EPA,prerana
ensemble_document_labeler,codebook_with_examples_no_checklist,pooled_coder_labels__drop_kyle_only,pooled_coder_decisions,equal_weight_models,28,22,6,10,0.35714285714285715,0.3181818181818182,0.7,0.4375,0.5,0.4810606060606061,,3,3,15,7,0.5,28,1.0,ERP Report,anmol
ensemble_document_labeler,codebook_with_examples_no_checklist,pooled_coder_labels__drop_kyle_only,pooled_coder_decisions,equal_weight_models,28,28,0,10,0.35714285714285715,0.35714285714285715,1.0,0.5263157894736842,,,single_reference_class,0,0,18,10,0.5,28,1.0,ERP Report,kyle
ensemble_document_labeler,codebook_with_examples_no_checklist,pooled_coder_labels__drop_kyle_only,pooled_coder_decisions,equal_weight_models,3,3,0,2,0.6666666666666666,0.6666666666666666,1.0,0.8,,,single_reference_class,0,0,1,2,0.5,3,1.0,GAO,anmol
ensemble_document_labeler,codebook_with_examples_no_checklist,pooled_coder_labels__drop_kyle_only,pooled_coder_decisions,equal_weight_models,2,2,0,1,0.5,0.5,1.0,0.6666666666666666,,,single_reference_class,0,0,1,1,0.5,2,1.0,GAO,kyle
ensemble_document_labeler,codebook_with_examples_no_checklist,pooled_coder_labels__drop_kyle_only,pooled_coder_decisions,equal_weight_models,9,5,4,3,0.5555555555555556,0.4,0.6666666666666666,0.5,0.75,0.7,,3,1,3,2,0.5,9,1.0,Hurricane Katrina,anmol
ensemble_document_labeler,codebook_with_examples_no_checklist,pooled_coder_labels__drop_kyle_only,pooled_coder_decisions,equal_weight_models,9,7,2,3,0.5555555555555556,0.42857142857142855,1.0,0.6,1.0,0.75,,2,0,4,3,0.5,9,1.0,Hurricane Katrina,kyle
ensemble_document_labeler,codebook_with_examples_no_checklist,pooled_coder_labels__drop_kyle_only,pooled_coder_decisions,equal_weight_models,7,7,0,3,0.42857142857142855,0.42857142857142855,1.0,0.6,,,single_reference_class,0,0,4,3,0.5,7,1.0,PAR,anmol
ensemble_document_labeler,codebook_with_examples_no_checklist,pooled_coder_labels__drop_kyle_only,pooled_coder_decisions,equal_weight_models,4,4,0,3,0.75,0.75,1.0,0.8571428571428571,,,single_reference_class,0,0,1,3,0.5,4,1.0,PAR,prerana
ensemble_document_labeler,codebook_with_examples_with_checklist,all_paragraphs_new_gold_unlabeled_no,full_corpus_assumed_negative,equal_weight_models,6,2,4,0,0.6666666666666666,0.0,0.0,0.0,1.0,1.0,,4,0,2,0,0.5,6,1.0,EPA,anmol
ensemble_document_labeler,codebook_with_examples_with_checklist,all_paragraphs_new_gold_unlabeled_no,full_corpus_assumed_negative,equal_weight_models,4,2,2,0,0.5,0.0,0.0,0.0,1.0,0.0,,2,0,2,0,0.5,4,1.0,EPA,kyle
ensemble_document_labeler,codebook_with_examples_with_checklist,all_paragraphs_new_gold_unlabeled_no,full_corpus_assumed_negative,equal_weight_models,12,1,11,0,0.9166666666666666,0.0,0.0,0.0,1.0,0.5,,11,0,1,0,0.5,12,1.0,EPA,prerana
ensemble_document_labeler,codebook_with_examples_with_checklist,all_paragraphs_new_gold_unlabeled_no,full_corpus_assumed_negative,equal_weight_models,26,20,6,8,0.3076923076923077,0.25,0.625,0.35714285714285715,0.5,0.48750000000000004,,3,3,15,5,0.5,28,0.9285714285714286,ERP Report,anmol
ensemble_document_labeler,codebook_with_examples_with_checklist,all_paragraphs_new_gold_unlabeled_no,full_corpus_assumed_negative,equal_weight_models,3,3,0,0,0.0,0.0,0.0,0.0,,,single_reference_class,0,0,3,0,0.5,3,1.0,GAO,anmol
ensemble_document_labeler,codebook_with_examples_with_checklist,all_paragraphs_new_gold_unlabeled_no,full_corpus_assumed_negative,equal_weight_models,4,3,1,1,0.5,0.3333333333333333,1.0,0.5,1.0,0.6666666666666666,,1,0,2,1,0.5,4,1.0,GAO,kyle
ensemble_document_labeler,codebook_with_examples_with_checklist,all_paragraphs_new_gold_unlabeled_no,full_corpus_assumed_negative,equal_weight_models,9,5,4,2,0.6666666666666666,0.4,1.0,0.5714285714285714,1.0,0.8500000000000001,,4,0,3,2,0.5,9,1.0,Hurricane Katrina,anmol
ensemble_document_labeler,codebook_with_examples_with_checklist,all_paragraphs_new_gold_unlabeled_no,full_corpus_assumed_negative,equal_weight_models,2,0,2,0,1.0,0.0,0.0,0.0,1.0,,single_reference_class,2,0,0,0,0.5,2,1.0,Hurricane Katrina,unassigned_human_labeler
ensemble_document_labeler,codebook_with_examples_with_checklist,all_paragraphs_new_gold_unlabeled_no,full_corpus_assumed_negative,equal_weight_models,7,7,0,2,0.2857142857142857,0.2857142857142857,1.0,0.4444444444444444,,,single_reference_class,0,0,5,2,0.5,7,1.0,PAR,anmol
ensemble_document_labeler,codebook_with_examples_with_checklist,all_paragraphs_new_gold_unlabeled_no,full_corpus_assumed_negative,equal_weight_models,1,1,0,1,1.0,1.0,1.0,1.0,,,single_reference_class,0,0,0,1,0.5,1,1.0,PAR,prerana
ensemble_document_labeler,codebook_with_examples_with_checklist,all_paragraphs_new_gold_unlabeled_no__drop_kyle_only,full_corpus_assumed_negative,equal_weight_models,6,2,4,0,0.6666666666666666,0.0,0.0,0.0,1.0,1.0,,4,0,2,0,0.5,6,1.0,EPA,anmol
ensemble_document_labeler,codebook_with_examples_with_checklist,all_paragraphs_new_gold_unlabeled_no__drop_kyle_only,full_corpus_assumed_negative,equal_weight_models,12,1,11,0,0.9166666666666666,0.0,0.0,0.0,1.0,0.5,,11,0,1,0,0.5,12,1.0,EPA,prerana
ensemble_document_labeler,codebook_with_examples_with_checklist,all_paragraphs_new_gold_unlabeled_no__drop_kyle_only,full_corpus_assumed_negative,equal_weight_models,26,20,6,8,0.3076923076923077,0.25,0.625,0.35714285714285715,0.5,0.48750000000000004,,3,3,15,5,0.5,28,0.9285714285714286,ERP Report,anmol
ensemble_document_labeler,codebook_with_examples_with_checklist,all_paragraphs_new_gold_unlabeled_no__drop_kyle_only,full_corpus_assumed_negative,equal_weight_models,3,3,0,0,0.0,0.0,0.0,0.0,,,single_reference_class,0,0,3,0,0.5,3,1.0,GAO,anmol
ensemble_document_labeler,codebook_with_examples_with_checklist,all_paragraphs_new_gold_unlabeled_no__drop_kyle_only,full_corpus_assumed_negative,equal_weight_models,9,5,4,2,0.6666666666666666,0.4,1.0,0.5714285714285714,1.0,0.8500000000000001,,4,0,3,2,0.5,9,1.0,Hurricane Katrina,anmol
ensemble_document_labeler,codebook_with_examples_with_checklist,all_paragraphs_new_gold_unlabeled_no__drop_kyle_only,full_corpus_assumed_negative,equal_weight_models,2,0,2,0,1.0,0.0,0.0,0.0,1.0,,single_reference_class,2,0,0,0,0.5,2,1.0,Hurricane Katrina,unassigned_human_labeler
ensemble_document_labeler,codebook_with_examples_with_checklist,all_paragraphs_new_gold_unlabeled_no__drop_kyle_only,full_corpus_assumed_negative,equal_weight_models,7,7,0,2,0.2857142857142857,0.2857142857142857,1.0,0.4444444444444444,,,single_reference_class,0,0,5,2,0.5,7,1.0,PAR,anmol
ensemble_document_labeler,codebook_with_examples_with_checklist,all_paragraphs_new_gold_unlabeled_no__drop_kyle_only,full_corpus_assumed_negative,equal_weight_models,1,1,0,1,1.0,1.0,1.0,1.0,,,single_reference_class,0,0,0,1,0.5,1,1.0,PAR,prerana
ensemble_document_labeler,codebook_with_examples_with_checklist,labeler_anmol,individual_coder,equal_weight_models,6,2,4,0,0.6666666666666666,0.0,0.0,0.0,1.0,1.0,,4,0,2,0,0.5,6,1.0,EPA,anmol
ensemble_document_labeler,codebook_with_examples_with_checklist,labeler_anmol,individual_coder,equal_weight_models,26,20,6,8,0.3076923076923077,0.25,0.625,0.35714285714285715,0.5,0.48750000000000004,,3,3,15,5,0.5,28,0.9285714285714286,ERP Report,anmol
ensemble_document_labeler,codebook_with_examples_with_checklist,labeler_anmol,individual_coder,equal_weight_models,3,3,0,0,0.0,0.0,0.0,0.0,,,single_reference_class,0,0,3,0,0.5,3,1.0,GAO,anmol
ensemble_document_labeler,codebook_with_examples_with_checklist,labeler_anmol,individual_coder,equal_weight_models,9,5,4,2,0.6666666666666666,0.4,1.0,0.5714285714285714,1.0,0.8500000000000001,,4,0,3,2,0.5,9,1.0,Hurricane Katrina,anmol
ensemble_document_labeler,codebook_with_examples_with_checklist,labeler_anmol,individual_coder,equal_weight_models,7,7,0,2,0.2857142857142857,0.2857142857142857,1.0,0.4444444444444444,,,single_reference_class,0,0,5,2,0.5,7,1.0,PAR,anmol
ensemble_document_labeler,codebook_with_examples_with_checklist,labeler_anmol__drop_kyle_only,individual_coder,equal_weight_models,6,2,4,0,0.6666666666666666,0.0,0.0,0.0,1.0,1.0,,4,0,2,0,0.5,6,1.0,EPA,anmol
ensemble_document_labeler,codebook_with_examples_with_checklist,labeler_anmol__drop_kyle_only,individual_coder,equal_weight_models,26,20,6,8,0.3076923076923077,0.25,0.625,0.35714285714285715,0.5,0.48750000000000004,,3,3,15,5,0.5,28,0.9285714285714286,ERP Report,anmol
ensemble_document_labeler,codebook_with_examples_with_checklist,labeler_anmol__drop_kyle_only,individual_coder,equal_weight_models,3,3,0,0,0.0,0.0,0.0,0.0,,,single_reference_class,0,0,3,0,0.5,3,1.0,GAO,anmol
ensemble_document_labeler,codebook_with_examples_with_checklist,labeler_anmol__drop_kyle_only,individual_coder,equal_weight_models,9,5,4,2,0.6666666666666666,0.4,1.0,0.5714285714285714,1.0,0.8500000000000001,,4,0,3,2,0.5,9,1.0,Hurricane Katrina,anmol
ensemble_document_labeler,codebook_with_examples_with_checklist,labeler_anmol__drop_kyle_only,individual_coder,equal_weight_models,7,7,0,2,0.2857142857142857,0.2857142857142857,1.0,0.4444444444444444,,,single_reference_class,0,0,5,2,0.5,7,1.0,PAR,anmol
ensemble_document_labeler,codebook_with_examples_with_checklist,labeler_kyle,individual_coder,equal_weight_models,8,6,2,0,0.25,0.0,0.0,0.0,1.0,0.5,,2,0,6,0,0.5,8,1.0,EPA,kyle
ensemble_document_labeler,codebook_with_examples_with_checklist,labeler_kyle,individual_coder,equal_weight_models,26,26,0,8,0.3076923076923077,0.3076923076923077,1.0,0.47058823529411764,,,single_reference_class,0,0,18,8,0.5,28,0.9285714285714286,ERP Report,kyle
ensemble_document_labeler,codebook_with_examples_with_checklist,labeler_kyle,individual_coder,equal_weight_models,6,5,1,1,0.3333333333333333,0.2,1.0,0.3333333333333333,1.0,0.8,,1,0,4,1,0.5,6,1.0,GAO,kyle
ensemble_document_labeler,codebook_with_examples_with_checklist,labeler_kyle,individual_coder,equal_weight_models,9,7,2,2,0.4444444444444444,0.2857142857142857,1.0,0.4444444444444444,1.0,0.8571428571428572,,2,0,5,2,0.5,9,1.0,Hurricane Katrina,kyle
ensemble_document_labeler,codebook_with_examples_with_checklist,labeler_kyle__drop_kyle_only,individual_coder,equal_weight_models,4,4,0,0,0.0,0.0,0.0,0.0,,,single_reference_class,0,0,4,0,0.5,4,1.0,EPA,kyle
ensemble_document_labeler,codebook_with_examples_with_checklist,labeler_kyle__drop_kyle_only,individual_coder,equal_weight_models,26,26,0,8,0.3076923076923077,0.3076923076923077,1.0,0.47058823529411764,,,single_reference_class,0,0,18,8,0.5,28,0.9285714285714286,ERP Report,kyle
ensemble_document_labeler,codebook_with_examples_with_checklist,labeler_kyle__drop_kyle_only,individual_coder,equal_weight_models,2,2,0,0,0.0,0.0,0.0,0.0,,,single_reference_class,0,0,2,0,0.5,2,1.0,GAO,kyle
ensemble_document_labeler,codebook_with_examples_with_checklist,labeler_kyle__drop_kyle_only,individual_coder,equal_weight_models,9,7,2,2,0.4444444444444444,0.2857142857142857,1.0,0.4444444444444444,1.0,0.8571428571428572,,2,0,5,2,0.5,9,1.0,Hurricane Katrina,kyle
ensemble_document_labeler,codebook_with_examples_with_checklist,labeler_prerana,individual_coder,equal_weight_models,14,1,13,0,0.9285714285714286,0.0,0.0,0.0,1.0,0.4230769230769231,,13,0,1,0,0.5,14,1.0,EPA,prerana
ensemble_document_labeler,codebook_with_examples_with_checklist,labeler_prerana,individual_coder,equal_weight_models,4,4,0,3,0.75,0.75,1.0,0.8571428571428571,,,single_reference_class,0,0,1,3,0.5,4,1.0,PAR,prerana
ensemble_document_labeler,codebook_with_examples_with_checklist,labeler_prerana__drop_kyle_only,individual_coder,equal_weight_models,14,1,13,0,0.9285714285714286,0.0,0.0,0.0,1.0,0.4230769230769231,,13,0,1,0,0.5,14,1.0,EPA,prerana
ensemble_document_labeler,codebook_with_examples_with_checklist,labeler_prerana__drop_kyle_only,individual_coder,equal_weight_models,4,4,0,3,0.75,0.75,1.0,0.8571428571428571,,,single_reference_class,0,0,1,3,0.5,4,1.0,PAR,prerana
ensemble_document_labeler,codebook_with_examples_with_checklist,new_gold_test_only,new_gold,equal_weight_models,6,2,4,0,0.6666666666666666,0.0,0.0,0.0,1.0,1.0,,4,0,2,0,0.5,6,1.0,EPA,anmol
ensemble_document_labeler,codebook_with_examples_with_checklist,new_gold_test_only,new_gold,equal_weight_models,4,2,2,0,0.5,0.0,0.0,0.0,1.0,0.0,,2,0,2,0,0.5,4,1.0,EPA,kyle
ensemble_document_labeler,codebook_with_examples_with_checklist,new_gold_test_only,new_gold,equal_weight_models,12,1,11,0,0.9166666666666666,0.0,0.0,0.0,1.0,0.5,,11,0,1,0,0.5,12,1.0,EPA,prerana
ensemble_document_labeler,codebook_with_examples_with_checklist,new_gold_test_only,new_gold,equal_weight_models,26,20,6,8,0.3076923076923077,0.25,0.625,0.35714285714285715,0.5,0.48750000000000004,,3,3,15,5,0.5,28,0.9285714285714286,ERP Report,anmol
ensemble_document_labeler,codebook_with_examples_with_checklist,new_gold_test_only,new_gold,equal_weight_models,3,3,0,0,0.0,0.0,0.0,0.0,,,single_reference_class,0,0,3,0,0.5,3,1.0,GAO,anmol
ensemble_document_labeler,codebook_with_examples_with_checklist,new_gold_test_only,new_gold,equal_weight_models,4,3,1,1,0.5,0.3333333333333333,1.0,0.5,1.0,0.6666666666666666,,1,0,2,1,0.5,4,1.0,GAO,kyle
ensemble_document_labeler,codebook_with_examples_with_checklist,new_gold_test_only,new_gold,equal_weight_models,9,5,4,2,0.6666666666666666,0.4,1.0,0.5714285714285714,1.0,0.8500000000000001,,4,0,3,2,0.5,9,1.0,Hurricane Katrina,anmol
ensemble_document_labeler,codebook_with_examples_with_checklist,new_gold_test_only,new_gold,equal_weight_models,2,0,2,0,1.0,0.0,0.0,0.0,1.0,,single_reference_class,2,0,0,0,0.5,2,1.0,Hurricane Katrina,unassigned_human_labeler
ensemble_document_labeler,codebook_with_examples_with_checklist,new_gold_test_only,new_gold,equal_weight_models,7,7,0,2,0.2857142857142857,0.2857142857142857,1.0,0.4444444444444444,,,single_reference_class,0,0,5,2,0.5,7,1.0,PAR,anmol
ensemble_document_labeler,codebook_with_examples_with_checklist,new_gold_test_only,new_gold,equal_weight_models,1,1,0,1,1.0,1.0,1.0,1.0,,,single_reference_class,0,0,0,1,0.5,1,1.0,PAR,prerana
ensemble_document_labeler,codebook_with_examples_with_checklist,new_gold_test_only__drop_kyle_only,new_gold,equal_weight_models,6,2,4,0,0.6666666666666666,0.0,0.0,0.0,1.0,1.0,,4,0,2,0,0.5,6,1.0,EPA,anmol
ensemble_document_labeler,codebook_with_examples_with_checklist,new_gold_test_only__drop_kyle_only,new_gold,equal_weight_models,12,1,11,0,0.9166666666666666,0.0,0.0,0.0,1.0,0.5,,11,0,1,0,0.5,12,1.0,EPA,prerana
ensemble_document_labeler,codebook_with_examples_with_checklist,new_gold_test_only__drop_kyle_only,new_gold,equal_weight_models,26,20,6,8,0.3076923076923077,0.25,0.625,0.35714285714285715,0.5,0.48750000000000004,,3,3,15,5,0.5,28,0.9285714285714286,ERP Report,anmol
ensemble_document_labeler,codebook_with_examples_with_checklist,new_gold_test_only__drop_kyle_only,new_gold,equal_weight_models,3,3,0,0,0.0,0.0,0.0,0.0,,,single_reference_class,0,0,3,0,0.5,3,1.0,GAO,anmol
ensemble_document_labeler,codebook_with_examples_with_checklist,new_gold_test_only__drop_kyle_only,new_gold,equal_weight_models,9,5,4,2,0.6666666666666666,0.4,1.0,0.5714285714285714,1.0,0.8500000000000001,,4,0,3,2,0.5,9,1.0,Hurricane Katrina,anmol
ensemble_document_labeler,codebook_with_examples_with_checklist,new_gold_test_only__drop_kyle_only,new_gold,equal_weight_models,2,0,2,0,1.0,0.0,0.0,0.0,1.0,,single_reference_class,2,0,0,0,0.5,2,1.0,Hurricane Katrina,unassigned_human_labeler
ensemble_document_labeler,codebook_with_examples_with_checklist,new_gold_test_only__drop_kyle_only,new_gold,equal_weight_models,7,7,0,2,0.2857142857142857,0.2857142857142857,1.0,0.4444444444444444,,,single_reference_class,0,0,5,2,0.5,7,1.0,PAR,anmol
ensemble_document_labeler,codebook_with_examples_with_checklist,new_gold_test_only__drop_kyle_only,new_gold,equal_weight_models,1,1,0,1,1.0,1.0,1.0,1.0,,,single_reference_class,0,0,0,1,0.5,1,1.0,PAR,prerana
ensemble_document_labeler,codebook_with_examples_with_checklist,old_gold_test_only,old_gold,equal_weight_models,6,2,4,0,0.6666666666666666,0.0,0.0,0.0,1.0,1.0,,4,0,2,0,0.5,6,1.0,EPA,anmol
ensemble_document_labeler,codebook_with_examples_with_checklist,old_gold_test_only,old_gold,equal_weight_models,4,2,2,0,0.5,0.0,0.0,0.0,1.0,0.0,,2,0,2,0,0.5,4,1.0,EPA,kyle
ensemble_document_labeler,codebook_with_examples_with_checklist,old_gold_test_only,old_gold,equal_weight_models,12,9,3,0,0.25,0.0,0.0,0.0,1.0,0.7407407407407408,,3,0,9,0,0.5,12,1.0,EPA,prerana
ensemble_document_labeler,codebook_with_examples_with_checklist,old_gold_test_only,old_gold,equal_weight_models,26,20,6,8,0.3076923076923077,0.25,0.625,0.35714285714285715,0.5,0.48750000000000004,,3,3,15,5,0.5,28,0.9285714285714286,ERP Report,anmol
ensemble_document_labeler,codebook_with_examples_with_checklist,old_gold_test_only,old_gold,equal_weight_models,3,3,0,0,0.0,0.0,0.0,0.0,,,single_reference_class,0,0,3,0,0.5,3,1.0,GAO,anmol
ensemble_document_labeler,codebook_with_examples_with_checklist,old_gold_test_only,old_gold,equal_weight_models,4,3,1,1,0.5,0.3333333333333333,1.0,0.5,1.0,0.6666666666666666,,1,0,2,1,0.5,4,1.0,GAO,kyle
ensemble_document_labeler,codebook_with_examples_with_checklist,old_gold_test_only,old_gold,equal_weight_models,9,5,4,2,0.6666666666666666,0.4,1.0,0.5714285714285714,1.0,0.8500000000000001,,4,0,3,2,0.5,9,1.0,Hurricane Katrina,anmol
ensemble_document_labeler,codebook_with_examples_with_checklist,old_gold_test_only,old_gold,equal_weight_models,2,0,2,0,1.0,0.0,0.0,0.0,1.0,,single_reference_class,2,0,0,0,0.5,2,1.0,Hurricane Katrina,unassigned_human_labeler
ensemble_document_labeler,codebook_with_examples_with_checklist,old_gold_test_only,old_gold,equal_weight_models,7,7,0,2,0.2857142857142857,0.2857142857142857,1.0,0.4444444444444444,,,single_reference_class,0,0,5,2,0.5,7,1.0,PAR,anmol
ensemble_document_labeler,codebook_with_examples_with_checklist,old_gold_test_only,old_gold,equal_weight_models,1,1,0,1,1.0,1.0,1.0,1.0,,,single_reference_class,0,0,0,1,0.5,1,1.0,PAR,prerana
ensemble_document_labeler,codebook_with_examples_with_checklist,old_gold_test_only__drop_kyle_only,old_gold,equal_weight_models,6,2,4,0,0.6666666666666666,0.0,0.0,0.0,1.0,1.0,,4,0,2,0,0.5,6,1.0,EPA,anmol
ensemble_document_labeler,codebook_with_examples_with_checklist,old_gold_test_only__drop_kyle_only,old_gold,equal_weight_models,12,9,3,0,0.25,0.0,0.0,0.0,1.0,0.7407407407407408,,3,0,9,0,0.5,12,1.0,EPA,prerana
ensemble_document_labeler,codebook_with_examples_with_checklist,old_gold_test_only__drop_kyle_only,old_gold,equal_weight_models,26,20,6,8,0.3076923076923077,0.25,0.625,0.35714285714285715,0.5,0.48750000000000004,,3,3,15,5,0.5,28,0.9285714285714286,ERP Report,anmol
ensemble_document_labeler,codebook_with_examples_with_checklist,old_gold_test_only__drop_kyle_only,old_gold,equal_weight_models,3,3,0,0,0.0,0.0,0.0,0.0,,,single_reference_class,0,0,3,0,0.5,3,1.0,GAO,anmol
ensemble_document_labeler,codebook_with_examples_with_checklist,old_gold_test_only__drop_kyle_only,old_gold,equal_weight_models,9,5,4,2,0.6666666666666666,0.4,1.0,0.5714285714285714,1.0,0.8500000000000001,,4,0,3,2,0.5,9,1.0,Hurricane Katrina,anmol
ensemble_document_labeler,codebook_with_examples_with_checklist,old_gold_test_only__drop_kyle_only,old_gold,equal_weight_models,2,0,2,0,1.0,0.0,0.0,0.0,1.0,,single_reference_class,2,0,0,0,0.5,2,1.0,Hurricane Katrina,unassigned_human_labeler
ensemble_document_labeler,codebook_with_examples_with_checklist,old_gold_test_only__drop_kyle_only,old_gold,equal_weight_models,7,7,0,2,0.2857142857142857,0.2857142857142857,1.0,0.4444444444444444,,,single_reference_class,0,0,5,2,0.5,7,1.0,PAR,anmol
ensemble_document_labeler,codebook_with_examples_with_checklist,old_gold_test_only__drop_kyle_only,old_gold,equal_weight_models,1,1,0,1,1.0,1.0,1.0,1.0,,,single_reference_class,0,0,0,1,0.5,1,1.0,PAR,prerana
ensemble_document_labeler,codebook_with_examples_with_checklist,pooled_coder_labels,pooled_coder_decisions,equal_weight_models,6,2,4,0,0.6666666666666666,0.0,0.0,0.0,1.0,1.0,,4,0,2,0,0.5,6,1.0,EPA,anmol
ensemble_document_labeler,codebook_with_examples_with_checklist,pooled_coder_labels,pooled_coder_decisions,equal_weight_models,8,6,2,0,0.25,0.0,0.0,0.0,1.0,0.5,,2,0,6,0,0.5,8,1.0,EPA,kyle
ensemble_document_labeler,codebook_with_examples_with_checklist,pooled_coder_labels,pooled_coder_decisions,equal_weight_models,14,1,13,0,0.9285714285714286,0.0,0.0,0.0,1.0,0.4230769230769231,,13,0,1,0,0.5,14,1.0,EPA,prerana
ensemble_document_labeler,codebook_with_examples_with_checklist,pooled_coder_labels,pooled_coder_decisions,equal_weight_models,26,20,6,8,0.3076923076923077,0.25,0.625,0.35714285714285715,0.5,0.48750000000000004,,3,3,15,5,0.5,28,0.9285714285714286,ERP Report,anmol
ensemble_document_labeler,codebook_with_examples_with_checklist,pooled_coder_labels,pooled_coder_decisions,equal_weight_models,26,26,0,8,0.3076923076923077,0.3076923076923077,1.0,0.47058823529411764,,,single_reference_class,0,0,18,8,0.5,28,0.9285714285714286,ERP Report,kyle
ensemble_document_labeler,codebook_with_examples_with_checklist,pooled_coder_labels,pooled_coder_decisions,equal_weight_models,3,3,0,0,0.0,0.0,0.0,0.0,,,single_reference_class,0,0,3,0,0.5,3,1.0,GAO,anmol
ensemble_document_labeler,codebook_with_examples_with_checklist,pooled_coder_labels,pooled_coder_decisions,equal_weight_models,6,5,1,1,0.3333333333333333,0.2,1.0,0.3333333333333333,1.0,0.8,,1,0,4,1,0.5,6,1.0,GAO,kyle
ensemble_document_labeler,codebook_with_examples_with_checklist,pooled_coder_labels,pooled_coder_decisions,equal_weight_models,9,5,4,2,0.6666666666666666,0.4,1.0,0.5714285714285714,1.0,0.8500000000000001,,4,0,3,2,0.5,9,1.0,Hurricane Katrina,anmol
ensemble_document_labeler,codebook_with_examples_with_checklist,pooled_coder_labels,pooled_coder_decisions,equal_weight_models,9,7,2,2,0.4444444444444444,0.2857142857142857,1.0,0.4444444444444444,1.0,0.8571428571428572,,2,0,5,2,0.5,9,1.0,Hurricane Katrina,kyle
ensemble_document_labeler,codebook_with_examples_with_checklist,pooled_coder_labels,pooled_coder_decisions,equal_weight_models,7,7,0,2,0.2857142857142857,0.2857142857142857,1.0,0.4444444444444444,,,single_reference_class,0,0,5,2,0.5,7,1.0,PAR,anmol
ensemble_document_labeler,codebook_with_examples_with_checklist,pooled_coder_labels,pooled_coder_decisions,equal_weight_models,4,4,0,3,0.75,0.75,1.0,0.8571428571428571,,,single_reference_class,0,0,1,3,0.5,4,1.0,PAR,prerana
ensemble_document_labeler,codebook_with_examples_with_checklist,pooled_coder_labels__drop_kyle_only,pooled_coder_decisions,equal_weight_models,6,2,4,0,0.6666666666666666,0.0,0.0,0.0,1.0,1.0,,4,0,2,0,0.5,6,1.0,EPA,anmol
ensemble_document_labeler,codebook_with_examples_with_checklist,pooled_coder_labels__drop_kyle_only,pooled_coder_decisions,equal_weight_models,4,4,0,0,0.0,0.0,0.0,0.0,,,single_reference_class,0,0,4,0,0.5,4,1.0,EPA,kyle
ensemble_document_labeler,codebook_with_examples_with_checklist,pooled_coder_labels__drop_kyle_only,pooled_coder_decisions,equal_weight_models,14,1,13,0,0.9285714285714286,0.0,0.0,0.0,1.0,0.4230769230769231,,13,0,1,0,0.5,14,1.0,EPA,prerana
ensemble_document_labeler,codebook_with_examples_with_checklist,pooled_coder_labels__drop_kyle_only,pooled_coder_decisions,equal_weight_models,26,20,6,8,0.3076923076923077,0.25,0.625,0.35714285714285715,0.5,0.48750000000000004,,3,3,15,5,0.5,28,0.9285714285714286,ERP Report,anmol
ensemble_document_labeler,codebook_with_examples_with_checklist,pooled_coder_labels__drop_kyle_only,pooled_coder_decisions,equal_weight_models,26,26,0,8,0.3076923076923077,0.3076923076923077,1.0,0.47058823529411764,,,single_reference_class,0,0,18,8,0.5,28,0.9285714285714286,ERP Report,kyle
ensemble_document_labeler,codebook_with_examples_with_checklist,pooled_coder_labels__drop_kyle_only,pooled_coder_decisions,equal_weight_models,3,3,0,0,0.0,0.0,0.0,0.0,,,single_reference_class,0,0,3,0,0.5,3,1.0,GAO,anmol
ensemble_document_labeler,codebook_with_examples_with_checklist,pooled_coder_labels__drop_kyle_only,pooled_coder_decisions,equal_weight_models,2,2,0,0,0.0,0.0,0.0,0.0,,,single_reference_class,0,0,2,0,0.5,2,1.0,GAO,kyle
ensemble_document_labeler,codebook_with_examples_with_checklist,pooled_coder_labels__drop_kyle_only,pooled_coder_decisions,equal_weight_models,9,5,4,2,0.6666666666666666,0.4,1.0,0.5714285714285714,1.0,0.8500000000000001,,4,0,3,2,0.5,9,1.0,Hurricane Katrina,anmol
ensemble_document_labeler,codebook_with_examples_with_checklist,pooled_coder_labels__drop_kyle_only,pooled_coder_decisions,equal_weight_models,9,7,2,2,0.4444444444444444,0.2857142857142857,1.0,0.4444444444444444,1.0,0.8571428571428572,,2,0,5,2,0.5,9,1.0,Hurricane Katrina,kyle
ensemble_document_labeler,codebook_with_examples_with_checklist,pooled_coder_labels__drop_kyle_only,pooled_coder_decisions,equal_weight_models,7,7,0,2,0.2857142857142857,0.2857142857142857,1.0,0.4444444444444444,,,single_reference_class,0,0,5,2,0.5,7,1.0,PAR,anmol
ensemble_document_labeler,codebook_with_examples_with_checklist,pooled_coder_labels__drop_kyle_only,pooled_coder_decisions,equal_weight_models,4,4,0,3,0.75,0.75,1.0,0.8571428571428571,,,single_reference_class,0,0,1,3,0.5,4,1.0,PAR,prerana
ensemble_document_labeler,direct_target_only,all_paragraphs_new_gold_unlabeled_no,full_corpus_assumed_negative,equal_weight_models,6,2,4,1,0.8333333333333334,0.5,1.0,0.6666666666666666,1.0,1.0,,4,0,1,1,0.5,6,1.0,EPA,anmol
ensemble_document_labeler,direct_target_only,all_paragraphs_new_gold_unlabeled_no,full_corpus_assumed_negative,equal_weight_models,4,2,2,0,0.5,0.0,0.0,0.0,1.0,0.25,,2,0,2,0,0.5,4,1.0,EPA,kyle
ensemble_document_labeler,direct_target_only,all_paragraphs_new_gold_unlabeled_no,full_corpus_assumed_negative,equal_weight_models,12,1,11,0,0.9166666666666666,0.0,0.0,0.0,1.0,0.18181818181818177,,11,0,1,0,0.5,12,1.0,EPA,prerana
ensemble_document_labeler,direct_target_only,all_paragraphs_new_gold_unlabeled_no,full_corpus_assumed_negative,equal_weight_models,28,22,6,3,0.25,0.09090909090909091,0.6666666666666666,0.16,0.8333333333333334,0.5606060606060606,,5,1,20,2,0.5,28,1.0,ERP Report,anmol
ensemble_document_labeler,direct_target_only,all_paragraphs_new_gold_unlabeled_no,full_corpus_assumed_negative,equal_weight_models,3,3,0,1,0.3333333333333333,0.3333333333333333,1.0,0.5,,,single_reference_class,0,0,2,1,0.5,3,1.0,GAO,anmol
ensemble_document_labeler,direct_target_only,all_paragraphs_new_gold_unlabeled_no,full_corpus_assumed_negative,equal_weight_models,4,3,1,0,0.25,0.0,0.0,0.0,1.0,0.6666666666666666,,1,0,3,0,0.5,4,1.0,GAO,kyle
ensemble_document_labeler,direct_target_only,all_paragraphs_new_gold_unlabeled_no,full_corpus_assumed_negative,equal_weight_models,9,5,4,4,0.8888888888888888,0.8,1.0,0.8888888888888888,1.0,0.9,,4,0,1,4,0.5,9,1.0,Hurricane Katrina,anmol
ensemble_document_labeler,direct_target_only,all_paragraphs_new_gold_unlabeled_no,full_corpus_assumed_negative,equal_weight_models,2,0,2,0,1.0,0.0,0.0,0.0,1.0,,single_reference_class,2,0,0,0,0.5,2,1.0,Hurricane Katrina,unassigned_human_labeler
ensemble_document_labeler,direct_target_only,all_paragraphs_new_gold_unlabeled_no,full_corpus_assumed_negative,equal_weight_models,7,7,0,3,0.42857142857142855,0.42857142857142855,1.0,0.6,,,single_reference_class,0,0,4,3,0.5,7,1.0,PAR,anmol
ensemble_document_labeler,direct_target_only,all_paragraphs_new_gold_unlabeled_no,full_corpus_assumed_negative,equal_weight_models,1,1,0,1,1.0,1.0,1.0,1.0,,,single_reference_class,0,0,0,1,0.5,1,1.0,PAR,prerana
ensemble_document_labeler,direct_target_only,all_paragraphs_new_gold_unlabeled_no__drop_kyle_only,full_corpus_assumed_negative,equal_weight_models,6,2,4,1,0.8333333333333334,0.5,1.0,0.6666666666666666,1.0,1.0,,4,0,1,1,0.5,6,1.0,EPA,anmol
ensemble_document_labeler,direct_target_only,all_paragraphs_new_gold_unlabeled_no__drop_kyle_only,full_corpus_assumed_negative,equal_weight_models,12,1,11,0,0.9166666666666666,0.0,0.0,0.0,1.0,0.18181818181818177,,11,0,1,0,0.5,12,1.0,EPA,prerana
ensemble_document_labeler,direct_target_only,all_paragraphs_new_gold_unlabeled_no__drop_kyle_only,full_corpus_assumed_negative,equal_weight_models,28,22,6,3,0.25,0.09090909090909091,0.6666666666666666,0.16,0.8333333333333334,0.5606060606060606,,5,1,20,2,0.5,28,1.0,ERP Report,anmol
ensemble_document_labeler,direct_target_only,all_paragraphs_new_gold_unlabeled_no__drop_kyle_only,full_corpus_assumed_negative,equal_weight_models,3,3,0,1,0.3333333333333333,0.3333333333333333,1.0,0.5,,,single_reference_class,0,0,2,1,0.5,3,1.0,GAO,anmol
ensemble_document_labeler,direct_target_only,all_paragraphs_new_gold_unlabeled_no__drop_kyle_only,full_corpus_assumed_negative,equal_weight_models,9,5,4,4,0.8888888888888888,0.8,1.0,0.8888888888888888,1.0,0.9,,4,0,1,4,0.5,9,1.0,Hurricane Katrina,anmol
ensemble_document_labeler,direct_target_only,all_paragraphs_new_gold_unlabeled_no__drop_kyle_only,full_corpus_assumed_negative,equal_weight_models,2,0,2,0,1.0,0.0,0.0,0.0,1.0,,single_reference_class,2,0,0,0,0.5,2,1.0,Hurricane Katrina,unassigned_human_labeler
ensemble_document_labeler,direct_target_only,all_paragraphs_new_gold_unlabeled_no__drop_kyle_only,full_corpus_assumed_negative,equal_weight_models,7,7,0,3,0.42857142857142855,0.42857142857142855,1.0,0.6,,,single_reference_class,0,0,4,3,0.5,7,1.0,PAR,anmol
ensemble_document_labeler,direct_target_only,all_paragraphs_new_gold_unlabeled_no__drop_kyle_only,full_corpus_assumed_negative,equal_weight_models,1,1,0,1,1.0,1.0,1.0,1.0,,,single_reference_class,0,0,0,1,0.5,1,1.0,PAR,prerana
ensemble_document_labeler,direct_target_only,labeler_anmol,individual_coder,equal_weight_models,6,2,4,1,0.8333333333333334,0.5,1.0,0.6666666666666666,1.0,1.0,,4,0,1,1,0.5,6,1.0,EPA,anmol
ensemble_document_labeler,direct_target_only,labeler_anmol,individual_coder,equal_weight_models,28,22,6,3,0.25,0.09090909090909091,0.6666666666666666,0.16,0.8333333333333334,0.5606060606060606,,5,1,20,2,0.5,28,1.0,ERP Report,anmol
ensemble_document_labeler,direct_target_only,labeler_anmol,individual_coder,equal_weight_models,3,3,0,1,0.3333333333333333,0.3333333333333333,1.0,0.5,,,single_reference_class,0,0,2,1,0.5,3,1.0,GAO,anmol
ensemble_document_labeler,direct_target_only,labeler_anmol,individual_coder,equal_weight_models,9,5,4,4,0.8888888888888888,0.8,1.0,0.8888888888888888,1.0,0.9,,4,0,1,4,0.5,9,1.0,Hurricane Katrina,anmol
ensemble_document_labeler,direct_target_only,labeler_anmol,individual_coder,equal_weight_models,7,7,0,3,0.42857142857142855,0.42857142857142855,1.0,0.6,,,single_reference_class,0,0,4,3,0.5,7,1.0,PAR,anmol
ensemble_document_labeler,direct_target_only,labeler_anmol__drop_kyle_only,individual_coder,equal_weight_models,6,2,4,1,0.8333333333333334,0.5,1.0,0.6666666666666666,1.0,1.0,,4,0,1,1,0.5,6,1.0,EPA,anmol
ensemble_document_labeler,direct_target_only,labeler_anmol__drop_kyle_only,individual_coder,equal_weight_models,28,22,6,3,0.25,0.09090909090909091,0.6666666666666666,0.16,0.8333333333333334,0.5606060606060606,,5,1,20,2,0.5,28,1.0,ERP Report,anmol
ensemble_document_labeler,direct_target_only,labeler_anmol__drop_kyle_only,individual_coder,equal_weight_models,3,3,0,1,0.3333333333333333,0.3333333333333333,1.0,0.5,,,single_reference_class,0,0,2,1,0.5,3,1.0,GAO,anmol
ensemble_document_labeler,direct_target_only,labeler_anmol__drop_kyle_only,individual_coder,equal_weight_models,9,5,4,4,0.8888888888888888,0.8,1.0,0.8888888888888888,1.0,0.9,,4,0,1,4,0.5,9,1.0,Hurricane Katrina,anmol
ensemble_document_labeler,direct_target_only,labeler_anmol__drop_kyle_only,individual_coder,equal_weight_models,7,7,0,3,0.42857142857142855,0.42857142857142855,1.0,0.6,,,single_reference_class,0,0,4,3,0.5,7,1.0,PAR,anmol
ensemble_document_labeler,direct_target_only,labeler_kyle,individual_coder,equal_weight_models,8,6,2,0,0.25,0.0,0.0,0.0,1.0,0.6666666666666667,,2,0,6,0,0.5,8,1.0,EPA,kyle
ensemble_document_labeler,direct_target_only,labeler_kyle,individual_coder,equal_weight_models,28,28,0,3,0.10714285714285714,0.10714285714285714,1.0,0.1935483870967742,,,single_reference_class,0,0,25,3,0.5,28,1.0,ERP Report,kyle
ensemble_document_labeler,direct_target_only,labeler_kyle,individual_coder,equal_weight_models,6,5,1,1,0.3333333333333333,0.2,1.0,0.3333333333333333,1.0,0.6,,1,0,4,1,0.5,6,1.0,GAO,kyle
ensemble_document_labeler,direct_target_only,labeler_kyle,individual_coder,equal_weight_models,9,7,2,4,0.6666666666666666,0.5714285714285714,1.0,0.7272727272727273,1.0,0.7857142857142857,,2,0,3,4,0.5,9,1.0,Hurricane Katrina,kyle
ensemble_document_labeler,direct_target_only,labeler_kyle__drop_kyle_only,individual_coder,equal_weight_models,4,4,0,0,0.0,0.0,0.0,0.0,,,single_reference_class,0,0,4,0,0.5,4,1.0,EPA,kyle
ensemble_document_labeler,direct_target_only,labeler_kyle__drop_kyle_only,individual_coder,equal_weight_models,28,28,0,3,0.10714285714285714,0.10714285714285714,1.0,0.1935483870967742,,,single_reference_class,0,0,25,3,0.5,28,1.0,ERP Report,kyle
ensemble_document_labeler,direct_target_only,labeler_kyle__drop_kyle_only,individual_coder,equal_weight_models,2,2,0,1,0.5,0.5,1.0,0.6666666666666666,,,single_reference_class,0,0,1,1,0.5,2,1.0,GAO,kyle
ensemble_document_labeler,direct_target_only,labeler_kyle__drop_kyle_only,individual_coder,equal_weight_models,9,7,2,4,0.6666666666666666,0.5714285714285714,1.0,0.7272727272727273,1.0,0.7857142857142857,,2,0,3,4,0.5,9,1.0,Hurricane Katrina,kyle
ensemble_document_labeler,direct_target_only,labeler_prerana,individual_coder,equal_weight_models,14,1,13,0,0.9285714285714286,0.0,0.0,0.0,1.0,0.23076923076923073,,13,0,1,0,0.5,14,1.0,EPA,prerana
ensemble_document_labeler,direct_target_only,labeler_prerana,individual_coder,equal_weight_models,4,4,0,3,0.75,0.75,1.0,0.8571428571428571,,,single_reference_class,0,0,1,3,0.5,4,1.0,PAR,prerana
ensemble_document_labeler,direct_target_only,labeler_prerana__drop_kyle_only,individual_coder,equal_weight_models,14,1,13,0,0.9285714285714286,0.0,0.0,0.0,1.0,0.23076923076923073,,13,0,1,0,0.5,14,1.0,EPA,prerana
ensemble_document_labeler,direct_target_only,labeler_prerana__drop_kyle_only,individual_coder,equal_weight_models,4,4,0,3,0.75,0.75,1.0,0.8571428571428571,,,single_reference_class,0,0,1,3,0.5,4,1.0,PAR,prerana
ensemble_document_labeler,direct_target_only,new_gold_test_only,new_gold,equal_weight_models,6,2,4,1,0.8333333333333334,0.5,1.0,0.6666666666666666,1.0,1.0,,4,0,1,1,0.5,6,1.0,EPA,anmol
ensemble_document_labeler,direct_target_only,new_gold_test_only,new_gold,equal_weight_models,4,2,2,0,0.5,0.0,0.0,0.0,1.0,0.25,,2,0,2,0,0.5,4,1.0,EPA,kyle
ensemble_document_labeler,direct_target_only,new_gold_test_only,new_gold,equal_weight_models,12,1,11,0,0.9166666666666666,0.0,0.0,0.0,1.0,0.18181818181818177,,11,0,1,0,0.5,12,1.0,EPA,prerana
ensemble_document_labeler,direct_target_only,new_gold_test_only,new_gold,equal_weight_models,28,22,6,3,0.25,0.09090909090909091,0.6666666666666666,0.16,0.8333333333333334,0.5606060606060606,,5,1,20,2,0.5,28,1.0,ERP Report,anmol
ensemble_document_labeler,direct_target_only,new_gold_test_only,new_gold,equal_weight_models,3,3,0,1,0.3333333333333333,0.3333333333333333,1.0,0.5,,,single_reference_class,0,0,2,1,0.5,3,1.0,GAO,anmol
ensemble_document_labeler,direct_target_only,new_gold_test_only,new_gold,equal_weight_models,4,3,1,0,0.25,0.0,0.0,0.0,1.0,0.6666666666666666,,1,0,3,0,0.5,4,1.0,GAO,kyle
ensemble_document_labeler,direct_target_only,new_gold_test_only,new_gold,equal_weight_models,9,5,4,4,0.8888888888888888,0.8,1.0,0.8888888888888888,1.0,0.9,,4,0,1,4,0.5,9,1.0,Hurricane Katrina,anmol
ensemble_document_labeler,direct_target_only,new_gold_test_only,new_gold,equal_weight_models,2,0,2,0,1.0,0.0,0.0,0.0,1.0,,single_reference_class,2,0,0,0,0.5,2,1.0,Hurricane Katrina,unassigned_human_labeler
ensemble_document_labeler,direct_target_only,new_gold_test_only,new_gold,equal_weight_models,7,7,0,3,0.42857142857142855,0.42857142857142855,1.0,0.6,,,single_reference_class,0,0,4,3,0.5,7,1.0,PAR,anmol
ensemble_document_labeler,direct_target_only,new_gold_test_only,new_gold,equal_weight_models,1,1,0,1,1.0,1.0,1.0,1.0,,,single_reference_class,0,0,0,1,0.5,1,1.0,PAR,prerana
ensemble_document_labeler,direct_target_only,new_gold_test_only__drop_kyle_only,new_gold,equal_weight_models,6,2,4,1,0.8333333333333334,0.5,1.0,0.6666666666666666,1.0,1.0,,4,0,1,1,0.5,6,1.0,EPA,anmol
ensemble_document_labeler,direct_target_only,new_gold_test_only__drop_kyle_only,new_gold,equal_weight_models,12,1,11,0,0.9166666666666666,0.0,0.0,0.0,1.0,0.18181818181818177,,11,0,1,0,0.5,12,1.0,EPA,prerana
ensemble_document_labeler,direct_target_only,new_gold_test_only__drop_kyle_only,new_gold,equal_weight_models,28,22,6,3,0.25,0.09090909090909091,0.6666666666666666,0.16,0.8333333333333334,0.5606060606060606,,5,1,20,2,0.5,28,1.0,ERP Report,anmol
ensemble_document_labeler,direct_target_only,new_gold_test_only__drop_kyle_only,new_gold,equal_weight_models,3,3,0,1,0.3333333333333333,0.3333333333333333,1.0,0.5,,,single_reference_class,0,0,2,1,0.5,3,1.0,GAO,anmol
ensemble_document_labeler,direct_target_only,new_gold_test_only__drop_kyle_only,new_gold,equal_weight_models,9,5,4,4,0.8888888888888888,0.8,1.0,0.8888888888888888,1.0,0.9,,4,0,1,4,0.5,9,1.0,Hurricane Katrina,anmol
ensemble_document_labeler,direct_target_only,new_gold_test_only__drop_kyle_only,new_gold,equal_weight_models,2,0,2,0,1.0,0.0,0.0,0.0,1.0,,single_reference_class,2,0,0,0,0.5,2,1.0,Hurricane Katrina,unassigned_human_labeler
ensemble_document_labeler,direct_target_only,new_gold_test_only__drop_kyle_only,new_gold,equal_weight_models,7,7,0,3,0.42857142857142855,0.42857142857142855,1.0,0.6,,,single_reference_class,0,0,4,3,0.5,7,1.0,PAR,anmol
ensemble_document_labeler,direct_target_only,new_gold_test_only__drop_kyle_only,new_gold,equal_weight_models,1,1,0,1,1.0,1.0,1.0,1.0,,,single_reference_class,0,0,0,1,0.5,1,1.0,PAR,prerana
ensemble_document_labeler,direct_target_only,old_gold_test_only,old_gold,equal_weight_models,6,2,4,1,0.8333333333333334,0.5,1.0,0.6666666666666666,1.0,1.0,,4,0,1,1,0.5,6,1.0,EPA,anmol
ensemble_document_labeler,direct_target_only,old_gold_test_only,old_gold,equal_weight_models,4,2,2,0,0.5,0.0,0.0,0.0,1.0,0.25,,2,0,2,0,0.5,4,1.0,EPA,kyle
ensemble_document_labeler,direct_target_only,old_gold_test_only,old_gold,equal_weight_models,12,9,3,0,0.25,0.0,0.0,0.0,1.0,0.6666666666666667,,3,0,9,0,0.5,12,1.0,EPA,prerana
ensemble_document_labeler,direct_target_only,old_gold_test_only,old_gold,equal_weight_models,28,22,6,3,0.25,0.09090909090909091,0.6666666666666666,0.16,0.8333333333333334,0.5606060606060606,,5,1,20,2,0.5,28,1.0,ERP Report,anmol
ensemble_document_labeler,direct_target_only,old_gold_test_only,old_gold,equal_weight_models,3,3,0,1,0.3333333333333333,0.3333333333333333,1.0,0.5,,,single_reference_class,0,0,2,1,0.5,3,1.0,GAO,anmol
ensemble_document_labeler,direct_target_only,old_gold_test_only,old_gold,equal_weight_models,4,3,1,0,0.25,0.0,0.0,0.0,1.0,0.6666666666666666,,1,0,3,0,0.5,4,1.0,GAO,kyle
ensemble_document_labeler,direct_target_only,old_gold_test_only,old_gold,equal_weight_models,9,5,4,4,0.8888888888888888,0.8,1.0,0.8888888888888888,1.0,0.9,,4,0,1,4,0.5,9,1.0,Hurricane Katrina,anmol
ensemble_document_labeler,direct_target_only,old_gold_test_only,old_gold,equal_weight_models,2,0,2,0,1.0,0.0,0.0,0.0,1.0,,single_reference_class,2,0,0,0,0.5,2,1.0,Hurricane Katrina,unassigned_human_labeler
ensemble_document_labeler,direct_target_only,old_gold_test_only,old_gold,equal_weight_models,7,7,0,3,0.42857142857142855,0.42857142857142855,1.0,0.6,,,single_reference_class,0,0,4,3,0.5,7,1.0,PAR,anmol
ensemble_document_labeler,direct_target_only,old_gold_test_only,old_gold,equal_weight_models,1,1,0,1,1.0,1.0,1.0,1.0,,,single_reference_class,0,0,0,1,0.5,1,1.0,PAR,prerana
ensemble_document_labeler,direct_target_only,old_gold_test_only__drop_kyle_only,old_gold,equal_weight_models,6,2,4,1,0.8333333333333334,0.5,1.0,0.6666666666666666,1.0,1.0,,4,0,1,1,0.5,6,1.0,EPA,anmol
ensemble_document_labeler,direct_target_only,old_gold_test_only__drop_kyle_only,old_gold,equal_weight_models,12,9,3,0,0.25,0.0,0.0,0.0,1.0,0.6666666666666667,,3,0,9,0,0.5,12,1.0,EPA,prerana
ensemble_document_labeler,direct_target_only,old_gold_test_only__drop_kyle_only,old_gold,equal_weight_models,28,22,6,3,0.25,0.09090909090909091,0.6666666666666666,0.16,0.8333333333333334,0.5606060606060606,,5,1,20,2,0.5,28,1.0,ERP Report,anmol
ensemble_document_labeler,direct_target_only,old_gold_test_only__drop_kyle_only,old_gold,equal_weight_models,3,3,0,1,0.3333333333333333,0.3333333333333333,1.0,0.5,,,single_reference_class,0,0,2,1,0.5,3,1.0,GAO,anmol
ensemble_document_labeler,direct_target_only,old_gold_test_only__drop_kyle_only,old_gold,equal_weight_models,9,5,4,4,0.8888888888888888,0.8,1.0,0.8888888888888888,1.0,0.9,,4,0,1,4,0.5,9,1.0,Hurricane Katrina,anmol
ensemble_document_labeler,direct_target_only,old_gold_test_only__drop_kyle_only,old_gold,equal_weight_models,2,0,2,0,1.0,0.0,0.0,0.0,1.0,,single_reference_class,2,0,0,0,0.5,2,1.0,Hurricane Katrina,unassigned_human_labeler
ensemble_document_labeler,direct_target_only,old_gold_test_only__drop_kyle_only,old_gold,equal_weight_models,7,7,0,3,0.42857142857142855,0.42857142857142855,1.0,0.6,,,single_reference_class,0,0,4,3,0.5,7,1.0,PAR,anmol
ensemble_document_labeler,direct_target_only,old_gold_test_only__drop_kyle_only,old_gold,equal_weight_models,1,1,0,1,1.0,1.0,1.0,1.0,,,single_reference_class,0,0,0,1,0.5,1,1.0,PAR,prerana
ensemble_document_labeler,direct_target_only,pooled_coder_labels,pooled_coder_decisions,equal_weight_models,6,2,4,1,0.8333333333333334,0.5,1.0,0.6666666666666666,1.0,1.0,,4,0,1,1,0.5,6,1.0,EPA,anmol
ensemble_document_labeler,direct_target_only,pooled_coder_labels,pooled_coder_decisions,equal_weight_models,8,6,2,0,0.25,0.0,0.0,0.0,1.0,0.6666666666666667,,2,0,6,0,0.5,8,1.0,EPA,kyle
ensemble_document_labeler,direct_target_only,pooled_coder_labels,pooled_coder_decisions,equal_weight_models,14,1,13,0,0.9285714285714286,0.0,0.0,0.0,1.0,0.23076923076923073,,13,0,1,0,0.5,14,1.0,EPA,prerana
ensemble_document_labeler,direct_target_only,pooled_coder_labels,pooled_coder_decisions,equal_weight_models,28,22,6,3,0.25,0.09090909090909091,0.6666666666666666,0.16,0.8333333333333334,0.5606060606060606,,5,1,20,2,0.5,28,1.0,ERP Report,anmol
ensemble_document_labeler,direct_target_only,pooled_coder_labels,pooled_coder_decisions,equal_weight_models,28,28,0,3,0.10714285714285714,0.10714285714285714,1.0,0.1935483870967742,,,single_reference_class,0,0,25,3,0.5,28,1.0,ERP Report,kyle
ensemble_document_labeler,direct_target_only,pooled_coder_labels,pooled_coder_decisions,equal_weight_models,3,3,0,1,0.3333333333333333,0.3333333333333333,1.0,0.5,,,single_reference_class,0,0,2,1,0.5,3,1.0,GAO,anmol
ensemble_document_labeler,direct_target_only,pooled_coder_labels,pooled_coder_decisions,equal_weight_models,6,5,1,1,0.3333333333333333,0.2,1.0,0.3333333333333333,1.0,0.6,,1,0,4,1,0.5,6,1.0,GAO,kyle
ensemble_document_labeler,direct_target_only,pooled_coder_labels,pooled_coder_decisions,equal_weight_models,9,5,4,4,0.8888888888888888,0.8,1.0,0.8888888888888888,1.0,0.9,,4,0,1,4,0.5,9,1.0,Hurricane Katrina,anmol
ensemble_document_labeler,direct_target_only,pooled_coder_labels,pooled_coder_decisions,equal_weight_models,9,7,2,4,0.6666666666666666,0.5714285714285714,1.0,0.7272727272727273,1.0,0.7857142857142857,,2,0,3,4,0.5,9,1.0,Hurricane Katrina,kyle
ensemble_document_labeler,direct_target_only,pooled_coder_labels,pooled_coder_decisions,equal_weight_models,7,7,0,3,0.42857142857142855,0.42857142857142855,1.0,0.6,,,single_reference_class,0,0,4,3,0.5,7,1.0,PAR,anmol
ensemble_document_labeler,direct_target_only,pooled_coder_labels,pooled_coder_decisions,equal_weight_models,4,4,0,3,0.75,0.75,1.0,0.8571428571428571,,,single_reference_class,0,0,1,3,0.5,4,1.0,PAR,prerana
ensemble_document_labeler,direct_target_only,pooled_coder_labels__drop_kyle_only,pooled_coder_decisions,equal_weight_models,6,2,4,1,0.8333333333333334,0.5,1.0,0.6666666666666666,1.0,1.0,,4,0,1,1,0.5,6,1.0,EPA,anmol
ensemble_document_labeler,direct_target_only,pooled_coder_labels__drop_kyle_only,pooled_coder_decisions,equal_weight_models,4,4,0,0,0.0,0.0,0.0,0.0,,,single_reference_class,0,0,4,0,0.5,4,1.0,EPA,kyle
ensemble_document_labeler,direct_target_only,pooled_coder_labels__drop_kyle_only,pooled_coder_decisions,equal_weight_models,14,1,13,0,0.9285714285714286,0.0,0.0,0.0,1.0,0.23076923076923073,,13,0,1,0,0.5,14,1.0,EPA,prerana
ensemble_document_labeler,direct_target_only,pooled_coder_labels__drop_kyle_only,pooled_coder_decisions,equal_weight_models,28,22,6,3,0.25,0.09090909090909091,0.6666666666666666,0.16,0.8333333333333334,0.5606060606060606,,5,1,20,2,0.5,28,1.0,ERP Report,anmol
ensemble_document_labeler,direct_target_only,pooled_coder_labels__drop_kyle_only,pooled_coder_decisions,equal_weight_models,28,28,0,3,0.10714285714285714,0.10714285714285714,1.0,0.1935483870967742,,,single_reference_class,0,0,25,3,0.5,28,1.0,ERP Report,kyle
ensemble_document_labeler,direct_target_only,pooled_coder_labels__drop_kyle_only,pooled_coder_decisions,equal_weight_models,3,3,0,1,0.3333333333333333,0.3333333333333333,1.0,0.5,,,single_reference_class,0,0,2,1,0.5,3,1.0,GAO,anmol
ensemble_document_labeler,direct_target_only,pooled_coder_labels__drop_kyle_only,pooled_coder_decisions,equal_weight_models,2,2,0,1,0.5,0.5,1.0,0.6666666666666666,,,single_reference_class,0,0,1,1,0.5,2,1.0,GAO,kyle
ensemble_document_labeler,direct_target_only,pooled_coder_labels__drop_kyle_only,pooled_coder_decisions,equal_weight_models,9,5,4,4,0.8888888888888888,0.8,1.0,0.8888888888888888,1.0,0.9,,4,0,1,4,0.5,9,1.0,Hurricane Katrina,anmol
ensemble_document_labeler,direct_target_only,pooled_coder_labels__drop_kyle_only,pooled_coder_decisions,equal_weight_models,9,7,2,4,0.6666666666666666,0.5714285714285714,1.0,0.7272727272727273,1.0,0.7857142857142857,,2,0,3,4,0.5,9,1.0,Hurricane Katrina,kyle
ensemble_document_labeler,direct_target_only,pooled_coder_labels__drop_kyle_only,pooled_coder_decisions,equal_weight_models,7,7,0,3,0.42857142857142855,0.42857142857142855,1.0,0.6,,,single_reference_class,0,0,4,3,0.5,7,1.0,PAR,anmol
ensemble_document_labeler,direct_target_only,pooled_coder_labels__drop_kyle_only,pooled_coder_decisions,equal_weight_models,4,4,0,3,0.75,0.75,1.0,0.8571428571428571,,,single_reference_class,0,0,1,3,0.5,4,1.0,PAR,prerana
ensemble_overall,codebook_no_examples_no_checklist,all_paragraphs_new_gold_unlabeled_no,full_corpus_assumed_negative,weighted_models_optimized,75,45,30,49,0.7066666666666667,0.8,0.7346938775510204,0.7659574468085106,0.5666666666666667,0.6959259259259258,,17,13,9,36,0.19,76,0.9868421052631579,,
ensemble_overall,codebook_no_examples_no_checklist,all_paragraphs_new_gold_unlabeled_no__drop_kyle_only,full_corpus_assumed_negative,weighted_models_optimized,67,40,27,52,0.7014925373134329,0.9,0.6923076923076923,0.782608695652174,0.4074074074074074,0.7175925925925927,,11,16,4,36,0.16,68,0.9852941176470589,,
ensemble_overall,codebook_no_examples_no_checklist,new_gold_test_only,new_gold,weighted_models_optimized,75,45,30,49,0.7066666666666667,0.8,0.7346938775510204,0.7659574468085106,0.5666666666666667,0.6959259259259258,,17,13,9,36,0.19,76,0.9868421052631579,,
ensemble_overall,codebook_no_examples_no_checklist,new_gold_test_only__drop_kyle_only,new_gold,weighted_models_optimized,67,40,27,52,0.7014925373134329,0.9,0.6923076923076923,0.782608695652174,0.4074074074074074,0.7175925925925927,,11,16,4,36,0.16,68,0.9852941176470589,,
ensemble_overall,codebook_no_examples_no_checklist,old_gold_test_only,old_gold,weighted_models_optimized,75,53,22,62,0.7466666666666667,0.9056603773584906,0.7741935483870968,0.8347826086956521,0.36363636363636365,0.6633790737564323,,8,14,5,48,0.09,76,0.9868421052631579,,
ensemble_overall,codebook_no_examples_no_checklist,old_gold_test_only__drop_kyle_only,old_gold,weighted_models_optimized,67,48,19,59,0.7761194029850746,0.9583333333333334,0.7796610169491526,0.8598130841121495,0.3157894736842105,0.6721491228070176,,6,13,2,46,0.09,68,0.9852941176470589,,
ensemble_overall,codebook_no_examples_with_checklist,all_paragraphs_new_gold_unlabeled_no,full_corpus_assumed_negative,weighted_models_optimized,75,45,30,59,0.7066666666666667,0.9111111111111111,0.6949152542372882,0.7884615384615384,0.4,0.747037037037037,,12,18,4,41,0.12,76,0.9868421052631579,,
ensemble_overall,codebook_no_examples_with_checklist,all_paragraphs_new_gold_unlabeled_no__drop_kyle_only,full_corpus_assumed_negative,weighted_models_optimized,67,40,27,56,0.7313432835820896,0.975,0.6964285714285714,0.8125,0.37037037037037035,0.7898148148148149,,10,17,1,39,0.12,68,0.9852941176470589,,
ensemble_overall,codebook_no_examples_with_checklist,new_gold_test_only,new_gold,weighted_models_optimized,75,45,30,59,0.7066666666666667,0.9111111111111111,0.6949152542372882,0.7884615384615384,0.4,0.747037037037037,,12,18,4,41,0.12,76,0.9868421052631579,,
ensemble_overall,codebook_no_examples_with_checklist,new_gold_test_only__drop_kyle_only,new_gold,weighted_models_optimized,67,40,27,56,0.7313432835820896,0.975,0.6964285714285714,0.8125,0.37037037037037035,0.7898148148148149,,10,17,1,39,0.12,68,0.9852941176470589,,
ensemble_overall,codebook_no_examples_with_checklist,old_gold_test_only,old_gold,weighted_models_optimized,75,53,22,67,0.7333333333333333,0.9433962264150944,0.746268656716418,0.8333333333333334,0.22727272727272727,0.6903945111492281,,5,17,3,50,0.07,76,0.9868421052631579,,
ensemble_overall,codebook_no_examples_with_checklist,old_gold_test_only__drop_kyle_only,old_gold,weighted_models_optimized,67,48,19,63,0.7761194029850746,1.0,0.7619047619047619,0.8648648648648649,0.21052631578947367,0.7149122807017544,,4,15,0,48,0.07,68,0.9852941176470589,,
ensemble_overall,codebook_with_examples_no_checklist,all_paragraphs_new_gold_unlabeled_no,full_corpus_assumed_negative,weighted_models_optimized,76,46,30,50,0.7105263157894737,0.8043478260869565,0.74,0.7708333333333334,0.5666666666666667,0.678623188405797,,17,13,9,37,0.19,76,1.0,,
ensemble_overall,codebook_with_examples_no_checklist,all_paragraphs_new_gold_unlabeled_no__drop_kyle_only,full_corpus_assumed_negative,weighted_models_optimized,68,41,27,48,0.7205882352941176,0.8536585365853658,0.7291666666666666,0.7865168539325843,0.5185185185185185,0.6978319783197833,,14,13,6,35,0.19,68,1.0,,
ensemble_overall,codebook_with_examples_no_checklist,new_gold_test_only,new_gold,weighted_models_optimized,76,46,30,50,0.7105263157894737,0.8043478260869565,0.74,0.7708333333333334,0.5666666666666667,0.678623188405797,,17,13,9,37,0.19,76,1.0,,
ensemble_overall,codebook_with_examples_no_checklist,new_gold_test_only__drop_kyle_only,new_gold,weighted_models_optimized,68,41,27,48,0.7205882352941176,0.8536585365853658,0.7291666666666666,0.7865168539325843,0.5185185185185185,0.6978319783197833,,14,13,6,35,0.19,68,1.0,,
ensemble_overall,codebook_with_examples_no_checklist,old_gold_test_only,old_gold,weighted_models_optimized,76,54,22,76,0.7105263157894737,1.0,0.7105263157894737,0.8307692307692308,0.0,0.63510101010101,,0,22,0,54,0.05,76,1.0,,
ensemble_overall,codebook_with_examples_no_checklist,old_gold_test_only__drop_kyle_only,old_gold,weighted_models_optimized,68,49,19,62,0.75,0.9591836734693877,0.7580645161290323,0.8468468468468469,0.21052631578947367,0.6648764769065522,,4,15,2,47,0.1,68,1.0,,
ensemble_overall,codebook_with_examples_with_checklist,all_paragraphs_new_gold_unlabeled_no,full_corpus_assumed_negative,weighted_models_optimized,74,44,30,58,0.7027027027027027,0.9090909090909091,0.6896551724137931,0.7843137254901961,0.4,0.7090909090909091,,12,18,4,40,0.1,76,0.9736842105263158,,
ensemble_overall,codebook_with_examples_with_checklist,all_paragraphs_new_gold_unlabeled_no__drop_kyle_only,full_corpus_assumed_negative,weighted_models_optimized,66,39,27,54,0.7424242424242424,0.9743589743589743,0.7037037037037037,0.8172043010752689,0.4074074074074074,0.7374169040835707,,11,16,1,38,0.1,68,0.9705882352941176,,
ensemble_overall,codebook_with_examples_with_checklist,new_gold_test_only,new_gold,weighted_models_optimized,74,44,30,58,0.7027027027027027,0.9090909090909091,0.6896551724137931,0.7843137254901961,0.4,0.7090909090909091,,12,18,4,40,0.1,76,0.9736842105263158,,
ensemble_overall,codebook_with_examples_with_checklist,new_gold_test_only__drop_kyle_only,new_gold,weighted_models_optimized,66,39,27,54,0.7424242424242424,0.9743589743589743,0.7037037037037037,0.8172043010752689,0.4074074074074074,0.7374169040835707,,11,16,1,38,0.1,68,0.9705882352941176,,
ensemble_overall,codebook_with_examples_with_checklist,old_gold_test_only,old_gold,weighted_models_optimized,74,52,22,74,0.7027027027027027,1.0,0.7027027027027027,0.8253968253968254,0.0,0.6175699300699301,,0,22,0,52,0.05,76,0.9736842105263158,,
ensemble_overall,codebook_with_examples_with_checklist,old_gold_test_only__drop_kyle_only,old_gold,weighted_models_optimized,66,47,19,57,0.7575757575757576,0.9361702127659575,0.7719298245614035,0.8461538461538461,0.3157894736842105,0.6567749160134377,,6,13,3,44,0.1,68,0.9705882352941176,,
ensemble_overall,direct_target_only,all_paragraphs_new_gold_unlabeled_no,full_corpus_assumed_negative,weighted_models_optimized,76,46,30,69,0.6447368421052632,0.9565217391304348,0.6376811594202898,0.7652173913043478,0.16666666666666666,0.6760869565217391,,5,25,2,44,0.12,76,1.0,,
ensemble_overall,direct_target_only,all_paragraphs_new_gold_unlabeled_no__drop_kyle_only,full_corpus_assumed_negative,weighted_models_optimized,68,41,27,63,0.6764705882352942,1.0,0.6507936507936508,0.7884615384615384,0.18518518518518517,0.7041553748870822,,5,22,0,41,0.12,68,1.0,,
ensemble_overall,direct_target_only,new_gold_test_only,new_gold,weighted_models_optimized,76,46,30,69,0.6447368421052632,0.9565217391304348,0.6376811594202898,0.7652173913043478,0.16666666666666666,0.6760869565217391,,5,25,2,44,0.12,76,1.0,,
ensemble_overall,direct_target_only,new_gold_test_only__drop_kyle_only,new_gold,weighted_models_optimized,68,41,27,63,0.6764705882352942,1.0,0.6507936507936508,0.7884615384615384,0.18518518518518517,0.7041553748870822,,5,22,0,41,0.12,68,1.0,,
ensemble_overall,direct_target_only,old_gold_test_only,old_gold,weighted_models_optimized,76,54,22,75,0.7236842105263158,1.0,0.72,0.8372093023255814,0.045454545454545456,0.6439393939393939,,1,21,0,54,0.06,76,1.0,,
ensemble_overall,direct_target_only,old_gold_test_only__drop_kyle_only,old_gold,weighted_models_optimized,68,49,19,58,0.7794117647058824,0.9387755102040817,0.7931034482758621,0.8598130841121495,0.3684210526315789,0.6654135338345865,,7,12,3,46,0.11,68,1.0,,
ensemble_document,codebook_no_examples_no_checklist,all_paragraphs_new_gold_unlabeled_no,full_corpus_assumed_negative,weighted_models_optimized,22,5,17,7,0.6363636363636364,0.4,0.2857142857142857,0.3333333333333333,0.7058823529411765,0.44117647058823534,,12,5,3,2,0.19,22,1.0,EPA,
ensemble_document,codebook_no_examples_no_checklist,all_paragraphs_new_gold_unlabeled_no,full_corpus_assumed_negative,weighted_models_optimized,27,21,6,23,0.7037037037037037,0.8571428571428571,0.782608695652174,0.8181818181818182,0.16666666666666666,0.40476190476190477,,1,5,3,18,0.19,28,0.9642857142857143,ERP Report,
ensemble_document,codebook_no_examples_no_checklist,all_paragraphs_new_gold_unlabeled_no,full_corpus_assumed_negative,weighted_models_optimized,7,6,1,5,0.8571428571428571,0.8333333333333334,1.0,0.9090909090909091,1.0,0.8333333333333334,,1,0,1,5,0.19,7,1.0,GAO,
ensemble_document,codebook_no_examples_no_checklist,all_paragraphs_new_gold_unlabeled_no,full_corpus_assumed_negative,weighted_models_optimized,11,5,6,8,0.7272727272727273,1.0,0.625,0.7692307692307693,0.5,0.9000000000000001,,3,3,0,5,0.19,11,1.0,Hurricane Katrina,
ensemble_document,codebook_no_examples_no_checklist,all_paragraphs_new_gold_unlabeled_no,full_corpus_assumed_negative,weighted_models_optimized,8,8,0,6,0.75,0.75,1.0,0.8571428571428571,,,single_reference_class,0,0,2,6,0.19,8,1.0,PAR,
ensemble_document,codebook_no_examples_no_checklist,all_paragraphs_new_gold_unlabeled_no__drop_kyle_only,full_corpus_assumed_negative,weighted_models_optimized,18,3,15,9,0.5555555555555556,0.6666666666666666,0.2222222222222222,0.3333333333333333,0.5333333333333333,0.711111111111111,,8,7,1,2,0.16,18,1.0,EPA,
ensemble_document,codebook_no_examples_no_checklist,all_paragraphs_new_gold_unlabeled_no__drop_kyle_only,full_corpus_assumed_negative,weighted_models_optimized,27,21,6,24,0.7407407407407407,0.9047619047619048,0.7916666666666666,0.8444444444444444,0.16666666666666666,0.4444444444444444,,1,5,2,19,0.16,28,0.9642857142857143,ERP Report,
ensemble_document,codebook_no_examples_no_checklist,all_paragraphs_new_gold_unlabeled_no__drop_kyle_only,full_corpus_assumed_negative,weighted_models_optimized,3,3,0,3,1.0,1.0,1.0,1.0,,,single_reference_class,0,0,0,3,0.16,3,1.0,GAO,
ensemble_document,codebook_no_examples_no_checklist,all_paragraphs_new_gold_unlabeled_no__drop_kyle_only,full_corpus_assumed_negative,weighted_models_optimized,11,5,6,9,0.6363636363636364,1.0,0.5555555555555556,0.7142857142857143,0.3333333333333333,0.9333333333333333,,2,4,0,5,0.16,11,1.0,Hurricane Katrina,
ensemble_document,codebook_no_examples_no_checklist,all_paragraphs_new_gold_unlabeled_no__drop_kyle_only,full_corpus_assumed_negative,weighted_models_optimized,8,8,0,7,0.875,0.875,1.0,0.9333333333333333,,,single_reference_class,0,0,1,7,0.16,8,1.0,PAR,
ensemble_document,codebook_no_examples_no_checklist,new_gold_test_only,new_gold,weighted_models_optimized,22,5,17,7,0.6363636363636364,0.4,0.2857142857142857,0.3333333333333333,0.7058823529411765,0.44117647058823534,,12,5,3,2,0.19,22,1.0,EPA,
ensemble_document,codebook_no_examples_no_checklist,new_gold_test_only,new_gold,weighted_models_optimized,27,21,6,23,0.7037037037037037,0.8571428571428571,0.782608695652174,0.8181818181818182,0.16666666666666666,0.40476190476190477,,1,5,3,18,0.19,28,0.9642857142857143,ERP Report,
ensemble_document,codebook_no_examples_no_checklist,new_gold_test_only,new_gold,weighted_models_optimized,7,6,1,5,0.8571428571428571,0.8333333333333334,1.0,0.9090909090909091,1.0,0.8333333333333334,,1,0,1,5,0.19,7,1.0,GAO,
ensemble_document,codebook_no_examples_no_checklist,new_gold_test_only,new_gold,weighted_models_optimized,11,5,6,8,0.7272727272727273,1.0,0.625,0.7692307692307693,0.5,0.9000000000000001,,3,3,0,5,0.19,11,1.0,Hurricane Katrina,
ensemble_document,codebook_no_examples_no_checklist,new_gold_test_only,new_gold,weighted_models_optimized,8,8,0,6,0.75,0.75,1.0,0.8571428571428571,,,single_reference_class,0,0,2,6,0.19,8,1.0,PAR,
ensemble_document,codebook_no_examples_no_checklist,new_gold_test_only__drop_kyle_only,new_gold,weighted_models_optimized,18,3,15,9,0.5555555555555556,0.6666666666666666,0.2222222222222222,0.3333333333333333,0.5333333333333333,0.711111111111111,,8,7,1,2,0.16,18,1.0,EPA,
ensemble_document,codebook_no_examples_no_checklist,new_gold_test_only__drop_kyle_only,new_gold,weighted_models_optimized,27,21,6,24,0.7407407407407407,0.9047619047619048,0.7916666666666666,0.8444444444444444,0.16666666666666666,0.4444444444444444,,1,5,2,19,0.16,28,0.9642857142857143,ERP Report,
ensemble_document,codebook_no_examples_no_checklist,new_gold_test_only__drop_kyle_only,new_gold,weighted_models_optimized,3,3,0,3,1.0,1.0,1.0,1.0,,,single_reference_class,0,0,0,3,0.16,3,1.0,GAO,
ensemble_document,codebook_no_examples_no_checklist,new_gold_test_only__drop_kyle_only,new_gold,weighted_models_optimized,11,5,6,9,0.6363636363636364,1.0,0.5555555555555556,0.7142857142857143,0.3333333333333333,0.9333333333333333,,2,4,0,5,0.16,11,1.0,Hurricane Katrina,
ensemble_document,codebook_no_examples_no_checklist,new_gold_test_only__drop_kyle_only,new_gold,weighted_models_optimized,8,8,0,7,0.875,0.875,1.0,0.9333333333333333,,,single_reference_class,0,0,1,7,0.16,8,1.0,PAR,
ensemble_document,codebook_no_examples_no_checklist,old_gold_test_only,old_gold,weighted_models_optimized,22,13,9,14,0.6818181818181818,0.7692307692307693,0.7142857142857143,0.7407407407407407,0.5555555555555556,0.5854700854700855,,5,4,3,10,0.09,22,1.0,EPA,
ensemble_document,codebook_no_examples_no_checklist,old_gold_test_only,old_gold,weighted_models_optimized,27,21,6,26,0.8148148148148148,1.0,0.8076923076923077,0.8936170212765957,0.16666666666666666,0.5079365079365079,,1,5,0,21,0.09,28,0.9642857142857143,ERP Report,
ensemble_document,codebook_no_examples_no_checklist,old_gold_test_only,old_gold,weighted_models_optimized,7,6,1,6,0.7142857142857143,0.8333333333333334,0.8333333333333334,0.8333333333333334,0.0,0.6666666666666666,,0,1,1,5,0.09,7,1.0,GAO,
ensemble_document,codebook_no_examples_no_checklist,old_gold_test_only,old_gold,weighted_models_optimized,11,5,6,9,0.6363636363636364,1.0,0.5555555555555556,0.7142857142857143,0.3333333333333333,0.9666666666666667,,2,4,0,5,0.09,11,1.0,Hurricane Katrina,
ensemble_document,codebook_no_examples_no_checklist,old_gold_test_only,old_gold,weighted_models_optimized,8,8,0,7,0.875,0.875,1.0,0.9333333333333333,,,single_reference_class,0,0,1,7,0.09,8,1.0,PAR,
ensemble_document,codebook_no_examples_no_checklist,old_gold_test_only__drop_kyle_only,old_gold,weighted_models_optimized,18,11,7,14,0.7222222222222222,0.9090909090909091,0.7142857142857143,0.8,0.42857142857142855,0.6103896103896104,,3,4,1,10,0.09,18,1.0,EPA,
ensemble_document,codebook_no_examples_no_checklist,old_gold_test_only__drop_kyle_only,old_gold,weighted_models_optimized,27,21,6,26,0.8148148148148148,1.0,0.8076923076923077,0.8936170212765957,0.16666666666666666,0.5079365079365079,,1,5,0,21,0.09,28,0.9642857142857143,ERP Report,
ensemble_document,codebook_no_examples_no_checklist,old_gold_test_only__drop_kyle_only,old_gold,weighted_models_optimized,3,3,0,3,1.0,1.0,1.0,1.0,,,single_reference_class,0,0,0,3,0.09,3,1.0,GAO,
ensemble_document,codebook_no_examples_no_checklist,old_gold_test_only__drop_kyle_only,old_gold,weighted_models_optimized,11,5,6,9,0.6363636363636364,1.0,0.5555555555555556,0.7142857142857143,0.3333333333333333,0.9666666666666667,,2,4,0,5,0.09,11,1.0,Hurricane Katrina,
ensemble_document,codebook_no_examples_no_checklist,old_gold_test_only__drop_kyle_only,old_gold,weighted_models_optimized,8,8,0,7,0.875,0.875,1.0,0.9333333333333333,,,single_reference_class,0,0,1,7,0.09,8,1.0,PAR,
ensemble_document,codebook_no_examples_with_checklist,all_paragraphs_new_gold_unlabeled_no,full_corpus_assumed_negative,weighted_models_optimized,22,5,17,10,0.5,0.4,0.2,0.26666666666666666,0.5294117647058824,0.42352941176470593,,9,8,3,2,0.12,22,1.0,EPA,
ensemble_document,codebook_no_examples_with_checklist,all_paragraphs_new_gold_unlabeled_no,full_corpus_assumed_negative,weighted_models_optimized,27,21,6,27,0.7777777777777778,1.0,0.7777777777777778,0.875,0.0,0.5476190476190476,,0,6,0,21,0.12,28,0.9642857142857143,ERP Report,
ensemble_document,codebook_no_examples_with_checklist,all_paragraphs_new_gold_unlabeled_no,full_corpus_assumed_negative,weighted_models_optimized,7,6,1,6,0.7142857142857143,0.8333333333333334,0.8333333333333334,0.8333333333333334,0.0,0.5,,0,1,1,5,0.12,7,1.0,GAO,
ensemble_document,codebook_no_examples_with_checklist,all_paragraphs_new_gold_unlabeled_no,full_corpus_assumed_negative,weighted_models_optimized,11,5,6,8,0.7272727272727273,1.0,0.625,0.7692307692307693,0.5,1.0,,3,3,0,5,0.12,11,1.0,Hurricane Katrina,
ensemble_document,codebook_no_examples_with_checklist,all_paragraphs_new_gold_unlabeled_no,full_corpus_assumed_negative,weighted_models_optimized,8,8,0,8,1.0,1.0,1.0,1.0,,,single_reference_class,0,0,0,8,0.12,8,1.0,PAR,
ensemble_document,codebook_no_examples_with_checklist,all_paragraphs_new_gold_unlabeled_no__drop_kyle_only,full_corpus_assumed_negative,weighted_models_optimized,18,3,15,10,0.5,0.6666666666666666,0.2,0.3076923076923077,0.4666666666666667,0.6777777777777778,,7,8,1,2,0.12,18,1.0,EPA,
ensemble_document,codebook_no_examples_with_checklist,all_paragraphs_new_gold_unlabeled_no__drop_kyle_only,full_corpus_assumed_negative,weighted_models_optimized,27,21,6,27,0.7777777777777778,1.0,0.7777777777777778,0.875,0.0,0.5476190476190476,,0,6,0,21,0.12,28,0.9642857142857143,ERP Report,
ensemble_document,codebook_no_examples_with_checklist,all_paragraphs_new_gold_unlabeled_no__drop_kyle_only,full_corpus_assumed_negative,weighted_models_optimized,3,3,0,3,1.0,1.0,1.0,1.0,,,single_reference_class,0,0,0,3,0.12,3,1.0,GAO,
ensemble_document,codebook_no_examples_with_checklist,all_paragraphs_new_gold_unlabeled_no__drop_kyle_only,full_corpus_assumed_negative,weighted_models_optimized,11,5,6,8,0.7272727272727273,1.0,0.625,0.7692307692307693,0.5,1.0,,3,3,0,5,0.12,11,1.0,Hurricane Katrina,
ensemble_document,codebook_no_examples_with_checklist,all_paragraphs_new_gold_unlabeled_no__drop_kyle_only,full_corpus_assumed_negative,weighted_models_optimized,8,8,0,8,1.0,1.0,1.0,1.0,,,single_reference_class,0,0,0,8,0.12,8,1.0,PAR,
ensemble_document,codebook_no_examples_with_checklist,new_gold_test_only,new_gold,weighted_models_optimized,22,5,17,10,0.5,0.4,0.2,0.26666666666666666,0.5294117647058824,0.42352941176470593,,9,8,3,2,0.12,22,1.0,EPA,
ensemble_document,codebook_no_examples_with_checklist,new_gold_test_only,new_gold,weighted_models_optimized,27,21,6,27,0.7777777777777778,1.0,0.7777777777777778,0.875,0.0,0.5476190476190476,,0,6,0,21,0.12,28,0.9642857142857143,ERP Report,
ensemble_document,codebook_no_examples_with_checklist,new_gold_test_only,new_gold,weighted_models_optimized,7,6,1,6,0.7142857142857143,0.8333333333333334,0.8333333333333334,0.8333333333333334,0.0,0.5,,0,1,1,5,0.12,7,1.0,GAO,
ensemble_document,codebook_no_examples_with_checklist,new_gold_test_only,new_gold,weighted_models_optimized,11,5,6,8,0.7272727272727273,1.0,0.625,0.7692307692307693,0.5,1.0,,3,3,0,5,0.12,11,1.0,Hurricane Katrina,
ensemble_document,codebook_no_examples_with_checklist,new_gold_test_only,new_gold,weighted_models_optimized,8,8,0,8,1.0,1.0,1.0,1.0,,,single_reference_class,0,0,0,8,0.12,8,1.0,PAR,
ensemble_document,codebook_no_examples_with_checklist,new_gold_test_only__drop_kyle_only,new_gold,weighted_models_optimized,18,3,15,10,0.5,0.6666666666666666,0.2,0.3076923076923077,0.4666666666666667,0.6777777777777778,,7,8,1,2,0.12,18,1.0,EPA,
ensemble_document,codebook_no_examples_with_checklist,new_gold_test_only__drop_kyle_only,new_gold,weighted_models_optimized,27,21,6,27,0.7777777777777778,1.0,0.7777777777777778,0.875,0.0,0.5476190476190476,,0,6,0,21,0.12,28,0.9642857142857143,ERP Report,
ensemble_document,codebook_no_examples_with_checklist,new_gold_test_only__drop_kyle_only,new_gold,weighted_models_optimized,3,3,0,3,1.0,1.0,1.0,1.0,,,single_reference_class,0,0,0,3,0.12,3,1.0,GAO,
ensemble_document,codebook_no_examples_with_checklist,new_gold_test_only__drop_kyle_only,new_gold,weighted_models_optimized,11,5,6,8,0.7272727272727273,1.0,0.625,0.7692307692307693,0.5,1.0,,3,3,0,5,0.12,11,1.0,Hurricane Katrina,
ensemble_document,codebook_no_examples_with_checklist,new_gold_test_only__drop_kyle_only,new_gold,weighted_models_optimized,8,8,0,8,1.0,1.0,1.0,1.0,,,single_reference_class,0,0,0,8,0.12,8,1.0,PAR,
ensemble_document,codebook_no_examples_with_checklist,old_gold_test_only,old_gold,weighted_models_optimized,22,13,9,17,0.6363636363636364,0.8461538461538461,0.6470588235294118,0.7333333333333333,0.3333333333333333,0.5726495726495727,,3,6,2,11,0.07,22,1.0,EPA,
ensemble_document,codebook_no_examples_with_checklist,old_gold_test_only,old_gold,weighted_models_optimized,27,21,6,27,0.7777777777777778,1.0,0.7777777777777778,0.875,0.0,0.5158730158730159,,0,6,0,21,0.07,28,0.9642857142857143,ERP Report,
ensemble_document,codebook_no_examples_with_checklist,old_gold_test_only,old_gold,weighted_models_optimized,7,6,1,6,0.7142857142857143,0.8333333333333334,0.8333333333333334,0.8333333333333334,0.0,0.5,,0,1,1,5,0.07,7,1.0,GAO,
ensemble_document,codebook_no_examples_with_checklist,old_gold_test_only,old_gold,weighted_models_optimized,11,5,6,9,0.6363636363636364,1.0,0.5555555555555556,0.7142857142857143,0.3333333333333333,1.0,,2,4,0,5,0.07,11,1.0,Hurricane Katrina,
ensemble_document,codebook_no_examples_with_checklist,old_gold_test_only,old_gold,weighted_models_optimized,8,8,0,8,1.0,1.0,1.0,1.0,,,single_reference_class,0,0,0,8,0.07,8,1.0,PAR,
ensemble_document,codebook_no_examples_with_checklist,old_gold_test_only__drop_kyle_only,old_gold,weighted_models_optimized,18,11,7,16,0.7222222222222222,1.0,0.6875,0.8148148148148148,0.2857142857142857,0.6233766233766234,,2,5,0,11,0.07,18,1.0,EPA,
ensemble_document,codebook_no_examples_with_checklist,old_gold_test_only__drop_kyle_only,old_gold,weighted_models_optimized,27,21,6,27,0.7777777777777778,1.0,0.7777777777777778,0.875,0.0,0.5158730158730159,,0,6,0,21,0.07,28,0.9642857142857143,ERP Report,
ensemble_document,codebook_no_examples_with_checklist,old_gold_test_only__drop_kyle_only,old_gold,weighted_models_optimized,3,3,0,3,1.0,1.0,1.0,1.0,,,single_reference_class,0,0,0,3,0.07,3,1.0,GAO,
ensemble_document,codebook_no_examples_with_checklist,old_gold_test_only__drop_kyle_only,old_gold,weighted_models_optimized,11,5,6,9,0.6363636363636364,1.0,0.5555555555555556,0.7142857142857143,0.3333333333333333,1.0,,2,4,0,5,0.07,11,1.0,Hurricane Katrina,
ensemble_document,codebook_no_examples_with_checklist,old_gold_test_only__drop_kyle_only,old_gold,weighted_models_optimized,8,8,0,8,1.0,1.0,1.0,1.0,,,single_reference_class,0,0,0,8,0.07,8,1.0,PAR,
ensemble_document,codebook_with_examples_no_checklist,all_paragraphs_new_gold_unlabeled_no,full_corpus_assumed_negative,weighted_models_optimized,22,5,17,7,0.6363636363636364,0.4,0.2857142857142857,0.3333333333333333,0.7058823529411765,0.44705882352941184,,12,5,3,2,0.19,22,1.0,EPA,
ensemble_document,codebook_with_examples_no_checklist,all_paragraphs_new_gold_unlabeled_no,full_corpus_assumed_negative,weighted_models_optimized,28,22,6,24,0.7142857142857143,0.8636363636363636,0.7916666666666666,0.8260869565217391,0.16666666666666666,0.5113636363636365,,1,5,3,19,0.19,28,1.0,ERP Report,
ensemble_document,codebook_with_examples_no_checklist,all_paragraphs_new_gold_unlabeled_no,full_corpus_assumed_negative,weighted_models_optimized,7,6,1,5,0.8571428571428571,0.8333333333333334,1.0,0.9090909090909091,1.0,0.8333333333333334,,1,0,1,5,0.19,7,1.0,GAO,
ensemble_document,codebook_with_examples_no_checklist,all_paragraphs_new_gold_unlabeled_no,full_corpus_assumed_negative,weighted_models_optimized,11,5,6,8,0.7272727272727273,1.0,0.625,0.7692307692307693,0.5,0.7333333333333334,,3,3,0,5,0.19,11,1.0,Hurricane Katrina,
ensemble_document,codebook_with_examples_no_checklist,all_paragraphs_new_gold_unlabeled_no,full_corpus_assumed_negative,weighted_models_optimized,8,8,0,6,0.75,0.75,1.0,0.8571428571428571,,,single_reference_class,0,0,2,6,0.19,8,1.0,PAR,
ensemble_document,codebook_with_examples_no_checklist,all_paragraphs_new_gold_unlabeled_no__drop_kyle_only,full_corpus_assumed_negative,weighted_models_optimized,18,3,15,7,0.6666666666666666,0.6666666666666666,0.2857142857142857,0.4,0.6666666666666666,0.7,,10,5,1,2,0.19,18,1.0,EPA,
ensemble_document,codebook_with_examples_no_checklist,all_paragraphs_new_gold_unlabeled_no__drop_kyle_only,full_corpus_assumed_negative,weighted_models_optimized,28,22,6,24,0.7142857142857143,0.8636363636363636,0.7916666666666666,0.8260869565217391,0.16666666666666666,0.5113636363636365,,1,5,3,19,0.19,28,1.0,ERP Report,
ensemble_document,codebook_with_examples_no_checklist,all_paragraphs_new_gold_unlabeled_no__drop_kyle_only,full_corpus_assumed_negative,weighted_models_optimized,3,3,0,3,1.0,1.0,1.0,1.0,,,single_reference_class,0,0,0,3,0.19,3,1.0,GAO,
ensemble_document,codebook_with_examples_no_checklist,all_paragraphs_new_gold_unlabeled_no__drop_kyle_only,full_corpus_assumed_negative,weighted_models_optimized,11,5,6,8,0.7272727272727273,1.0,0.625,0.7692307692307693,0.5,0.7333333333333334,,3,3,0,5,0.19,11,1.0,Hurricane Katrina,
ensemble_document,codebook_with_examples_no_checklist,all_paragraphs_new_gold_unlabeled_no__drop_kyle_only,full_corpus_assumed_negative,weighted_models_optimized,8,8,0,6,0.75,0.75,1.0,0.8571428571428571,,,single_reference_class,0,0,2,6,0.19,8,1.0,PAR,
ensemble_document,codebook_with_examples_no_checklist,new_gold_test_only,new_gold,weighted_models_optimized,22,5,17,7,0.6363636363636364,0.4,0.2857142857142857,0.3333333333333333,0.7058823529411765,0.44705882352941184,,12,5,3,2,0.19,22,1.0,EPA,
ensemble_document,codebook_with_examples_no_checklist,new_gold_test_only,new_gold,weighted_models_optimized,28,22,6,24,0.7142857142857143,0.8636363636363636,0.7916666666666666,0.8260869565217391,0.16666666666666666,0.5113636363636365,,1,5,3,19,0.19,28,1.0,ERP Report,
ensemble_document,codebook_with_examples_no_checklist,new_gold_test_only,new_gold,weighted_models_optimized,7,6,1,5,0.8571428571428571,0.8333333333333334,1.0,0.9090909090909091,1.0,0.8333333333333334,,1,0,1,5,0.19,7,1.0,GAO,
ensemble_document,codebook_with_examples_no_checklist,new_gold_test_only,new_gold,weighted_models_optimized,11,5,6,8,0.7272727272727273,1.0,0.625,0.7692307692307693,0.5,0.7333333333333334,,3,3,0,5,0.19,11,1.0,Hurricane Katrina,
ensemble_document,codebook_with_examples_no_checklist,new_gold_test_only,new_gold,weighted_models_optimized,8,8,0,6,0.75,0.75,1.0,0.8571428571428571,,,single_reference_class,0,0,2,6,0.19,8,1.0,PAR,
ensemble_document,codebook_with_examples_no_checklist,new_gold_test_only__drop_kyle_only,new_gold,weighted_models_optimized,18,3,15,7,0.6666666666666666,0.6666666666666666,0.2857142857142857,0.4,0.6666666666666666,0.7,,10,5,1,2,0.19,18,1.0,EPA,
ensemble_document,codebook_with_examples_no_checklist,new_gold_test_only__drop_kyle_only,new_gold,weighted_models_optimized,28,22,6,24,0.7142857142857143,0.8636363636363636,0.7916666666666666,0.8260869565217391,0.16666666666666666,0.5113636363636365,,1,5,3,19,0.19,28,1.0,ERP Report,
ensemble_document,codebook_with_examples_no_checklist,new_gold_test_only__drop_kyle_only,new_gold,weighted_models_optimized,3,3,0,3,1.0,1.0,1.0,1.0,,,single_reference_class,0,0,0,3,0.19,3,1.0,GAO,
ensemble_document,codebook_with_examples_no_checklist,new_gold_test_only__drop_kyle_only,new_gold,weighted_models_optimized,11,5,6,8,0.7272727272727273,1.0,0.625,0.7692307692307693,0.5,0.7333333333333334,,3,3,0,5,0.19,11,1.0,Hurricane Katrina,
ensemble_document,codebook_with_examples_no_checklist,new_gold_test_only__drop_kyle_only,new_gold,weighted_models_optimized,8,8,0,6,0.75,0.75,1.0,0.8571428571428571,,,single_reference_class,0,0,2,6,0.19,8,1.0,PAR,
ensemble_document,codebook_with_examples_no_checklist,old_gold_test_only,old_gold,weighted_models_optimized,22,13,9,22,0.5909090909090909,1.0,0.5909090909090909,0.7428571428571429,0.0,0.5384615384615384,,0,9,0,13,0.05,22,1.0,EPA,
ensemble_document,codebook_with_examples_no_checklist,old_gold_test_only,old_gold,weighted_models_optimized,28,22,6,28,0.7857142857142857,1.0,0.7857142857142857,0.88,0.0,0.5492424242424243,,0,6,0,22,0.05,28,1.0,ERP Report,
ensemble_document,codebook_with_examples_no_checklist,old_gold_test_only,old_gold,weighted_models_optimized,7,6,1,7,0.8571428571428571,1.0,0.8571428571428571,0.9230769230769231,0.0,0.8333333333333334,,0,1,0,6,0.05,7,1.0,GAO,
ensemble_document,codebook_with_examples_no_checklist,old_gold_test_only,old_gold,weighted_models_optimized,11,5,6,11,0.45454545454545453,1.0,0.45454545454545453,0.625,0.0,0.7,,0,6,0,5,0.05,11,1.0,Hurricane Katrina,
ensemble_document,codebook_with_examples_no_checklist,old_gold_test_only,old_gold,weighted_models_optimized,8,8,0,8,1.0,1.0,1.0,1.0,,,single_reference_class,0,0,0,8,0.05,8,1.0,PAR,
ensemble_document,codebook_with_examples_no_checklist,old_gold_test_only__drop_kyle_only,old_gold,weighted_models_optimized,18,11,7,14,0.7222222222222222,0.9090909090909091,0.7142857142857143,0.8,0.42857142857142855,0.6623376623376623,,3,4,1,10,0.1,18,1.0,EPA,
ensemble_document,codebook_with_examples_no_checklist,old_gold_test_only__drop_kyle_only,old_gold,weighted_models_optimized,28,22,6,26,0.7857142857142857,0.9545454545454546,0.8076923076923077,0.875,0.16666666666666666,0.5340909090909091,,1,5,1,21,0.1,28,1.0,ERP Report,
ensemble_document,codebook_with_examples_no_checklist,old_gold_test_only__drop_kyle_only,old_gold,weighted_models_optimized,3,3,0,3,1.0,1.0,1.0,1.0,,,single_reference_class,0,0,0,3,0.1,3,1.0,GAO,
ensemble_document,codebook_with_examples_no_checklist,old_gold_test_only__drop_kyle_only,old_gold,weighted_models_optimized,11,5,6,11,0.45454545454545453,1.0,0.45454545454545453,0.625,0.0,0.9,,0,6,0,5,0.1,11,1.0,Hurricane Katrina,
ensemble_document,codebook_with_examples_no_checklist,old_gold_test_only__drop_kyle_only,old_gold,weighted_models_optimized,8,8,0,8,1.0,1.0,1.0,1.0,,,single_reference_class,0,0,0,8,0.1,8,1.0,PAR,
ensemble_document,codebook_with_examples_with_checklist,all_paragraphs_new_gold_unlabeled_no,full_corpus_assumed_negative,weighted_models_optimized,22,5,17,12,0.5,0.6,0.25,0.35294117647058826,0.47058823529411764,0.5,,8,9,2,3,0.1,22,1.0,EPA,
ensemble_document,codebook_with_examples_with_checklist,all_paragraphs_new_gold_unlabeled_no,full_corpus_assumed_negative,weighted_models_optimized,26,20,6,23,0.8076923076923077,0.95,0.8260869565217391,0.8837209302325582,0.3333333333333333,0.45833333333333337,,2,4,1,19,0.1,28,0.9285714285714286,ERP Report,
ensemble_document,codebook_with_examples_with_checklist,all_paragraphs_new_gold_unlabeled_no,full_corpus_assumed_negative,weighted_models_optimized,7,6,1,6,0.7142857142857143,0.8333333333333334,0.8333333333333334,0.8333333333333334,0.0,0.8333333333333334,,0,1,1,5,0.1,7,1.0,GAO,
ensemble_document,codebook_with_examples_with_checklist,all_paragraphs_new_gold_unlabeled_no,full_corpus_assumed_negative,weighted_models_optimized,11,5,6,9,0.6363636363636364,1.0,0.5555555555555556,0.7142857142857143,0.3333333333333333,0.9333333333333333,,2,4,0,5,0.1,11,1.0,Hurricane Katrina,
ensemble_document,codebook_with_examples_with_checklist,all_paragraphs_new_gold_unlabeled_no,full_corpus_assumed_negative,weighted_models_optimized,8,8,0,8,1.0,1.0,1.0,1.0,,,single_reference_class,0,0,0,8,0.1,8,1.0,PAR,
ensemble_document,codebook_with_examples_with_checklist,all_paragraphs_new_gold_unlabeled_no__drop_kyle_only,full_corpus_assumed_negative,weighted_models_optimized,18,3,15,11,0.5555555555555556,1.0,0.2727272727272727,0.42857142857142855,0.4666666666666667,0.7777777777777778,,7,8,0,3,0.1,18,1.0,EPA,
ensemble_document,codebook_with_examples_with_checklist,all_paragraphs_new_gold_unlabeled_no__drop_kyle_only,full_corpus_assumed_negative,weighted_models_optimized,26,20,6,23,0.8076923076923077,0.95,0.8260869565217391,0.8837209302325582,0.3333333333333333,0.45833333333333337,,2,4,1,19,0.1,28,0.9285714285714286,ERP Report,
ensemble_document,codebook_with_examples_with_checklist,all_paragraphs_new_gold_unlabeled_no__drop_kyle_only,full_corpus_assumed_negative,weighted_models_optimized,3,3,0,3,1.0,1.0,1.0,1.0,,,single_reference_class,0,0,0,3,0.1,3,1.0,GAO,
ensemble_document,codebook_with_examples_with_checklist,all_paragraphs_new_gold_unlabeled_no__drop_kyle_only,full_corpus_assumed_negative,weighted_models_optimized,11,5,6,9,0.6363636363636364,1.0,0.5555555555555556,0.7142857142857143,0.3333333333333333,0.9333333333333333,,2,4,0,5,0.1,11,1.0,Hurricane Katrina,
ensemble_document,codebook_with_examples_with_checklist,all_paragraphs_new_gold_unlabeled_no__drop_kyle_only,full_corpus_assumed_negative,weighted_models_optimized,8,8,0,8,1.0,1.0,1.0,1.0,,,single_reference_class,0,0,0,8,0.1,8,1.0,PAR,
ensemble_document,codebook_with_examples_with_checklist,new_gold_test_only,new_gold,weighted_models_optimized,22,5,17,12,0.5,0.6,0.25,0.35294117647058826,0.47058823529411764,0.5,,8,9,2,3,0.1,22,1.0,EPA,
ensemble_document,codebook_with_examples_with_checklist,new_gold_test_only,new_gold,weighted_models_optimized,26,20,6,23,0.8076923076923077,0.95,0.8260869565217391,0.8837209302325582,0.3333333333333333,0.45833333333333337,,2,4,1,19,0.1,28,0.9285714285714286,ERP Report,
ensemble_document,codebook_with_examples_with_checklist,new_gold_test_only,new_gold,weighted_models_optimized,7,6,1,6,0.7142857142857143,0.8333333333333334,0.8333333333333334,0.8333333333333334,0.0,0.8333333333333334,,0,1,1,5,0.1,7,1.0,GAO,
ensemble_document,codebook_with_examples_with_checklist,new_gold_test_only,new_gold,weighted_models_optimized,11,5,6,9,0.6363636363636364,1.0,0.5555555555555556,0.7142857142857143,0.3333333333333333,0.9333333333333333,,2,4,0,5,0.1,11,1.0,Hurricane Katrina,
ensemble_document,codebook_with_examples_with_checklist,new_gold_test_only,new_gold,weighted_models_optimized,8,8,0,8,1.0,1.0,1.0,1.0,,,single_reference_class,0,0,0,8,0.1,8,1.0,PAR,
ensemble_document,codebook_with_examples_with_checklist,new_gold_test_only__drop_kyle_only,new_gold,weighted_models_optimized,18,3,15,11,0.5555555555555556,1.0,0.2727272727272727,0.42857142857142855,0.4666666666666667,0.7777777777777778,,7,8,0,3,0.1,18,1.0,EPA,
ensemble_document,codebook_with_examples_with_checklist,new_gold_test_only__drop_kyle_only,new_gold,weighted_models_optimized,26,20,6,23,0.8076923076923077,0.95,0.8260869565217391,0.8837209302325582,0.3333333333333333,0.45833333333333337,,2,4,1,19,0.1,28,0.9285714285714286,ERP Report,
ensemble_document,codebook_with_examples_with_checklist,new_gold_test_only__drop_kyle_only,new_gold,weighted_models_optimized,3,3,0,3,1.0,1.0,1.0,1.0,,,single_reference_class,0,0,0,3,0.1,3,1.0,GAO,
ensemble_document,codebook_with_examples_with_checklist,new_gold_test_only__drop_kyle_only,new_gold,weighted_models_optimized,11,5,6,9,0.6363636363636364,1.0,0.5555555555555556,0.7142857142857143,0.3333333333333333,0.9333333333333333,,2,4,0,5,0.1,11,1.0,Hurricane Katrina,
ensemble_document,codebook_with_examples_with_checklist,new_gold_test_only__drop_kyle_only,new_gold,weighted_models_optimized,8,8,0,8,1.0,1.0,1.0,1.0,,,single_reference_class,0,0,0,8,0.1,8,1.0,PAR,
ensemble_document,codebook_with_examples_with_checklist,old_gold_test_only,old_gold,weighted_models_optimized,22,13,9,22,0.5909090909090909,1.0,0.5909090909090909,0.7428571428571429,0.0,0.5384615384615384,,0,9,0,13,0.05,22,1.0,EPA,
ensemble_document,codebook_with_examples_with_checklist,old_gold_test_only,old_gold,weighted_models_optimized,26,20,6,26,0.7692307692307693,1.0,0.7692307692307693,0.8695652173913043,0.0,0.5208333333333334,,0,6,0,20,0.05,28,0.9285714285714286,ERP Report,
ensemble_document,codebook_with_examples_with_checklist,old_gold_test_only,old_gold,weighted_models_optimized,7,6,1,7,0.8571428571428571,1.0,0.8571428571428571,0.9230769230769231,0.0,0.8333333333333334,,0,1,0,6,0.05,7,1.0,GAO,
ensemble_document,codebook_with_examples_with_checklist,old_gold_test_only,old_gold,weighted_models_optimized,11,5,6,11,0.45454545454545453,1.0,0.45454545454545453,0.625,0.0,0.7666666666666666,,0,6,0,5,0.05,11,1.0,Hurricane Katrina,
ensemble_document,codebook_with_examples_with_checklist,old_gold_test_only,old_gold,weighted_models_optimized,8,8,0,8,1.0,1.0,1.0,1.0,,,single_reference_class,0,0,0,8,0.05,8,1.0,PAR,
ensemble_document,codebook_with_examples_with_checklist,old_gold_test_only__drop_kyle_only,old_gold,weighted_models_optimized,18,11,7,14,0.6111111111111112,0.8181818181818182,0.6428571428571429,0.72,0.2857142857142857,0.6168831168831168,,2,5,2,9,0.1,18,1.0,EPA,
ensemble_document,codebook_with_examples_with_checklist,old_gold_test_only__drop_kyle_only,old_gold,weighted_models_optimized,26,20,6,23,0.8076923076923077,0.95,0.8260869565217391,0.8837209302325582,0.3333333333333333,0.47500000000000003,,2,4,1,19,0.1,28,0.9285714285714286,ERP Report,
ensemble_document,codebook_with_examples_with_checklist,old_gold_test_only__drop_kyle_only,old_gold,weighted_models_optimized,3,3,0,3,1.0,1.0,1.0,1.0,,,single_reference_class,0,0,0,3,0.1,3,1.0,GAO,
ensemble_document,codebook_with_examples_with_checklist,old_gold_test_only__drop_kyle_only,old_gold,weighted_models_optimized,11,5,6,9,0.6363636363636364,1.0,0.5555555555555556,0.7142857142857143,0.3333333333333333,0.9,,2,4,0,5,0.1,11,1.0,Hurricane Katrina,
ensemble_document,codebook_with_examples_with_checklist,old_gold_test_only__drop_kyle_only,old_gold,weighted_models_optimized,8,8,0,8,1.0,1.0,1.0,1.0,,,single_reference_class,0,0,0,8,0.1,8,1.0,PAR,
ensemble_document,direct_target_only,all_paragraphs_new_gold_unlabeled_no,full_corpus_assumed_negative,weighted_models_optimized,22,5,17,17,0.36363636363636365,0.8,0.23529411764705882,0.36363636363636365,0.23529411764705882,0.5352941176470589,,4,13,1,4,0.12,22,1.0,EPA,
ensemble_document,direct_target_only,all_paragraphs_new_gold_unlabeled_no,full_corpus_assumed_negative,weighted_models_optimized,28,22,6,27,0.8214285714285714,1.0,0.8148148148148148,0.8979591836734694,0.16666666666666666,0.6742424242424242,,1,5,0,22,0.12,28,1.0,ERP Report,
ensemble_document,direct_target_only,all_paragraphs_new_gold_unlabeled_no,full_corpus_assumed_negative,weighted_models_optimized,7,6,1,6,0.7142857142857143,0.8333333333333334,0.8333333333333334,0.8333333333333334,0.0,0.5,,0,1,1,5,0.12,7,1.0,GAO,
ensemble_document,direct_target_only,all_paragraphs_new_gold_unlabeled_no,full_corpus_assumed_negative,weighted_models_optimized,11,5,6,11,0.45454545454545453,1.0,0.45454545454545453,0.625,0.0,0.9,,0,6,0,5,0.12,11,1.0,Hurricane Katrina,
ensemble_document,direct_target_only,all_paragraphs_new_gold_unlabeled_no,full_corpus_assumed_negative,weighted_models_optimized,8,8,0,8,1.0,1.0,1.0,1.0,,,single_reference_class,0,0,0,8,0.12,8,1.0,PAR,
ensemble_document,direct_target_only,all_paragraphs_new_gold_unlabeled_no__drop_kyle_only,full_corpus_assumed_negative,weighted_models_optimized,18,3,15,14,0.3888888888888889,1.0,0.21428571428571427,0.35294117647058826,0.26666666666666666,0.7555555555555555,,4,11,0,3,0.12,18,1.0,EPA,
ensemble_document,direct_target_only,all_paragraphs_new_gold_unlabeled_no__drop_kyle_only,full_corpus_assumed_negative,weighted_models_optimized,28,22,6,27,0.8214285714285714,1.0,0.8148148148148148,0.8979591836734694,0.16666666666666666,0.6742424242424242,,1,5,0,22,0.12,28,1.0,ERP Report,
ensemble_document,direct_target_only,all_paragraphs_new_gold_unlabeled_no__drop_kyle_only,full_corpus_assumed_negative,weighted_models_optimized,3,3,0,3,1.0,1.0,1.0,1.0,,,single_reference_class,0,0,0,3,0.12,3,1.0,GAO,
ensemble_document,direct_target_only,all_paragraphs_new_gold_unlabeled_no__drop_kyle_only,full_corpus_assumed_negative,weighted_models_optimized,11,5,6,11,0.45454545454545453,1.0,0.45454545454545453,0.625,0.0,0.9,,0,6,0,5,0.12,11,1.0,Hurricane Katrina,
ensemble_document,direct_target_only,all_paragraphs_new_gold_unlabeled_no__drop_kyle_only,full_corpus_assumed_negative,weighted_models_optimized,8,8,0,8,1.0,1.0,1.0,1.0,,,single_reference_class,0,0,0,8,0.12,8,1.0,PAR,
ensemble_document,direct_target_only,new_gold_test_only,new_gold,weighted_models_optimized,22,5,17,17,0.36363636363636365,0.8,0.23529411764705882,0.36363636363636365,0.23529411764705882,0.5352941176470589,,4,13,1,4,0.12,22,1.0,EPA,
ensemble_document,direct_target_only,new_gold_test_only,new_gold,weighted_models_optimized,28,22,6,27,0.8214285714285714,1.0,0.8148148148148148,0.8979591836734694,0.16666666666666666,0.6742424242424242,,1,5,0,22,0.12,28,1.0,ERP Report,
ensemble_document,direct_target_only,new_gold_test_only,new_gold,weighted_models_optimized,7,6,1,6,0.7142857142857143,0.8333333333333334,0.8333333333333334,0.8333333333333334,0.0,0.5,,0,1,1,5,0.12,7,1.0,GAO,
ensemble_document,direct_target_only,new_gold_test_only,new_gold,weighted_models_optimized,11,5,6,11,0.45454545454545453,1.0,0.45454545454545453,0.625,0.0,0.9,,0,6,0,5,0.12,11,1.0,Hurricane Katrina,
ensemble_document,direct_target_only,new_gold_test_only,new_gold,weighted_models_optimized,8,8,0,8,1.0,1.0,1.0,1.0,,,single_reference_class,0,0,0,8,0.12,8,1.0,PAR,
ensemble_document,direct_target_only,new_gold_test_only__drop_kyle_only,new_gold,weighted_models_optimized,18,3,15,14,0.3888888888888889,1.0,0.21428571428571427,0.35294117647058826,0.26666666666666666,0.7555555555555555,,4,11,0,3,0.12,18,1.0,EPA,
ensemble_document,direct_target_only,new_gold_test_only__drop_kyle_only,new_gold,weighted_models_optimized,28,22,6,27,0.8214285714285714,1.0,0.8148148148148148,0.8979591836734694,0.16666666666666666,0.6742424242424242,,1,5,0,22,0.12,28,1.0,ERP Report,
ensemble_document,direct_target_only,new_gold_test_only__drop_kyle_only,new_gold,weighted_models_optimized,3,3,0,3,1.0,1.0,1.0,1.0,,,single_reference_class,0,0,0,3,0.12,3,1.0,GAO,
ensemble_document,direct_target_only,new_gold_test_only__drop_kyle_only,new_gold,weighted_models_optimized,11,5,6,11,0.45454545454545453,1.0,0.45454545454545453,0.625,0.0,0.9,,0,6,0,5,0.12,11,1.0,Hurricane Katrina,
ensemble_document,direct_target_only,new_gold_test_only__drop_kyle_only,new_gold,weighted_models_optimized,8,8,0,8,1.0,1.0,1.0,1.0,,,single_reference_class,0,0,0,8,0.12,8,1.0,PAR,
ensemble_document,direct_target_only,old_gold_test_only,old_gold,weighted_models_optimized,22,13,9,21,0.6363636363636364,1.0,0.6190476190476191,0.7647058823529411,0.1111111111111111,0.6025641025641026,,1,8,0,13,0.06,22,1.0,EPA,
ensemble_document,direct_target_only,old_gold_test_only,old_gold,weighted_models_optimized,28,22,6,28,0.7857142857142857,1.0,0.7857142857142857,0.88,0.0,0.5681818181818181,,0,6,0,22,0.06,28,1.0,ERP Report,
ensemble_document,direct_target_only,old_gold_test_only,old_gold,weighted_models_optimized,7,6,1,7,0.8571428571428571,1.0,0.8571428571428571,0.9230769230769231,0.0,0.6666666666666666,,0,1,0,6,0.06,7,1.0,GAO,
ensemble_document,direct_target_only,old_gold_test_only,old_gold,weighted_models_optimized,11,5,6,11,0.45454545454545453,1.0,0.45454545454545453,0.625,0.0,0.9333333333333333,,0,6,0,5,0.06,11,1.0,Hurricane Katrina,
ensemble_document,direct_target_only,old_gold_test_only,old_gold,weighted_models_optimized,8,8,0,8,1.0,1.0,1.0,1.0,,,single_reference_class,0,0,0,8,0.06,8,1.0,PAR,
ensemble_document,direct_target_only,old_gold_test_only__drop_kyle_only,old_gold,weighted_models_optimized,18,11,7,13,0.6666666666666666,0.8181818181818182,0.6923076923076923,0.75,0.42857142857142855,0.5454545454545455,,3,4,2,9,0.11,18,1.0,EPA,
ensemble_document,direct_target_only,old_gold_test_only__drop_kyle_only,old_gold,weighted_models_optimized,28,22,6,25,0.8928571428571429,1.0,0.88,0.9361702127659575,0.5,0.6666666666666666,,3,3,0,22,0.11,28,1.0,ERP Report,
ensemble_document,direct_target_only,old_gold_test_only__drop_kyle_only,old_gold,weighted_models_optimized,3,3,0,3,1.0,1.0,1.0,1.0,,,single_reference_class,0,0,0,3,0.11,3,1.0,GAO,
ensemble_document,direct_target_only,old_gold_test_only__drop_kyle_only,old_gold,weighted_models_optimized,11,5,6,10,0.5454545454545454,1.0,0.5,0.6666666666666666,0.16666666666666666,0.9,,1,5,0,5,0.11,11,1.0,Hurricane Katrina,
ensemble_document,direct_target_only,old_gold_test_only__drop_kyle_only,old_gold,weighted_models_optimized,8,8,0,7,0.875,0.875,1.0,0.9333333333333333,,,single_reference_class,0,0,1,7,0.11,8,1.0,PAR,
ensemble_labeler,codebook_no_examples_no_checklist,all_paragraphs_new_gold_unlabeled_no,full_corpus_assumed_negative,weighted_models_optimized,52,38,14,43,0.7115384615384616,0.868421052631579,0.7674418604651163,0.8148148148148148,0.2857142857142857,0.5986842105263158,,4,10,5,33,0.19,53,0.9811320754716981,,anmol
ensemble_labeler,codebook_no_examples_no_checklist,all_paragraphs_new_gold_unlabeled_no,full_corpus_assumed_negative,weighted_models_optimized,8,5,3,2,0.625,0.4,1.0,0.5714285714285714,1.0,0.43333333333333335,,3,0,3,2,0.19,8,1.0,,kyle
ensemble_labeler,codebook_no_examples_no_checklist,all_paragraphs_new_gold_unlabeled_no,full_corpus_assumed_negative,weighted_models_optimized,13,2,11,4,0.6923076923076923,0.5,0.25,0.3333333333333333,0.7272727272727273,0.5454545454545454,,8,3,1,1,0.19,13,1.0,,prerana
ensemble_labeler,codebook_no_examples_no_checklist,all_paragraphs_new_gold_unlabeled_no,full_corpus_assumed_negative,weighted_models_optimized,2,0,2,0,1.0,0.0,0.0,0.0,1.0,,single_reference_class,2,0,0,0,0.19,2,1.0,,unassigned_human_labeler
ensemble_labeler,codebook_no_examples_no_checklist,all_paragraphs_new_gold_unlabeled_no__drop_kyle_only,full_corpus_assumed_negative,weighted_models_optimized,52,38,14,47,0.7115384615384616,0.9210526315789473,0.7446808510638298,0.8235294117647058,0.14285714285714285,0.5977443609022557,,2,12,3,35,0.16,53,0.9811320754716981,,anmol
ensemble_labeler,codebook_no_examples_no_checklist,all_paragraphs_new_gold_unlabeled_no__drop_kyle_only,full_corpus_assumed_negative,weighted_models_optimized,13,2,11,4,0.6923076923076923,0.5,0.25,0.3333333333333333,0.7272727272727273,0.5909090909090908,,8,3,1,1,0.16,13,1.0,,prerana
ensemble_labeler,codebook_no_examples_no_checklist,all_paragraphs_new_gold_unlabeled_no__drop_kyle_only,full_corpus_assumed_negative,weighted_models_optimized,2,0,2,1,0.5,0.0,0.0,0.0,0.5,,single_reference_class,1,1,0,0,0.16,2,1.0,,unassigned_human_labeler
ensemble_labeler,codebook_no_examples_no_checklist,new_gold_test_only,new_gold,weighted_models_optimized,52,38,14,43,0.7115384615384616,0.868421052631579,0.7674418604651163,0.8148148148148148,0.2857142857142857,0.5986842105263158,,4,10,5,33,0.19,53,0.9811320754716981,,anmol
ensemble_labeler,codebook_no_examples_no_checklist,new_gold_test_only,new_gold,weighted_models_optimized,8,5,3,2,0.625,0.4,1.0,0.5714285714285714,1.0,0.43333333333333335,,3,0,3,2,0.19,8,1.0,,kyle
ensemble_labeler,codebook_no_examples_no_checklist,new_gold_test_only,new_gold,weighted_models_optimized,13,2,11,4,0.6923076923076923,0.5,0.25,0.3333333333333333,0.7272727272727273,0.5454545454545454,,8,3,1,1,0.19,13,1.0,,prerana
ensemble_labeler,codebook_no_examples_no_checklist,new_gold_test_only,new_gold,weighted_models_optimized,2,0,2,0,1.0,0.0,0.0,0.0,1.0,,single_reference_class,2,0,0,0,0.19,2,1.0,,unassigned_human_labeler
ensemble_labeler,codebook_no_examples_no_checklist,new_gold_test_only__drop_kyle_only,new_gold,weighted_models_optimized,52,38,14,47,0.7115384615384616,0.9210526315789473,0.7446808510638298,0.8235294117647058,0.14285714285714285,0.5977443609022557,,2,12,3,35,0.16,53,0.9811320754716981,,anmol
ensemble_labeler,codebook_no_examples_no_checklist,new_gold_test_only__drop_kyle_only,new_gold,weighted_models_optimized,13,2,11,4,0.6923076923076923,0.5,0.25,0.3333333333333333,0.7272727272727273,0.5909090909090908,,8,3,1,1,0.16,13,1.0,,prerana
ensemble_labeler,codebook_no_examples_no_checklist,new_gold_test_only__drop_kyle_only,new_gold,weighted_models_optimized,2,0,2,1,0.5,0.0,0.0,0.0,0.5,,single_reference_class,1,1,0,0,0.16,2,1.0,,unassigned_human_labeler
ensemble_labeler,codebook_no_examples_no_checklist,old_gold_test_only,old_gold,weighted_models_optimized,52,38,14,49,0.75,0.9736842105263158,0.7551020408163265,0.8505747126436781,0.14285714285714285,0.6409774436090226,,2,12,1,37,0.09,53,0.9811320754716981,,anmol
ensemble_labeler,codebook_no_examples_no_checklist,old_gold_test_only,old_gold,weighted_models_optimized,8,5,3,3,0.5,0.4,0.6666666666666666,0.5,0.6666666666666666,0.43333333333333335,,2,1,3,2,0.09,8,1.0,,kyle
ensemble_labeler,codebook_no_examples_no_checklist,old_gold_test_only,old_gold,weighted_models_optimized,13,10,3,9,0.9230769230769231,0.9,1.0,0.9473684210526315,1.0,0.9,,3,0,1,9,0.09,13,1.0,,prerana
ensemble_labeler,codebook_no_examples_no_checklist,old_gold_test_only,old_gold,weighted_models_optimized,2,0,2,1,0.5,0.0,0.0,0.0,0.5,,single_reference_class,1,1,0,0,0.09,2,1.0,,unassigned_human_labeler
ensemble_labeler,codebook_no_examples_no_checklist,old_gold_test_only__drop_kyle_only,old_gold,weighted_models_optimized,52,38,14,49,0.75,0.9736842105263158,0.7551020408163265,0.8505747126436781,0.14285714285714285,0.6409774436090226,,2,12,1,37,0.09,53,0.9811320754716981,,anmol
ensemble_labeler,codebook_no_examples_no_checklist,old_gold_test_only__drop_kyle_only,old_gold,weighted_models_optimized,13,10,3,9,0.9230769230769231,0.9,1.0,0.9473684210526315,1.0,0.9,,3,0,1,9,0.09,13,1.0,,prerana
ensemble_labeler,codebook_no_examples_no_checklist,old_gold_test_only__drop_kyle_only,old_gold,weighted_models_optimized,2,0,2,1,0.5,0.0,0.0,0.0,0.5,,single_reference_class,1,1,0,0,0.09,2,1.0,,unassigned_human_labeler
ensemble_labeler,codebook_no_examples_with_checklist,all_paragraphs_new_gold_unlabeled_no,full_corpus_assumed_negative,weighted_models_optimized,52,38,14,50,0.7692307692307693,1.0,0.76,0.8636363636363636,0.14285714285714285,0.7180451127819549,,2,12,0,38,0.12,53,0.9811320754716981,,anmol
ensemble_labeler,codebook_no_examples_with_checklist,all_paragraphs_new_gold_unlabeled_no,full_corpus_assumed_negative,weighted_models_optimized,8,5,3,3,0.5,0.4,0.6666666666666666,0.5,0.6666666666666666,0.33333333333333337,,2,1,3,2,0.12,8,1.0,,kyle
ensemble_labeler,codebook_no_examples_with_checklist,all_paragraphs_new_gold_unlabeled_no,full_corpus_assumed_negative,weighted_models_optimized,13,2,11,5,0.6153846153846154,0.5,0.2,0.2857142857142857,0.6363636363636364,0.5454545454545454,,7,4,1,1,0.12,13,1.0,,prerana
ensemble_labeler,codebook_no_examples_with_checklist,all_paragraphs_new_gold_unlabeled_no,full_corpus_assumed_negative,weighted_models_optimized,2,0,2,1,0.5,0.0,0.0,0.0,0.5,,single_reference_class,1,1,0,0,0.12,2,1.0,,unassigned_human_labeler
ensemble_labeler,codebook_no_examples_with_checklist,all_paragraphs_new_gold_unlabeled_no__drop_kyle_only,full_corpus_assumed_negative,weighted_models_optimized,52,38,14,50,0.7692307692307693,1.0,0.76,0.8636363636363636,0.14285714285714285,0.7180451127819549,,2,12,0,38,0.12,53,0.9811320754716981,,anmol
ensemble_labeler,codebook_no_examples_with_checklist,all_paragraphs_new_gold_unlabeled_no__drop_kyle_only,full_corpus_assumed_negative,weighted_models_optimized,13,2,11,5,0.6153846153846154,0.5,0.2,0.2857142857142857,0.6363636363636364,0.5454545454545454,,7,4,1,1,0.12,13,1.0,,prerana
ensemble_labeler,codebook_no_examples_with_checklist,all_paragraphs_new_gold_unlabeled_no__drop_kyle_only,full_corpus_assumed_negative,weighted_models_optimized,2,0,2,1,0.5,0.0,0.0,0.0,0.5,,single_reference_class,1,1,0,0,0.12,2,1.0,,unassigned_human_labeler
ensemble_labeler,codebook_no_examples_with_checklist,new_gold_test_only,new_gold,weighted_models_optimized,52,38,14,50,0.7692307692307693,1.0,0.76,0.8636363636363636,0.14285714285714285,0.7180451127819549,,2,12,0,38,0.12,53,0.9811320754716981,,anmol
ensemble_labeler,codebook_no_examples_with_checklist,new_gold_test_only,new_gold,weighted_models_optimized,8,5,3,3,0.5,0.4,0.6666666666666666,0.5,0.6666666666666666,0.33333333333333337,,2,1,3,2,0.12,8,1.0,,kyle
ensemble_labeler,codebook_no_examples_with_checklist,new_gold_test_only,new_gold,weighted_models_optimized,13,2,11,5,0.6153846153846154,0.5,0.2,0.2857142857142857,0.6363636363636364,0.5454545454545454,,7,4,1,1,0.12,13,1.0,,prerana
ensemble_labeler,codebook_no_examples_with_checklist,new_gold_test_only,new_gold,weighted_models_optimized,2,0,2,1,0.5,0.0,0.0,0.0,0.5,,single_reference_class,1,1,0,0,0.12,2,1.0,,unassigned_human_labeler
ensemble_labeler,codebook_no_examples_with_checklist,new_gold_test_only__drop_kyle_only,new_gold,weighted_models_optimized,52,38,14,50,0.7692307692307693,1.0,0.76,0.8636363636363636,0.14285714285714285,0.7180451127819549,,2,12,0,38,0.12,53,0.9811320754716981,,anmol
ensemble_labeler,codebook_no_examples_with_checklist,new_gold_test_only__drop_kyle_only,new_gold,weighted_models_optimized,13,2,11,5,0.6153846153846154,0.5,0.2,0.2857142857142857,0.6363636363636364,0.5454545454545454,,7,4,1,1,0.12,13,1.0,,prerana
ensemble_labeler,codebook_no_examples_with_checklist,new_gold_test_only__drop_kyle_only,new_gold,weighted_models_optimized,2,0,2,1,0.5,0.0,0.0,0.0,0.5,,single_reference_class,1,1,0,0,0.12,2,1.0,,unassigned_human_labeler
ensemble_labeler,codebook_no_examples_with_checklist,old_gold_test_only,old_gold,weighted_models_optimized,52,38,14,51,0.75,1.0,0.7450980392156863,0.8539325842696629,0.07142857142857142,0.7077067669172932,,1,13,0,38,0.07,53,0.9811320754716981,,anmol
ensemble_labeler,codebook_no_examples_with_checklist,old_gold_test_only,old_gold,weighted_models_optimized,8,5,3,4,0.375,0.4,0.5,0.4444444444444444,0.3333333333333333,0.33333333333333337,,1,2,3,2,0.07,8,1.0,,kyle
ensemble_labeler,codebook_no_examples_with_checklist,old_gold_test_only,old_gold,weighted_models_optimized,13,10,3,11,0.9230769230769231,1.0,0.9090909090909091,0.9523809523809523,0.6666666666666666,0.8333333333333334,,2,1,0,10,0.07,13,1.0,,prerana
ensemble_labeler,codebook_no_examples_with_checklist,old_gold_test_only,old_gold,weighted_models_optimized,2,0,2,1,0.5,0.0,0.0,0.0,0.5,,single_reference_class,1,1,0,0,0.07,2,1.0,,unassigned_human_labeler
ensemble_labeler,codebook_no_examples_with_checklist,old_gold_test_only__drop_kyle_only,old_gold,weighted_models_optimized,52,38,14,51,0.75,1.0,0.7450980392156863,0.8539325842696629,0.07142857142857142,0.7077067669172932,,1,13,0,38,0.07,53,0.9811320754716981,,anmol
ensemble_labeler,codebook_no_examples_with_checklist,old_gold_test_only__drop_kyle_only,old_gold,weighted_models_optimized,13,10,3,11,0.9230769230769231,1.0,0.9090909090909091,0.9523809523809523,0.6666666666666666,0.8333333333333334,,2,1,0,10,0.07,13,1.0,,prerana
ensemble_labeler,codebook_no_examples_with_checklist,old_gold_test_only__drop_kyle_only,old_gold,weighted_models_optimized,2,0,2,1,0.5,0.0,0.0,0.0,0.5,,single_reference_class,1,1,0,0,0.07,2,1.0,,unassigned_human_labeler
ensemble_labeler,codebook_with_examples_no_checklist,all_paragraphs_new_gold_unlabeled_no,full_corpus_assumed_negative,weighted_models_optimized,53,39,14,44,0.7169811320754716,0.8717948717948718,0.7727272727272727,0.8192771084337349,0.2857142857142857,0.5869963369963369,,4,10,5,34,0.19,53,1.0,,anmol
ensemble_labeler,codebook_with_examples_no_checklist,all_paragraphs_new_gold_unlabeled_no,full_corpus_assumed_negative,weighted_models_optimized,8,5,3,2,0.625,0.4,1.0,0.5714285714285714,1.0,0.4,,3,0,3,2,0.19,8,1.0,,kyle
ensemble_labeler,codebook_with_examples_no_checklist,all_paragraphs_new_gold_unlabeled_no,full_corpus_assumed_negative,weighted_models_optimized,13,2,11,4,0.6923076923076923,0.5,0.25,0.3333333333333333,0.7272727272727273,0.6136363636363636,,8,3,1,1,0.19,13,1.0,,prerana
ensemble_labeler,codebook_with_examples_no_checklist,all_paragraphs_new_gold_unlabeled_no,full_corpus_assumed_negative,weighted_models_optimized,2,0,2,0,1.0,0.0,0.0,0.0,1.0,,single_reference_class,2,0,0,0,0.19,2,1.0,,unassigned_human_labeler
ensemble_labeler,codebook_with_examples_no_checklist,all_paragraphs_new_gold_unlabeled_no__drop_kyle_only,full_corpus_assumed_negative,weighted_models_optimized,53,39,14,44,0.7169811320754716,0.8717948717948718,0.7727272727272727,0.8192771084337349,0.2857142857142857,0.5869963369963369,,4,10,5,34,0.19,53,1.0,,anmol
ensemble_labeler,codebook_with_examples_no_checklist,all_paragraphs_new_gold_unlabeled_no__drop_kyle_only,full_corpus_assumed_negative,weighted_models_optimized,13,2,11,4,0.6923076923076923,0.5,0.25,0.3333333333333333,0.7272727272727273,0.6136363636363636,,8,3,1,1,0.19,13,1.0,,prerana
ensemble_labeler,codebook_with_examples_no_checklist,all_paragraphs_new_gold_unlabeled_no__drop_kyle_only,full_corpus_assumed_negative,weighted_models_optimized,2,0,2,0,1.0,0.0,0.0,0.0,1.0,,single_reference_class,2,0,0,0,0.19,2,1.0,,unassigned_human_labeler
ensemble_labeler,codebook_with_examples_no_checklist,new_gold_test_only,new_gold,weighted_models_optimized,53,39,14,44,0.7169811320754716,0.8717948717948718,0.7727272727272727,0.8192771084337349,0.2857142857142857,0.5869963369963369,,4,10,5,34,0.19,53,1.0,,anmol
ensemble_labeler,codebook_with_examples_no_checklist,new_gold_test_only,new_gold,weighted_models_optimized,8,5,3,2,0.625,0.4,1.0,0.5714285714285714,1.0,0.4,,3,0,3,2,0.19,8,1.0,,kyle
ensemble_labeler,codebook_with_examples_no_checklist,new_gold_test_only,new_gold,weighted_models_optimized,13,2,11,4,0.6923076923076923,0.5,0.25,0.3333333333333333,0.7272727272727273,0.6136363636363636,,8,3,1,1,0.19,13,1.0,,prerana
ensemble_labeler,codebook_with_examples_no_checklist,new_gold_test_only,new_gold,weighted_models_optimized,2,0,2,0,1.0,0.0,0.0,0.0,1.0,,single_reference_class,2,0,0,0,0.19,2,1.0,,unassigned_human_labeler
ensemble_labeler,codebook_with_examples_no_checklist,new_gold_test_only__drop_kyle_only,new_gold,weighted_models_optimized,53,39,14,44,0.7169811320754716,0.8717948717948718,0.7727272727272727,0.8192771084337349,0.2857142857142857,0.5869963369963369,,4,10,5,34,0.19,53,1.0,,anmol
ensemble_labeler,codebook_with_examples_no_checklist,new_gold_test_only__drop_kyle_only,new_gold,weighted_models_optimized,13,2,11,4,0.6923076923076923,0.5,0.25,0.3333333333333333,0.7272727272727273,0.6136363636363636,,8,3,1,1,0.19,13,1.0,,prerana
ensemble_labeler,codebook_with_examples_no_checklist,new_gold_test_only__drop_kyle_only,new_gold,weighted_models_optimized,2,0,2,0,1.0,0.0,0.0,0.0,1.0,,single_reference_class,2,0,0,0,0.19,2,1.0,,unassigned_human_labeler
ensemble_labeler,codebook_with_examples_no_checklist,old_gold_test_only,old_gold,weighted_models_optimized,53,39,14,53,0.7358490566037735,1.0,0.7358490566037735,0.8478260869565217,0.0,0.6071428571428571,,0,14,0,39,0.05,53,1.0,,anmol
ensemble_labeler,codebook_with_examples_no_checklist,old_gold_test_only,old_gold,weighted_models_optimized,8,5,3,8,0.625,1.0,0.625,0.7692307692307693,0.0,0.4,,0,3,0,5,0.05,8,1.0,,kyle
ensemble_labeler,codebook_with_examples_no_checklist,old_gold_test_only,old_gold,weighted_models_optimized,13,10,3,13,0.7692307692307693,1.0,0.7692307692307693,0.8695652173913043,0.0,0.8,,0,3,0,10,0.05,13,1.0,,prerana
ensemble_labeler,codebook_with_examples_no_checklist,old_gold_test_only,old_gold,weighted_models_optimized,2,0,2,2,0.0,0.0,0.0,0.0,0.0,,single_reference_class,0,2,0,0,0.05,2,1.0,,unassigned_human_labeler
ensemble_labeler,codebook_with_examples_no_checklist,old_gold_test_only__drop_kyle_only,old_gold,weighted_models_optimized,53,39,14,51,0.7358490566037735,0.9743589743589743,0.7450980392156863,0.8444444444444444,0.07142857142857142,0.6318681318681318,,1,13,1,38,0.1,53,1.0,,anmol
ensemble_labeler,codebook_with_examples_no_checklist,old_gold_test_only__drop_kyle_only,old_gold,weighted_models_optimized,13,10,3,9,0.9230769230769231,0.9,1.0,0.9473684210526315,1.0,0.9,,3,0,1,9,0.1,13,1.0,,prerana
ensemble_labeler,codebook_with_examples_no_checklist,old_gold_test_only__drop_kyle_only,old_gold,weighted_models_optimized,2,0,2,2,0.0,0.0,0.0,0.0,0.0,,single_reference_class,0,2,0,0,0.1,2,1.0,,unassigned_human_labeler
ensemble_labeler,codebook_with_examples_with_checklist,all_paragraphs_new_gold_unlabeled_no,full_corpus_assumed_negative,weighted_models_optimized,51,37,14,46,0.7843137254901961,0.972972972972973,0.782608695652174,0.8674698795180723,0.2857142857142857,0.638030888030888,,4,10,1,36,0.1,53,0.9622641509433962,,anmol
ensemble_labeler,codebook_with_examples_with_checklist,all_paragraphs_new_gold_unlabeled_no,full_corpus_assumed_negative,weighted_models_optimized,8,5,3,4,0.375,0.4,0.5,0.4444444444444444,0.3333333333333333,0.4,,1,2,3,2,0.1,8,1.0,,kyle
ensemble_labeler,codebook_with_examples_with_checklist,all_paragraphs_new_gold_unlabeled_no,full_corpus_assumed_negative,weighted_models_optimized,13,2,11,7,0.6153846153846154,1.0,0.2857142857142857,0.4444444444444444,0.5454545454545454,0.8181818181818182,,6,5,0,2,0.1,13,1.0,,prerana
ensemble_labeler,codebook_with_examples_with_checklist,all_paragraphs_new_gold_unlabeled_no,full_corpus_assumed_negative,weighted_models_optimized,2,0,2,1,0.5,0.0,0.0,0.0,0.5,,single_reference_class,1,1,0,0,0.1,2,1.0,,unassigned_human_labeler
ensemble_labeler,codebook_with_examples_with_checklist,all_paragraphs_new_gold_unlabeled_no__drop_kyle_only,full_corpus_assumed_negative,weighted_models_optimized,51,37,14,46,0.7843137254901961,0.972972972972973,0.782608695652174,0.8674698795180723,0.2857142857142857,0.638030888030888,,4,10,1,36,0.1,53,0.9622641509433962,,anmol
ensemble_labeler,codebook_with_examples_with_checklist,all_paragraphs_new_gold_unlabeled_no__drop_kyle_only,full_corpus_assumed_negative,weighted_models_optimized,13,2,11,7,0.6153846153846154,1.0,0.2857142857142857,0.4444444444444444,0.5454545454545454,0.8181818181818182,,6,5,0,2,0.1,13,1.0,,prerana
ensemble_labeler,codebook_with_examples_with_checklist,all_paragraphs_new_gold_unlabeled_no__drop_kyle_only,full_corpus_assumed_negative,weighted_models_optimized,2,0,2,1,0.5,0.0,0.0,0.0,0.5,,single_reference_class,1,1,0,0,0.1,2,1.0,,unassigned_human_labeler
ensemble_labeler,codebook_with_examples_with_checklist,new_gold_test_only,new_gold,weighted_models_optimized,51,37,14,46,0.7843137254901961,0.972972972972973,0.782608695652174,0.8674698795180723,0.2857142857142857,0.638030888030888,,4,10,1,36,0.1,53,0.9622641509433962,,anmol
ensemble_labeler,codebook_with_examples_with_checklist,new_gold_test_only,new_gold,weighted_models_optimized,8,5,3,4,0.375,0.4,0.5,0.4444444444444444,0.3333333333333333,0.4,,1,2,3,2,0.1,8,1.0,,kyle
ensemble_labeler,codebook_with_examples_with_checklist,new_gold_test_only,new_gold,weighted_models_optimized,13,2,11,7,0.6153846153846154,1.0,0.2857142857142857,0.4444444444444444,0.5454545454545454,0.8181818181818182,,6,5,0,2,0.1,13,1.0,,prerana
ensemble_labeler,codebook_with_examples_with_checklist,new_gold_test_only,new_gold,weighted_models_optimized,2,0,2,1,0.5,0.0,0.0,0.0,0.5,,single_reference_class,1,1,0,0,0.1,2,1.0,,unassigned_human_labeler
ensemble_labeler,codebook_with_examples_with_checklist,new_gold_test_only__drop_kyle_only,new_gold,weighted_models_optimized,51,37,14,46,0.7843137254901961,0.972972972972973,0.782608695652174,0.8674698795180723,0.2857142857142857,0.638030888030888,,4,10,1,36,0.1,53,0.9622641509433962,,anmol
ensemble_labeler,codebook_with_examples_with_checklist,new_gold_test_only__drop_kyle_only,new_gold,weighted_models_optimized,13,2,11,7,0.6153846153846154,1.0,0.2857142857142857,0.4444444444444444,0.5454545454545454,0.8181818181818182,,6,5,0,2,0.1,13,1.0,,prerana
ensemble_labeler,codebook_with_examples_with_checklist,new_gold_test_only__drop_kyle_only,new_gold,weighted_models_optimized,2,0,2,1,0.5,0.0,0.0,0.0,0.5,,single_reference_class,1,1,0,0,0.1,2,1.0,,unassigned_human_labeler
ensemble_labeler,codebook_with_examples_with_checklist,old_gold_test_only,old_gold,weighted_models_optimized,51,37,14,51,0.7254901960784313,1.0,0.7254901960784313,0.8409090909090909,0.0,0.582046332046332,,0,14,0,37,0.05,53,0.9622641509433962,,anmol
ensemble_labeler,codebook_with_examples_with_checklist,old_gold_test_only,old_gold,weighted_models_optimized,8,5,3,8,0.625,1.0,0.625,0.7692307692307693,0.0,0.43333333333333335,,0,3,0,5,0.05,8,1.0,,kyle
ensemble_labeler,codebook_with_examples_with_checklist,old_gold_test_only,old_gold,weighted_models_optimized,13,10,3,13,0.7692307692307693,1.0,0.7692307692307693,0.8695652173913043,0.0,0.7333333333333334,,0,3,0,10,0.05,13,1.0,,prerana
ensemble_labeler,codebook_with_examples_with_checklist,old_gold_test_only,old_gold,weighted_models_optimized,2,0,2,2,0.0,0.0,0.0,0.0,0.0,,single_reference_class,0,2,0,0,0.05,2,1.0,,unassigned_human_labeler
ensemble_labeler,codebook_with_examples_with_checklist,old_gold_test_only__drop_kyle_only,old_gold,weighted_models_optimized,51,37,14,47,0.7647058823529411,0.972972972972973,0.7659574468085106,0.8571428571428571,0.21428571428571427,0.6274131274131274,,3,11,1,36,0.1,53,0.9622641509433962,,anmol
ensemble_labeler,codebook_with_examples_with_checklist,old_gold_test_only__drop_kyle_only,old_gold,weighted_models_optimized,13,10,3,9,0.7692307692307693,0.8,0.8888888888888888,0.8421052631578947,0.6666666666666666,0.75,,2,1,2,8,0.1,13,1.0,,prerana
ensemble_labeler,codebook_with_examples_with_checklist,old_gold_test_only__drop_kyle_only,old_gold,weighted_models_optimized,2,0,2,1,0.5,0.0,0.0,0.0,0.5,,single_reference_class,1,1,0,0,0.1,2,1.0,,unassigned_human_labeler
ensemble_labeler,direct_target_only,all_paragraphs_new_gold_unlabeled_no,full_corpus_assumed_negative,weighted_models_optimized,53,39,14,51,0.7735849056603774,1.0,0.7647058823529411,0.8666666666666667,0.14285714285714285,0.6941391941391942,,2,12,0,39,0.12,53,1.0,,anmol
ensemble_labeler,direct_target_only,all_paragraphs_new_gold_unlabeled_no,full_corpus_assumed_negative,weighted_models_optimized,8,5,3,6,0.375,0.6,0.5,0.5454545454545454,0.0,0.43333333333333335,,0,3,2,3,0.12,8,1.0,,kyle
ensemble_labeler,direct_target_only,all_paragraphs_new_gold_unlabeled_no,full_corpus_assumed_negative,weighted_models_optimized,13,2,11,10,0.38461538461538464,1.0,0.2,0.3333333333333333,0.2727272727272727,0.6363636363636364,,3,8,0,2,0.12,13,1.0,,prerana
ensemble_labeler,direct_target_only,all_paragraphs_new_gold_unlabeled_no,full_corpus_assumed_negative,weighted_models_optimized,2,0,2,2,0.0,0.0,0.0,0.0,0.0,,single_reference_class,0,2,0,0,0.12,2,1.0,,unassigned_human_labeler
ensemble_labeler,direct_target_only,all_paragraphs_new_gold_unlabeled_no__drop_kyle_only,full_corpus_assumed_negative,weighted_models_optimized,53,39,14,51,0.7735849056603774,1.0,0.7647058823529411,0.8666666666666667,0.14285714285714285,0.6941391941391942,,2,12,0,39,0.12,53,1.0,,anmol
ensemble_labeler,direct_target_only,all_paragraphs_new_gold_unlabeled_no__drop_kyle_only,full_corpus_assumed_negative,weighted_models_optimized,13,2,11,10,0.38461538461538464,1.0,0.2,0.3333333333333333,0.2727272727272727,0.6363636363636364,,3,8,0,2,0.12,13,1.0,,prerana
ensemble_labeler,direct_target_only,all_paragraphs_new_gold_unlabeled_no__drop_kyle_only,full_corpus_assumed_negative,weighted_models_optimized,2,0,2,2,0.0,0.0,0.0,0.0,0.0,,single_reference_class,0,2,0,0,0.12,2,1.0,,unassigned_human_labeler
ensemble_labeler,direct_target_only,new_gold_test_only,new_gold,weighted_models_optimized,53,39,14,51,0.7735849056603774,1.0,0.7647058823529411,0.8666666666666667,0.14285714285714285,0.6941391941391942,,2,12,0,39,0.12,53,1.0,,anmol
ensemble_labeler,direct_target_only,new_gold_test_only,new_gold,weighted_models_optimized,8,5,3,6,0.375,0.6,0.5,0.5454545454545454,0.0,0.43333333333333335,,0,3,2,3,0.12,8,1.0,,kyle
ensemble_labeler,direct_target_only,new_gold_test_only,new_gold,weighted_models_optimized,13,2,11,10,0.38461538461538464,1.0,0.2,0.3333333333333333,0.2727272727272727,0.6363636363636364,,3,8,0,2,0.12,13,1.0,,prerana
ensemble_labeler,direct_target_only,new_gold_test_only,new_gold,weighted_models_optimized,2,0,2,2,0.0,0.0,0.0,0.0,0.0,,single_reference_class,0,2,0,0,0.12,2,1.0,,unassigned_human_labeler
ensemble_labeler,direct_target_only,new_gold_test_only__drop_kyle_only,new_gold,weighted_models_optimized,53,39,14,51,0.7735849056603774,1.0,0.7647058823529411,0.8666666666666667,0.14285714285714285,0.6941391941391942,,2,12,0,39,0.12,53,1.0,,anmol
ensemble_labeler,direct_target_only,new_gold_test_only__drop_kyle_only,new_gold,weighted_models_optimized,13,2,11,10,0.38461538461538464,1.0,0.2,0.3333333333333333,0.2727272727272727,0.6363636363636364,,3,8,0,2,0.12,13,1.0,,prerana
ensemble_labeler,direct_target_only,new_gold_test_only__drop_kyle_only,new_gold,weighted_models_optimized,2,0,2,2,0.0,0.0,0.0,0.0,0.0,,single_reference_class,0,2,0,0,0.12,2,1.0,,unassigned_human_labeler
ensemble_labeler,direct_target_only,old_gold_test_only,old_gold,weighted_models_optimized,53,39,14,53,0.7358490566037735,1.0,0.7358490566037735,0.8478260869565217,0.0,0.6501831501831502,,0,14,0,39,0.06,53,1.0,,anmol
ensemble_labeler,direct_target_only,old_gold_test_only,old_gold,weighted_models_optimized,8,5,3,8,0.625,1.0,0.625,0.7692307692307693,0.0,0.4666666666666667,,0,3,0,5,0.06,8,1.0,,kyle
ensemble_labeler,direct_target_only,old_gold_test_only,old_gold,weighted_models_optimized,13,10,3,12,0.8461538461538461,1.0,0.8333333333333334,0.9090909090909091,0.3333333333333333,0.7,,1,2,0,10,0.06,13,1.0,,prerana
ensemble_labeler,direct_target_only,old_gold_test_only,old_gold,weighted_models_optimized,2,0,2,2,0.0,0.0,0.0,0.0,0.0,,single_reference_class,0,2,0,0,0.06,2,1.0,,unassigned_human_labeler
ensemble_labeler,direct_target_only,old_gold_test_only__drop_kyle_only,old_gold,weighted_models_optimized,53,39,14,47,0.8113207547169812,0.9743589743589743,0.8085106382978723,0.8837209302325582,0.35714285714285715,0.6978021978021979,,5,9,1,38,0.11,53,1.0,,anmol
ensemble_labeler,direct_target_only,old_gold_test_only__drop_kyle_only,old_gold,weighted_models_optimized,13,10,3,9,0.7692307692307693,0.8,0.8888888888888888,0.8421052631578947,0.6666666666666666,0.6333333333333334,,2,1,2,8,0.11,13,1.0,,prerana
ensemble_labeler,direct_target_only,old_gold_test_only__drop_kyle_only,old_gold,weighted_models_optimized,2,0,2,2,0.0,0.0,0.0,0.0,0.0,,single_reference_class,0,2,0,0,0.11,2,1.0,,unassigned_human_labeler
ensemble_document_labeler,codebook_no_examples_no_checklist,all_paragraphs_new_gold_unlabeled_no,full_corpus_assumed_negative,weighted_models_optimized,6,2,4,4,0.6666666666666666,1.0,0.5,0.6666666666666666,0.5,1.0,,2,2,0,2,0.19,6,1.0,EPA,anmol
ensemble_document_labeler,codebook_no_examples_no_checklist,all_paragraphs_new_gold_unlabeled_no,full_corpus_assumed_negative,weighted_models_optimized,4,2,2,0,0.5,0.0,0.0,0.0,1.0,0.125,,2,0,2,0,0.19,4,1.0,EPA,kyle
ensemble_document_labeler,codebook_no_examples_no_checklist,all_paragraphs_new_gold_unlabeled_no,full_corpus_assumed_negative,weighted_models_optimized,12,1,11,3,0.6666666666666666,0.0,0.0,0.0,0.7272727272727273,0.09090909090909094,,8,3,1,0,0.19,12,1.0,EPA,prerana
ensemble_document_labeler,codebook_no_examples_no_checklist,all_paragraphs_new_gold_unlabeled_no,full_corpus_assumed_negative,weighted_models_optimized,27,21,6,23,0.7037037037037037,0.8571428571428571,0.782608695652174,0.8181818181818182,0.16666666666666666,0.40476190476190477,,1,5,3,18,0.19,28,0.9642857142857143,ERP Report,anmol
ensemble_document_labeler,codebook_no_examples_no_checklist,all_paragraphs_new_gold_unlabeled_no,full_corpus_assumed_negative,weighted_models_optimized,3,3,0,3,1.0,1.0,1.0,1.0,,,single_reference_class,0,0,0,3,0.19,3,1.0,GAO,anmol
ensemble_document_labeler,codebook_no_examples_no_checklist,all_paragraphs_new_gold_unlabeled_no,full_corpus_assumed_negative,weighted_models_optimized,4,3,1,2,0.75,0.6666666666666666,1.0,0.8,1.0,0.6666666666666666,,1,0,1,2,0.19,4,1.0,GAO,kyle
ensemble_document_labeler,codebook_no_examples_no_checklist,all_paragraphs_new_gold_unlabeled_no,full_corpus_assumed_negative,weighted_models_optimized,9,5,4,8,0.6666666666666666,1.0,0.625,0.7692307692307693,0.25,0.85,,1,3,0,5,0.19,9,1.0,Hurricane Katrina,anmol
ensemble_document_labeler,codebook_no_examples_no_checklist,all_paragraphs_new_gold_unlabeled_no,full_corpus_assumed_negative,weighted_models_optimized,2,0,2,0,1.0,0.0,0.0,0.0,1.0,,single_reference_class,2,0,0,0,0.19,2,1.0,Hurricane Katrina,unassigned_human_labeler
ensemble_document_labeler,codebook_no_examples_no_checklist,all_paragraphs_new_gold_unlabeled_no,full_corpus_assumed_negative,weighted_models_optimized,7,7,0,5,0.7142857142857143,0.7142857142857143,1.0,0.8333333333333334,,,single_reference_class,0,0,2,5,0.19,7,1.0,PAR,anmol
ensemble_document_labeler,codebook_no_examples_no_checklist,all_paragraphs_new_gold_unlabeled_no,full_corpus_assumed_negative,weighted_models_optimized,1,1,0,1,1.0,1.0,1.0,1.0,,,single_reference_class,0,0,0,1,0.19,1,1.0,PAR,prerana
ensemble_document_labeler,codebook_no_examples_no_checklist,all_paragraphs_new_gold_unlabeled_no__drop_kyle_only,full_corpus_assumed_negative,weighted_models_optimized,6,2,4,6,0.3333333333333333,1.0,0.3333333333333333,0.5,0.0,1.0,,0,4,0,2,0.16,6,1.0,EPA,anmol
ensemble_document_labeler,codebook_no_examples_no_checklist,all_paragraphs_new_gold_unlabeled_no__drop_kyle_only,full_corpus_assumed_negative,weighted_models_optimized,12,1,11,3,0.6666666666666666,0.0,0.0,0.0,0.7272727272727273,0.18181818181818177,,8,3,1,0,0.16,12,1.0,EPA,prerana
ensemble_document_labeler,codebook_no_examples_no_checklist,all_paragraphs_new_gold_unlabeled_no__drop_kyle_only,full_corpus_assumed_negative,weighted_models_optimized,27,21,6,24,0.7407407407407407,0.9047619047619048,0.7916666666666666,0.8444444444444444,0.16666666666666666,0.4444444444444444,,1,5,2,19,0.16,28,0.9642857142857143,ERP Report,anmol
ensemble_document_labeler,codebook_no_examples_no_checklist,all_paragraphs_new_gold_unlabeled_no__drop_kyle_only,full_corpus_assumed_negative,weighted_models_optimized,3,3,0,3,1.0,1.0,1.0,1.0,,,single_reference_class,0,0,0,3,0.16,3,1.0,GAO,anmol
ensemble_document_labeler,codebook_no_examples_no_checklist,all_paragraphs_new_gold_unlabeled_no__drop_kyle_only,full_corpus_assumed_negative,weighted_models_optimized,9,5,4,8,0.6666666666666666,1.0,0.625,0.7692307692307693,0.25,0.9,,1,3,0,5,0.16,9,1.0,Hurricane Katrina,anmol
ensemble_document_labeler,codebook_no_examples_no_checklist,all_paragraphs_new_gold_unlabeled_no__drop_kyle_only,full_corpus_assumed_negative,weighted_models_optimized,2,0,2,1,0.5,0.0,0.0,0.0,0.5,,single_reference_class,1,1,0,0,0.16,2,1.0,Hurricane Katrina,unassigned_human_labeler
ensemble_document_labeler,codebook_no_examples_no_checklist,all_paragraphs_new_gold_unlabeled_no__drop_kyle_only,full_corpus_assumed_negative,weighted_models_optimized,7,7,0,6,0.8571428571428571,0.8571428571428571,1.0,0.9230769230769231,,,single_reference_class,0,0,1,6,0.16,7,1.0,PAR,anmol
ensemble_document_labeler,codebook_no_examples_no_checklist,all_paragraphs_new_gold_unlabeled_no__drop_kyle_only,full_corpus_assumed_negative,weighted_models_optimized,1,1,0,1,1.0,1.0,1.0,1.0,,,single_reference_class,0,0,0,1,0.16,1,1.0,PAR,prerana
ensemble_document_labeler,codebook_no_examples_no_checklist,new_gold_test_only,new_gold,weighted_models_optimized,6,2,4,4,0.6666666666666666,1.0,0.5,0.6666666666666666,0.5,1.0,,2,2,0,2,0.19,6,1.0,EPA,anmol
ensemble_document_labeler,codebook_no_examples_no_checklist,new_gold_test_only,new_gold,weighted_models_optimized,4,2,2,0,0.5,0.0,0.0,0.0,1.0,0.125,,2,0,2,0,0.19,4,1.0,EPA,kyle
ensemble_document_labeler,codebook_no_examples_no_checklist,new_gold_test_only,new_gold,weighted_models_optimized,12,1,11,3,0.6666666666666666,0.0,0.0,0.0,0.7272727272727273,0.09090909090909094,,8,3,1,0,0.19,12,1.0,EPA,prerana
ensemble_document_labeler,codebook_no_examples_no_checklist,new_gold_test_only,new_gold,weighted_models_optimized,27,21,6,23,0.7037037037037037,0.8571428571428571,0.782608695652174,0.8181818181818182,0.16666666666666666,0.40476190476190477,,1,5,3,18,0.19,28,0.9642857142857143,ERP Report,anmol
ensemble_document_labeler,codebook_no_examples_no_checklist,new_gold_test_only,new_gold,weighted_models_optimized,3,3,0,3,1.0,1.0,1.0,1.0,,,single_reference_class,0,0,0,3,0.19,3,1.0,GAO,anmol
ensemble_document_labeler,codebook_no_examples_no_checklist,new_gold_test_only,new_gold,weighted_models_optimized,4,3,1,2,0.75,0.6666666666666666,1.0,0.8,1.0,0.6666666666666666,,1,0,1,2,0.19,4,1.0,GAO,kyle
ensemble_document_labeler,codebook_no_examples_no_checklist,new_gold_test_only,new_gold,weighted_models_optimized,9,5,4,8,0.6666666666666666,1.0,0.625,0.7692307692307693,0.25,0.85,,1,3,0,5,0.19,9,1.0,Hurricane Katrina,anmol
ensemble_document_labeler,codebook_no_examples_no_checklist,new_gold_test_only,new_gold,weighted_models_optimized,2,0,2,0,1.0,0.0,0.0,0.0,1.0,,single_reference_class,2,0,0,0,0.19,2,1.0,Hurricane Katrina,unassigned_human_labeler
ensemble_document_labeler,codebook_no_examples_no_checklist,new_gold_test_only,new_gold,weighted_models_optimized,7,7,0,5,0.7142857142857143,0.7142857142857143,1.0,0.8333333333333334,,,single_reference_class,0,0,2,5,0.19,7,1.0,PAR,anmol
ensemble_document_labeler,codebook_no_examples_no_checklist,new_gold_test_only,new_gold,weighted_models_optimized,1,1,0,1,1.0,1.0,1.0,1.0,,,single_reference_class,0,0,0,1,0.19,1,1.0,PAR,prerana
ensemble_document_labeler,codebook_no_examples_no_checklist,new_gold_test_only__drop_kyle_only,new_gold,weighted_models_optimized,6,2,4,6,0.3333333333333333,1.0,0.3333333333333333,0.5,0.0,1.0,,0,4,0,2,0.16,6,1.0,EPA,anmol
ensemble_document_labeler,codebook_no_examples_no_checklist,new_gold_test_only__drop_kyle_only,new_gold,weighted_models_optimized,12,1,11,3,0.6666666666666666,0.0,0.0,0.0,0.7272727272727273,0.18181818181818177,,8,3,1,0,0.16,12,1.0,EPA,prerana
ensemble_document_labeler,codebook_no_examples_no_checklist,new_gold_test_only__drop_kyle_only,new_gold,weighted_models_optimized,27,21,6,24,0.7407407407407407,0.9047619047619048,0.7916666666666666,0.8444444444444444,0.16666666666666666,0.4444444444444444,,1,5,2,19,0.16,28,0.9642857142857143,ERP Report,anmol
ensemble_document_labeler,codebook_no_examples_no_checklist,new_gold_test_only__drop_kyle_only,new_gold,weighted_models_optimized,3,3,0,3,1.0,1.0,1.0,1.0,,,single_reference_class,0,0,0,3,0.16,3,1.0,GAO,anmol
ensemble_document_labeler,codebook_no_examples_no_checklist,new_gold_test_only__drop_kyle_only,new_gold,weighted_models_optimized,9,5,4,8,0.6666666666666666,1.0,0.625,0.7692307692307693,0.25,0.9,,1,3,0,5,0.16,9,1.0,Hurricane Katrina,anmol
ensemble_document_labeler,codebook_no_examples_no_checklist,new_gold_test_only__drop_kyle_only,new_gold,weighted_models_optimized,2,0,2,1,0.5,0.0,0.0,0.0,0.5,,single_reference_class,1,1,0,0,0.16,2,1.0,Hurricane Katrina,unassigned_human_labeler
ensemble_document_labeler,codebook_no_examples_no_checklist,new_gold_test_only__drop_kyle_only,new_gold,weighted_models_optimized,7,7,0,6,0.8571428571428571,0.8571428571428571,1.0,0.9230769230769231,,,single_reference_class,0,0,1,6,0.16,7,1.0,PAR,anmol
ensemble_document_labeler,codebook_no_examples_no_checklist,new_gold_test_only__drop_kyle_only,new_gold,weighted_models_optimized,1,1,0,1,1.0,1.0,1.0,1.0,,,single_reference_class,0,0,0,1,0.16,1,1.0,PAR,prerana
ensemble_document_labeler,codebook_no_examples_no_checklist,old_gold_test_only,old_gold,weighted_models_optimized,6,2,4,6,0.3333333333333333,1.0,0.3333333333333333,0.5,0.0,1.0,,0,4,0,2,0.09,6,1.0,EPA,anmol
ensemble_document_labeler,codebook_no_examples_no_checklist,old_gold_test_only,old_gold,weighted_models_optimized,4,2,2,0,0.5,0.0,0.0,0.0,1.0,0.125,,2,0,2,0,0.09,4,1.0,EPA,kyle
ensemble_document_labeler,codebook_no_examples_no_checklist,old_gold_test_only,old_gold,weighted_models_optimized,12,9,3,8,0.9166666666666666,0.8888888888888888,1.0,0.9411764705882353,1.0,0.8888888888888888,,3,0,1,8,0.09,12,1.0,EPA,prerana
ensemble_document_labeler,codebook_no_examples_no_checklist,old_gold_test_only,old_gold,weighted_models_optimized,27,21,6,26,0.8148148148148148,1.0,0.8076923076923077,0.8936170212765957,0.16666666666666666,0.5079365079365079,,1,5,0,21,0.09,28,0.9642857142857143,ERP Report,anmol
ensemble_document_labeler,codebook_no_examples_no_checklist,old_gold_test_only,old_gold,weighted_models_optimized,3,3,0,3,1.0,1.0,1.0,1.0,,,single_reference_class,0,0,0,3,0.09,3,1.0,GAO,anmol
ensemble_document_labeler,codebook_no_examples_no_checklist,old_gold_test_only,old_gold,weighted_models_optimized,4,3,1,3,0.5,0.6666666666666666,0.6666666666666666,0.6666666666666666,0.0,0.6666666666666666,,0,1,1,2,0.09,4,1.0,GAO,kyle
ensemble_document_labeler,codebook_no_examples_no_checklist,old_gold_test_only,old_gold,weighted_models_optimized,9,5,4,8,0.6666666666666666,1.0,0.625,0.7692307692307693,0.25,0.95,,1,3,0,5,0.09,9,1.0,Hurricane Katrina,anmol
ensemble_document_labeler,codebook_no_examples_no_checklist,old_gold_test_only,old_gold,weighted_models_optimized,2,0,2,1,0.5,0.0,0.0,0.0,0.5,,single_reference_class,1,1,0,0,0.09,2,1.0,Hurricane Katrina,unassigned_human_labeler
ensemble_document_labeler,codebook_no_examples_no_checklist,old_gold_test_only,old_gold,weighted_models_optimized,7,7,0,6,0.8571428571428571,0.8571428571428571,1.0,0.9230769230769231,,,single_reference_class,0,0,1,6,0.09,7,1.0,PAR,anmol
ensemble_document_labeler,codebook_no_examples_no_checklist,old_gold_test_only,old_gold,weighted_models_optimized,1,1,0,1,1.0,1.0,1.0,1.0,,,single_reference_class,0,0,0,1,0.09,1,1.0,PAR,prerana
ensemble_document_labeler,codebook_no_examples_no_checklist,old_gold_test_only__drop_kyle_only,old_gold,weighted_models_optimized,6,2,4,6,0.3333333333333333,1.0,0.3333333333333333,0.5,0.0,1.0,,0,4,0,2,0.09,6,1.0,EPA,anmol
ensemble_document_labeler,codebook_no_examples_no_checklist,old_gold_test_only__drop_kyle_only,old_gold,weighted_models_optimized,12,9,3,8,0.9166666666666666,0.8888888888888888,1.0,0.9411764705882353,1.0,0.8888888888888888,,3,0,1,8,0.09,12,1.0,EPA,prerana
ensemble_document_labeler,codebook_no_examples_no_checklist,old_gold_test_only__drop_kyle_only,old_gold,weighted_models_optimized,27,21,6,26,0.8148148148148148,1.0,0.8076923076923077,0.8936170212765957,0.16666666666666666,0.5079365079365079,,1,5,0,21,0.09,28,0.9642857142857143,ERP Report,anmol
ensemble_document_labeler,codebook_no_examples_no_checklist,old_gold_test_only__drop_kyle_only,old_gold,weighted_models_optimized,3,3,0,3,1.0,1.0,1.0,1.0,,,single_reference_class,0,0,0,3,0.09,3,1.0,GAO,anmol
ensemble_document_labeler,codebook_no_examples_no_checklist,old_gold_test_only__drop_kyle_only,old_gold,weighted_models_optimized,9,5,4,8,0.6666666666666666,1.0,0.625,0.7692307692307693,0.25,0.95,,1,3,0,5,0.09,9,1.0,Hurricane Katrina,anmol
ensemble_document_labeler,codebook_no_examples_no_checklist,old_gold_test_only__drop_kyle_only,old_gold,weighted_models_optimized,2,0,2,1,0.5,0.0,0.0,0.0,0.5,,single_reference_class,1,1,0,0,0.09,2,1.0,Hurricane Katrina,unassigned_human_labeler
ensemble_document_labeler,codebook_no_examples_no_checklist,old_gold_test_only__drop_kyle_only,old_gold,weighted_models_optimized,7,7,0,6,0.8571428571428571,0.8571428571428571,1.0,0.9230769230769231,,,single_reference_class,0,0,1,6,0.09,7,1.0,PAR,anmol
ensemble_document_labeler,codebook_no_examples_no_checklist,old_gold_test_only__drop_kyle_only,old_gold,weighted_models_optimized,1,1,0,1,1.0,1.0,1.0,1.0,,,single_reference_class,0,0,0,1,0.09,1,1.0,PAR,prerana
ensemble_document_labeler,codebook_no_examples_with_checklist,all_paragraphs_new_gold_unlabeled_no,full_corpus_assumed_negative,weighted_models_optimized,6,2,4,6,0.3333333333333333,1.0,0.3333333333333333,0.5,0.0,1.0,,0,4,0,2,0.12,6,1.0,EPA,anmol
ensemble_document_labeler,codebook_no_examples_with_checklist,all_paragraphs_new_gold_unlabeled_no,full_corpus_assumed_negative,weighted_models_optimized,4,2,2,0,0.5,0.0,0.0,0.0,1.0,0.0,,2,0,2,0,0.12,4,1.0,EPA,kyle
ensemble_document_labeler,codebook_no_examples_with_checklist,all_paragraphs_new_gold_unlabeled_no,full_corpus_assumed_negative,weighted_models_optimized,12,1,11,4,0.5833333333333334,0.0,0.0,0.0,0.6363636363636364,0.09090909090909094,,7,4,1,0,0.12,12,1.0,EPA,prerana
ensemble_document_labeler,codebook_no_examples_with_checklist,all_paragraphs_new_gold_unlabeled_no,full_corpus_assumed_negative,weighted_models_optimized,27,21,6,27,0.7777777777777778,1.0,0.7777777777777778,0.875,0.0,0.5476190476190476,,0,6,0,21,0.12,28,0.9642857142857143,ERP Report,anmol
ensemble_document_labeler,codebook_no_examples_with_checklist,all_paragraphs_new_gold_unlabeled_no,full_corpus_assumed_negative,weighted_models_optimized,3,3,0,3,1.0,1.0,1.0,1.0,,,single_reference_class,0,0,0,3,0.12,3,1.0,GAO,anmol
ensemble_document_labeler,codebook_no_examples_with_checklist,all_paragraphs_new_gold_unlabeled_no,full_corpus_assumed_negative,weighted_models_optimized,4,3,1,3,0.5,0.6666666666666666,0.6666666666666666,0.6666666666666666,0.0,0.3333333333333333,,0,1,1,2,0.12,4,1.0,GAO,kyle
ensemble_document_labeler,codebook_no_examples_with_checklist,all_paragraphs_new_gold_unlabeled_no,full_corpus_assumed_negative,weighted_models_optimized,9,5,4,7,0.7777777777777778,1.0,0.7142857142857143,0.8333333333333334,0.5,1.0,,2,2,0,5,0.12,9,1.0,Hurricane Katrina,anmol
ensemble_document_labeler,codebook_no_examples_with_checklist,all_paragraphs_new_gold_unlabeled_no,full_corpus_assumed_negative,weighted_models_optimized,2,0,2,1,0.5,0.0,0.0,0.0,0.5,,single_reference_class,1,1,0,0,0.12,2,1.0,Hurricane Katrina,unassigned_human_labeler
ensemble_document_labeler,codebook_no_examples_with_checklist,all_paragraphs_new_gold_unlabeled_no,full_corpus_assumed_negative,weighted_models_optimized,7,7,0,7,1.0,1.0,1.0,1.0,,,single_reference_class,0,0,0,7,0.12,7,1.0,PAR,anmol
ensemble_document_labeler,codebook_no_examples_with_checklist,all_paragraphs_new_gold_unlabeled_no,full_corpus_assumed_negative,weighted_models_optimized,1,1,0,1,1.0,1.0,1.0,1.0,,,single_reference_class,0,0,0,1,0.12,1,1.0,PAR,prerana
ensemble_document_labeler,codebook_no_examples_with_checklist,all_paragraphs_new_gold_unlabeled_no__drop_kyle_only,full_corpus_assumed_negative,weighted_models_optimized,6,2,4,6,0.3333333333333333,1.0,0.3333333333333333,0.5,0.0,1.0,,0,4,0,2,0.12,6,1.0,EPA,anmol
ensemble_document_labeler,codebook_no_examples_with_checklist,all_paragraphs_new_gold_unlabeled_no__drop_kyle_only,full_corpus_assumed_negative,weighted_models_optimized,12,1,11,4,0.5833333333333334,0.0,0.0,0.0,0.6363636363636364,0.09090909090909094,,7,4,1,0,0.12,12,1.0,EPA,prerana
ensemble_document_labeler,codebook_no_examples_with_checklist,all_paragraphs_new_gold_unlabeled_no__drop_kyle_only,full_corpus_assumed_negative,weighted_models_optimized,27,21,6,27,0.7777777777777778,1.0,0.7777777777777778,0.875,0.0,0.5476190476190476,,0,6,0,21,0.12,28,0.9642857142857143,ERP Report,anmol
ensemble_document_labeler,codebook_no_examples_with_checklist,all_paragraphs_new_gold_unlabeled_no__drop_kyle_only,full_corpus_assumed_negative,weighted_models_optimized,3,3,0,3,1.0,1.0,1.0,1.0,,,single_reference_class,0,0,0,3,0.12,3,1.0,GAO,anmol
ensemble_document_labeler,codebook_no_examples_with_checklist,all_paragraphs_new_gold_unlabeled_no__drop_kyle_only,full_corpus_assumed_negative,weighted_models_optimized,9,5,4,7,0.7777777777777778,1.0,0.7142857142857143,0.8333333333333334,0.5,1.0,,2,2,0,5,0.12,9,1.0,Hurricane Katrina,anmol
ensemble_document_labeler,codebook_no_examples_with_checklist,all_paragraphs_new_gold_unlabeled_no__drop_kyle_only,full_corpus_assumed_negative,weighted_models_optimized,2,0,2,1,0.5,0.0,0.0,0.0,0.5,,single_reference_class,1,1,0,0,0.12,2,1.0,Hurricane Katrina,unassigned_human_labeler
ensemble_document_labeler,codebook_no_examples_with_checklist,all_paragraphs_new_gold_unlabeled_no__drop_kyle_only,full_corpus_assumed_negative,weighted_models_optimized,7,7,0,7,1.0,1.0,1.0,1.0,,,single_reference_class,0,0,0,7,0.12,7,1.0,PAR,anmol
ensemble_document_labeler,codebook_no_examples_with_checklist,all_paragraphs_new_gold_unlabeled_no__drop_kyle_only,full_corpus_assumed_negative,weighted_models_optimized,1,1,0,1,1.0,1.0,1.0,1.0,,,single_reference_class,0,0,0,1,0.12,1,1.0,PAR,prerana
ensemble_document_labeler,codebook_no_examples_with_checklist,new_gold_test_only,new_gold,weighted_models_optimized,6,2,4,6,0.3333333333333333,1.0,0.3333333333333333,0.5,0.0,1.0,,0,4,0,2,0.12,6,1.0,EPA,anmol
ensemble_document_labeler,codebook_no_examples_with_checklist,new_gold_test_only,new_gold,weighted_models_optimized,4,2,2,0,0.5,0.0,0.0,0.0,1.0,0.0,,2,0,2,0,0.12,4,1.0,EPA,kyle
ensemble_document_labeler,codebook_no_examples_with_checklist,new_gold_test_only,new_gold,weighted_models_optimized,12,1,11,4,0.5833333333333334,0.0,0.0,0.0,0.6363636363636364,0.09090909090909094,,7,4,1,0,0.12,12,1.0,EPA,prerana
ensemble_document_labeler,codebook_no_examples_with_checklist,new_gold_test_only,new_gold,weighted_models_optimized,27,21,6,27,0.7777777777777778,1.0,0.7777777777777778,0.875,0.0,0.5476190476190476,,0,6,0,21,0.12,28,0.9642857142857143,ERP Report,anmol
ensemble_document_labeler,codebook_no_examples_with_checklist,new_gold_test_only,new_gold,weighted_models_optimized,3,3,0,3,1.0,1.0,1.0,1.0,,,single_reference_class,0,0,0,3,0.12,3,1.0,GAO,anmol
ensemble_document_labeler,codebook_no_examples_with_checklist,new_gold_test_only,new_gold,weighted_models_optimized,4,3,1,3,0.5,0.6666666666666666,0.6666666666666666,0.6666666666666666,0.0,0.3333333333333333,,0,1,1,2,0.12,4,1.0,GAO,kyle
ensemble_document_labeler,codebook_no_examples_with_checklist,new_gold_test_only,new_gold,weighted_models_optimized,9,5,4,7,0.7777777777777778,1.0,0.7142857142857143,0.8333333333333334,0.5,1.0,,2,2,0,5,0.12,9,1.0,Hurricane Katrina,anmol
ensemble_document_labeler,codebook_no_examples_with_checklist,new_gold_test_only,new_gold,weighted_models_optimized,2,0,2,1,0.5,0.0,0.0,0.0,0.5,,single_reference_class,1,1,0,0,0.12,2,1.0,Hurricane Katrina,unassigned_human_labeler
ensemble_document_labeler,codebook_no_examples_with_checklist,new_gold_test_only,new_gold,weighted_models_optimized,7,7,0,7,1.0,1.0,1.0,1.0,,,single_reference_class,0,0,0,7,0.12,7,1.0,PAR,anmol
ensemble_document_labeler,codebook_no_examples_with_checklist,new_gold_test_only,new_gold,weighted_models_optimized,1,1,0,1,1.0,1.0,1.0,1.0,,,single_reference_class,0,0,0,1,0.12,1,1.0,PAR,prerana
ensemble_document_labeler,codebook_no_examples_with_checklist,new_gold_test_only__drop_kyle_only,new_gold,weighted_models_optimized,6,2,4,6,0.3333333333333333,1.0,0.3333333333333333,0.5,0.0,1.0,,0,4,0,2,0.12,6,1.0,EPA,anmol
ensemble_document_labeler,codebook_no_examples_with_checklist,new_gold_test_only__drop_kyle_only,new_gold,weighted_models_optimized,12,1,11,4,0.5833333333333334,0.0,0.0,0.0,0.6363636363636364,0.09090909090909094,,7,4,1,0,0.12,12,1.0,EPA,prerana
ensemble_document_labeler,codebook_no_examples_with_checklist,new_gold_test_only__drop_kyle_only,new_gold,weighted_models_optimized,27,21,6,27,0.7777777777777778,1.0,0.7777777777777778,0.875,0.0,0.5476190476190476,,0,6,0,21,0.12,28,0.9642857142857143,ERP Report,anmol
ensemble_document_labeler,codebook_no_examples_with_checklist,new_gold_test_only__drop_kyle_only,new_gold,weighted_models_optimized,3,3,0,3,1.0,1.0,1.0,1.0,,,single_reference_class,0,0,0,3,0.12,3,1.0,GAO,anmol
ensemble_document_labeler,codebook_no_examples_with_checklist,new_gold_test_only__drop_kyle_only,new_gold,weighted_models_optimized,9,5,4,7,0.7777777777777778,1.0,0.7142857142857143,0.8333333333333334,0.5,1.0,,2,2,0,5,0.12,9,1.0,Hurricane Katrina,anmol
ensemble_document_labeler,codebook_no_examples_with_checklist,new_gold_test_only__drop_kyle_only,new_gold,weighted_models_optimized,2,0,2,1,0.5,0.0,0.0,0.0,0.5,,single_reference_class,1,1,0,0,0.12,2,1.0,Hurricane Katrina,unassigned_human_labeler
ensemble_document_labeler,codebook_no_examples_with_checklist,new_gold_test_only__drop_kyle_only,new_gold,weighted_models_optimized,7,7,0,7,1.0,1.0,1.0,1.0,,,single_reference_class,0,0,0,7,0.12,7,1.0,PAR,anmol
ensemble_document_labeler,codebook_no_examples_with_checklist,new_gold_test_only__drop_kyle_only,new_gold,weighted_models_optimized,1,1,0,1,1.0,1.0,1.0,1.0,,,single_reference_class,0,0,0,1,0.12,1,1.0,PAR,prerana
ensemble_document_labeler,codebook_no_examples_with_checklist,old_gold_test_only,old_gold,weighted_models_optimized,6,2,4,6,0.3333333333333333,1.0,0.3333333333333333,0.5,0.0,1.0,,0,4,0,2,0.07,6,1.0,EPA,anmol
ensemble_document_labeler,codebook_no_examples_with_checklist,old_gold_test_only,old_gold,weighted_models_optimized,4,2,2,1,0.25,0.0,0.0,0.0,0.5,0.0,,1,1,2,0,0.07,4,1.0,EPA,kyle
ensemble_document_labeler,codebook_no_examples_with_checklist,old_gold_test_only,old_gold,weighted_models_optimized,12,9,3,10,0.9166666666666666,1.0,0.9,0.9473684210526315,0.6666666666666666,0.8148148148148149,,2,1,0,9,0.07,12,1.0,EPA,prerana
ensemble_document_labeler,codebook_no_examples_with_checklist,old_gold_test_only,old_gold,weighted_models_optimized,27,21,6,27,0.7777777777777778,1.0,0.7777777777777778,0.875,0.0,0.5158730158730159,,0,6,0,21,0.07,28,0.9642857142857143,ERP Report,anmol
ensemble_document_labeler,codebook_no_examples_with_checklist,old_gold_test_only,old_gold,weighted_models_optimized,3,3,0,3,1.0,1.0,1.0,1.0,,,single_reference_class,0,0,0,3,0.07,3,1.0,GAO,anmol
ensemble_document_labeler,codebook_no_examples_with_checklist,old_gold_test_only,old_gold,weighted_models_optimized,4,3,1,3,0.5,0.6666666666666666,0.6666666666666666,0.6666666666666666,0.0,0.3333333333333333,,0,1,1,2,0.07,4,1.0,GAO,kyle
ensemble_document_labeler,codebook_no_examples_with_checklist,old_gold_test_only,old_gold,weighted_models_optimized,9,5,4,8,0.6666666666666666,1.0,0.625,0.7692307692307693,0.25,1.0,,1,3,0,5,0.07,9,1.0,Hurricane Katrina,anmol
ensemble_document_labeler,codebook_no_examples_with_checklist,old_gold_test_only,old_gold,weighted_models_optimized,2,0,2,1,0.5,0.0,0.0,0.0,0.5,,single_reference_class,1,1,0,0,0.07,2,1.0,Hurricane Katrina,unassigned_human_labeler
ensemble_document_labeler,codebook_no_examples_with_checklist,old_gold_test_only,old_gold,weighted_models_optimized,7,7,0,7,1.0,1.0,1.0,1.0,,,single_reference_class,0,0,0,7,0.07,7,1.0,PAR,anmol
ensemble_document_labeler,codebook_no_examples_with_checklist,old_gold_test_only,old_gold,weighted_models_optimized,1,1,0,1,1.0,1.0,1.0,1.0,,,single_reference_class,0,0,0,1,0.07,1,1.0,PAR,prerana
ensemble_document_labeler,codebook_no_examples_with_checklist,old_gold_test_only__drop_kyle_only,old_gold,weighted_models_optimized,6,2,4,6,0.3333333333333333,1.0,0.3333333333333333,0.5,0.0,1.0,,0,4,0,2,0.07,6,1.0,EPA,anmol
ensemble_document_labeler,codebook_no_examples_with_checklist,old_gold_test_only__drop_kyle_only,old_gold,weighted_models_optimized,12,9,3,10,0.9166666666666666,1.0,0.9,0.9473684210526315,0.6666666666666666,0.8148148148148149,,2,1,0,9,0.07,12,1.0,EPA,prerana
ensemble_document_labeler,codebook_no_examples_with_checklist,old_gold_test_only__drop_kyle_only,old_gold,weighted_models_optimized,27,21,6,27,0.7777777777777778,1.0,0.7777777777777778,0.875,0.0,0.5158730158730159,,0,6,0,21,0.07,28,0.9642857142857143,ERP Report,anmol
ensemble_document_labeler,codebook_no_examples_with_checklist,old_gold_test_only__drop_kyle_only,old_gold,weighted_models_optimized,3,3,0,3,1.0,1.0,1.0,1.0,,,single_reference_class,0,0,0,3,0.07,3,1.0,GAO,anmol
ensemble_document_labeler,codebook_no_examples_with_checklist,old_gold_test_only__drop_kyle_only,old_gold,weighted_models_optimized,9,5,4,8,0.6666666666666666,1.0,0.625,0.7692307692307693,0.25,1.0,,1,3,0,5,0.07,9,1.0,Hurricane Katrina,anmol
ensemble_document_labeler,codebook_no_examples_with_checklist,old_gold_test_only__drop_kyle_only,old_gold,weighted_models_optimized,2,0,2,1,0.5,0.0,0.0,0.0,0.5,,single_reference_class,1,1,0,0,0.07,2,1.0,Hurricane Katrina,unassigned_human_labeler
ensemble_document_labeler,codebook_no_examples_with_checklist,old_gold_test_only__drop_kyle_only,old_gold,weighted_models_optimized,7,7,0,7,1.0,1.0,1.0,1.0,,,single_reference_class,0,0,0,7,0.07,7,1.0,PAR,anmol
ensemble_document_labeler,codebook_no_examples_with_checklist,old_gold_test_only__drop_kyle_only,old_gold,weighted_models_optimized,1,1,0,1,1.0,1.0,1.0,1.0,,,single_reference_class,0,0,0,1,0.07,1,1.0,PAR,prerana
ensemble_document_labeler,codebook_with_examples_no_checklist,all_paragraphs_new_gold_unlabeled_no,full_corpus_assumed_negative,weighted_models_optimized,6,2,4,4,0.6666666666666666,1.0,0.5,0.6666666666666666,0.5,0.875,,2,2,0,2,0.19,6,1.0,EPA,anmol
ensemble_document_labeler,codebook_with_examples_no_checklist,all_paragraphs_new_gold_unlabeled_no,full_corpus_assumed_negative,weighted_models_optimized,4,2,2,0,0.5,0.0,0.0,0.0,1.0,0.0,,2,0,2,0,0.19,4,1.0,EPA,kyle
ensemble_document_labeler,codebook_with_examples_no_checklist,all_paragraphs_new_gold_unlabeled_no,full_corpus_assumed_negative,weighted_models_optimized,12,1,11,3,0.6666666666666666,0.0,0.0,0.0,0.7272727272727273,0.4545454545454546,,8,3,1,0,0.19,12,1.0,EPA,prerana
ensemble_document_labeler,codebook_with_examples_no_checklist,all_paragraphs_new_gold_unlabeled_no,full_corpus_assumed_negative,weighted_models_optimized,28,22,6,24,0.7142857142857143,0.8636363636363636,0.7916666666666666,0.8260869565217391,0.16666666666666666,0.5113636363636365,,1,5,3,19,0.19,28,1.0,ERP Report,anmol
ensemble_document_labeler,codebook_with_examples_no_checklist,all_paragraphs_new_gold_unlabeled_no,full_corpus_assumed_negative,weighted_models_optimized,3,3,0,3,1.0,1.0,1.0,1.0,,,single_reference_class,0,0,0,3,0.19,3,1.0,GAO,anmol
ensemble_document_labeler,codebook_with_examples_no_checklist,all_paragraphs_new_gold_unlabeled_no,full_corpus_assumed_negative,weighted_models_optimized,4,3,1,2,0.75,0.6666666666666666,1.0,0.8,1.0,0.6666666666666666,,1,0,1,2,0.19,4,1.0,GAO,kyle
ensemble_document_labeler,codebook_with_examples_no_checklist,all_paragraphs_new_gold_unlabeled_no,full_corpus_assumed_negative,weighted_models_optimized,9,5,4,8,0.6666666666666666,1.0,0.625,0.7692307692307693,0.25,0.6,,1,3,0,5,0.19,9,1.0,Hurricane Katrina,anmol
ensemble_document_labeler,codebook_with_examples_no_checklist,all_paragraphs_new_gold_unlabeled_no,full_corpus_assumed_negative,weighted_models_optimized,2,0,2,0,1.0,0.0,0.0,0.0,1.0,,single_reference_class,2,0,0,0,0.19,2,1.0,Hurricane Katrina,unassigned_human_labeler
ensemble_document_labeler,codebook_with_examples_no_checklist,all_paragraphs_new_gold_unlabeled_no,full_corpus_assumed_negative,weighted_models_optimized,7,7,0,5,0.7142857142857143,0.7142857142857143,1.0,0.8333333333333334,,,single_reference_class,0,0,2,5,0.19,7,1.0,PAR,anmol
ensemble_document_labeler,codebook_with_examples_no_checklist,all_paragraphs_new_gold_unlabeled_no,full_corpus_assumed_negative,weighted_models_optimized,1,1,0,1,1.0,1.0,1.0,1.0,,,single_reference_class,0,0,0,1,0.19,1,1.0,PAR,prerana
ensemble_document_labeler,codebook_with_examples_no_checklist,all_paragraphs_new_gold_unlabeled_no__drop_kyle_only,full_corpus_assumed_negative,weighted_models_optimized,6,2,4,4,0.6666666666666666,1.0,0.5,0.6666666666666666,0.5,0.875,,2,2,0,2,0.19,6,1.0,EPA,anmol
ensemble_document_labeler,codebook_with_examples_no_checklist,all_paragraphs_new_gold_unlabeled_no__drop_kyle_only,full_corpus_assumed_negative,weighted_models_optimized,12,1,11,3,0.6666666666666666,0.0,0.0,0.0,0.7272727272727273,0.4545454545454546,,8,3,1,0,0.19,12,1.0,EPA,prerana
ensemble_document_labeler,codebook_with_examples_no_checklist,all_paragraphs_new_gold_unlabeled_no__drop_kyle_only,full_corpus_assumed_negative,weighted_models_optimized,28,22,6,24,0.7142857142857143,0.8636363636363636,0.7916666666666666,0.8260869565217391,0.16666666666666666,0.5113636363636365,,1,5,3,19,0.19,28,1.0,ERP Report,anmol
ensemble_document_labeler,codebook_with_examples_no_checklist,all_paragraphs_new_gold_unlabeled_no__drop_kyle_only,full_corpus_assumed_negative,weighted_models_optimized,3,3,0,3,1.0,1.0,1.0,1.0,,,single_reference_class,0,0,0,3,0.19,3,1.0,GAO,anmol
ensemble_document_labeler,codebook_with_examples_no_checklist,all_paragraphs_new_gold_unlabeled_no__drop_kyle_only,full_corpus_assumed_negative,weighted_models_optimized,9,5,4,8,0.6666666666666666,1.0,0.625,0.7692307692307693,0.25,0.6,,1,3,0,5,0.19,9,1.0,Hurricane Katrina,anmol
ensemble_document_labeler,codebook_with_examples_no_checklist,all_paragraphs_new_gold_unlabeled_no__drop_kyle_only,full_corpus_assumed_negative,weighted_models_optimized,2,0,2,0,1.0,0.0,0.0,0.0,1.0,,single_reference_class,2,0,0,0,0.19,2,1.0,Hurricane Katrina,unassigned_human_labeler
ensemble_document_labeler,codebook_with_examples_no_checklist,all_paragraphs_new_gold_unlabeled_no__drop_kyle_only,full_corpus_assumed_negative,weighted_models_optimized,7,7,0,5,0.7142857142857143,0.7142857142857143,1.0,0.8333333333333334,,,single_reference_class,0,0,2,5,0.19,7,1.0,PAR,anmol
ensemble_document_labeler,codebook_with_examples_no_checklist,all_paragraphs_new_gold_unlabeled_no__drop_kyle_only,full_corpus_assumed_negative,weighted_models_optimized,1,1,0,1,1.0,1.0,1.0,1.0,,,single_reference_class,0,0,0,1,0.19,1,1.0,PAR,prerana
ensemble_document_labeler,codebook_with_examples_no_checklist,new_gold_test_only,new_gold,weighted_models_optimized,6,2,4,4,0.6666666666666666,1.0,0.5,0.6666666666666666,0.5,0.875,,2,2,0,2,0.19,6,1.0,EPA,anmol
ensemble_document_labeler,codebook_with_examples_no_checklist,new_gold_test_only,new_gold,weighted_models_optimized,4,2,2,0,0.5,0.0,0.0,0.0,1.0,0.0,,2,0,2,0,0.19,4,1.0,EPA,kyle
ensemble_document_labeler,codebook_with_examples_no_checklist,new_gold_test_only,new_gold,weighted_models_optimized,12,1,11,3,0.6666666666666666,0.0,0.0,0.0,0.7272727272727273,0.4545454545454546,,8,3,1,0,0.19,12,1.0,EPA,prerana
ensemble_document_labeler,codebook_with_examples_no_checklist,new_gold_test_only,new_gold,weighted_models_optimized,28,22,6,24,0.7142857142857143,0.8636363636363636,0.7916666666666666,0.8260869565217391,0.16666666666666666,0.5113636363636365,,1,5,3,19,0.19,28,1.0,ERP Report,anmol
ensemble_document_labeler,codebook_with_examples_no_checklist,new_gold_test_only,new_gold,weighted_models_optimized,3,3,0,3,1.0,1.0,1.0,1.0,,,single_reference_class,0,0,0,3,0.19,3,1.0,GAO,anmol
ensemble_document_labeler,codebook_with_examples_no_checklist,new_gold_test_only,new_gold,weighted_models_optimized,4,3,1,2,0.75,0.6666666666666666,1.0,0.8,1.0,0.6666666666666666,,1,0,1,2,0.19,4,1.0,GAO,kyle
ensemble_document_labeler,codebook_with_examples_no_checklist,new_gold_test_only,new_gold,weighted_models_optimized,9,5,4,8,0.6666666666666666,1.0,0.625,0.7692307692307693,0.25,0.6,,1,3,0,5,0.19,9,1.0,Hurricane Katrina,anmol
ensemble_document_labeler,codebook_with_examples_no_checklist,new_gold_test_only,new_gold,weighted_models_optimized,2,0,2,0,1.0,0.0,0.0,0.0,1.0,,single_reference_class,2,0,0,0,0.19,2,1.0,Hurricane Katrina,unassigned_human_labeler
ensemble_document_labeler,codebook_with_examples_no_checklist,new_gold_test_only,new_gold,weighted_models_optimized,7,7,0,5,0.7142857142857143,0.7142857142857143,1.0,0.8333333333333334,,,single_reference_class,0,0,2,5,0.19,7,1.0,PAR,anmol
ensemble_document_labeler,codebook_with_examples_no_checklist,new_gold_test_only,new_gold,weighted_models_optimized,1,1,0,1,1.0,1.0,1.0,1.0,,,single_reference_class,0,0,0,1,0.19,1,1.0,PAR,prerana
ensemble_document_labeler,codebook_with_examples_no_checklist,new_gold_test_only__drop_kyle_only,new_gold,weighted_models_optimized,6,2,4,4,0.6666666666666666,1.0,0.5,0.6666666666666666,0.5,0.875,,2,2,0,2,0.19,6,1.0,EPA,anmol
ensemble_document_labeler,codebook_with_examples_no_checklist,new_gold_test_only__drop_kyle_only,new_gold,weighted_models_optimized,12,1,11,3,0.6666666666666666,0.0,0.0,0.0,0.7272727272727273,0.4545454545454546,,8,3,1,0,0.19,12,1.0,EPA,prerana
ensemble_document_labeler,codebook_with_examples_no_checklist,new_gold_test_only__drop_kyle_only,new_gold,weighted_models_optimized,28,22,6,24,0.7142857142857143,0.8636363636363636,0.7916666666666666,0.8260869565217391,0.16666666666666666,0.5113636363636365,,1,5,3,19,0.19,28,1.0,ERP Report,anmol
ensemble_document_labeler,codebook_with_examples_no_checklist,new_gold_test_only__drop_kyle_only,new_gold,weighted_models_optimized,3,3,0,3,1.0,1.0,1.0,1.0,,,single_reference_class,0,0,0,3,0.19,3,1.0,GAO,anmol
ensemble_document_labeler,codebook_with_examples_no_checklist,new_gold_test_only__drop_kyle_only,new_gold,weighted_models_optimized,9,5,4,8,0.6666666666666666,1.0,0.625,0.7692307692307693,0.25,0.6,,1,3,0,5,0.19,9,1.0,Hurricane Katrina,anmol
ensemble_document_labeler,codebook_with_examples_no_checklist,new_gold_test_only__drop_kyle_only,new_gold,weighted_models_optimized,2,0,2,0,1.0,0.0,0.0,0.0,1.0,,single_reference_class,2,0,0,0,0.19,2,1.0,Hurricane Katrina,unassigned_human_labeler
ensemble_document_labeler,codebook_with_examples_no_checklist,new_gold_test_only__drop_kyle_only,new_gold,weighted_models_optimized,7,7,0,5,0.7142857142857143,0.7142857142857143,1.0,0.8333333333333334,,,single_reference_class,0,0,2,5,0.19,7,1.0,PAR,anmol
ensemble_document_labeler,codebook_with_examples_no_checklist,new_gold_test_only__drop_kyle_only,new_gold,weighted_models_optimized,1,1,0,1,1.0,1.0,1.0,1.0,,,single_reference_class,0,0,0,1,0.19,1,1.0,PAR,prerana
ensemble_document_labeler,codebook_with_examples_no_checklist,old_gold_test_only,old_gold,weighted_models_optimized,6,2,4,6,0.3333333333333333,1.0,0.3333333333333333,0.5,0.0,1.0,,0,4,0,2,0.05,6,1.0,EPA,anmol
ensemble_document_labeler,codebook_with_examples_no_checklist,old_gold_test_only,old_gold,weighted_models_optimized,4,2,2,4,0.5,1.0,0.5,0.6666666666666666,0.0,0.0,,0,2,0,2,0.05,4,1.0,EPA,kyle
ensemble_document_labeler,codebook_with_examples_no_checklist,old_gold_test_only,old_gold,weighted_models_optimized,12,9,3,12,0.75,1.0,0.75,0.8571428571428571,0.0,0.7777777777777778,,0,3,0,9,0.05,12,1.0,EPA,prerana
ensemble_document_labeler,codebook_with_examples_no_checklist,old_gold_test_only,old_gold,weighted_models_optimized,28,22,6,28,0.7857142857142857,1.0,0.7857142857142857,0.88,0.0,0.5492424242424243,,0,6,0,22,0.05,28,1.0,ERP Report,anmol
ensemble_document_labeler,codebook_with_examples_no_checklist,old_gold_test_only,old_gold,weighted_models_optimized,3,3,0,3,1.0,1.0,1.0,1.0,,,single_reference_class,0,0,0,3,0.05,3,1.0,GAO,anmol
ensemble_document_labeler,codebook_with_examples_no_checklist,old_gold_test_only,old_gold,weighted_models_optimized,4,3,1,4,0.75,1.0,0.75,0.8571428571428571,0.0,0.6666666666666666,,0,1,0,3,0.05,4,1.0,GAO,kyle
ensemble_document_labeler,codebook_with_examples_no_checklist,old_gold_test_only,old_gold,weighted_models_optimized,9,5,4,9,0.5555555555555556,1.0,0.5555555555555556,0.7142857142857143,0.0,0.5499999999999999,,0,4,0,5,0.05,9,1.0,Hurricane Katrina,anmol
ensemble_document_labeler,codebook_with_examples_no_checklist,old_gold_test_only,old_gold,weighted_models_optimized,2,0,2,2,0.0,0.0,0.0,0.0,0.0,,single_reference_class,0,2,0,0,0.05,2,1.0,Hurricane Katrina,unassigned_human_labeler
ensemble_document_labeler,codebook_with_examples_no_checklist,old_gold_test_only,old_gold,weighted_models_optimized,7,7,0,7,1.0,1.0,1.0,1.0,,,single_reference_class,0,0,0,7,0.05,7,1.0,PAR,anmol
ensemble_document_labeler,codebook_with_examples_no_checklist,old_gold_test_only,old_gold,weighted_models_optimized,1,1,0,1,1.0,1.0,1.0,1.0,,,single_reference_class,0,0,0,1,0.05,1,1.0,PAR,prerana
ensemble_document_labeler,codebook_with_examples_no_checklist,old_gold_test_only__drop_kyle_only,old_gold,weighted_models_optimized,6,2,4,6,0.3333333333333333,1.0,0.3333333333333333,0.5,0.0,1.0,,0,4,0,2,0.1,6,1.0,EPA,anmol
ensemble_document_labeler,codebook_with_examples_no_checklist,old_gold_test_only__drop_kyle_only,old_gold,weighted_models_optimized,12,9,3,8,0.9166666666666666,0.8888888888888888,1.0,0.9411764705882353,1.0,0.8888888888888888,,3,0,1,8,0.1,12,1.0,EPA,prerana
ensemble_document_labeler,codebook_with_examples_no_checklist,old_gold_test_only__drop_kyle_only,old_gold,weighted_models_optimized,28,22,6,26,0.7857142857142857,0.9545454545454546,0.8076923076923077,0.875,0.16666666666666666,0.5340909090909091,,1,5,1,21,0.1,28,1.0,ERP Report,anmol
ensemble_document_labeler,codebook_with_examples_no_checklist,old_gold_test_only__drop_kyle_only,old_gold,weighted_models_optimized,3,3,0,3,1.0,1.0,1.0,1.0,,,single_reference_class,0,0,0,3,0.1,3,1.0,GAO,anmol
ensemble_document_labeler,codebook_with_examples_no_checklist,old_gold_test_only__drop_kyle_only,old_gold,weighted_models_optimized,9,5,4,9,0.5555555555555556,1.0,0.5555555555555556,0.7142857142857143,0.0,0.85,,0,4,0,5,0.1,9,1.0,Hurricane Katrina,anmol
ensemble_document_labeler,codebook_with_examples_no_checklist,old_gold_test_only__drop_kyle_only,old_gold,weighted_models_optimized,2,0,2,2,0.0,0.0,0.0,0.0,0.0,,single_reference_class,0,2,0,0,0.1,2,1.0,Hurricane Katrina,unassigned_human_labeler
ensemble_document_labeler,codebook_with_examples_no_checklist,old_gold_test_only__drop_kyle_only,old_gold,weighted_models_optimized,7,7,0,7,1.0,1.0,1.0,1.0,,,single_reference_class,0,0,0,7,0.1,7,1.0,PAR,anmol
ensemble_document_labeler,codebook_with_examples_no_checklist,old_gold_test_only__drop_kyle_only,old_gold,weighted_models_optimized,1,1,0,1,1.0,1.0,1.0,1.0,,,single_reference_class,0,0,0,1,0.1,1,1.0,PAR,prerana
ensemble_document_labeler,codebook_with_examples_with_checklist,all_paragraphs_new_gold_unlabeled_no,full_corpus_assumed_negative,weighted_models_optimized,6,2,4,5,0.5,1.0,0.4,0.5714285714285714,0.25,1.0,,1,3,0,2,0.1,6,1.0,EPA,anmol
ensemble_document_labeler,codebook_with_examples_with_checklist,all_paragraphs_new_gold_unlabeled_no,full_corpus_assumed_negative,weighted_models_optimized,4,2,2,1,0.25,0.0,0.0,0.0,0.5,0.0,,1,1,2,0,0.1,4,1.0,EPA,kyle
ensemble_document_labeler,codebook_with_examples_with_checklist,all_paragraphs_new_gold_unlabeled_no,full_corpus_assumed_negative,weighted_models_optimized,12,1,11,6,0.5833333333333334,1.0,0.16666666666666666,0.2857142857142857,0.5454545454545454,0.6363636363636364,,6,5,0,1,0.1,12,1.0,EPA,prerana
ensemble_document_labeler,codebook_with_examples_with_checklist,all_paragraphs_new_gold_unlabeled_no,full_corpus_assumed_negative,weighted_models_optimized,26,20,6,23,0.8076923076923077,0.95,0.8260869565217391,0.8837209302325582,0.3333333333333333,0.45833333333333337,,2,4,1,19,0.1,28,0.9285714285714286,ERP Report,anmol
ensemble_document_labeler,codebook_with_examples_with_checklist,all_paragraphs_new_gold_unlabeled_no,full_corpus_assumed_negative,weighted_models_optimized,3,3,0,3,1.0,1.0,1.0,1.0,,,single_reference_class,0,0,0,3,0.1,3,1.0,GAO,anmol
ensemble_document_labeler,codebook_with_examples_with_checklist,all_paragraphs_new_gold_unlabeled_no,full_corpus_assumed_negative,weighted_models_optimized,4,3,1,3,0.5,0.6666666666666666,0.6666666666666666,0.6666666666666666,0.0,0.6666666666666666,,0,1,1,2,0.1,4,1.0,GAO,kyle
ensemble_document_labeler,codebook_with_examples_with_checklist,all_paragraphs_new_gold_unlabeled_no,full_corpus_assumed_negative,weighted_models_optimized,9,5,4,8,0.6666666666666666,1.0,0.625,0.7692307692307693,0.25,0.9,,1,3,0,5,0.1,9,1.0,Hurricane Katrina,anmol
ensemble_document_labeler,codebook_with_examples_with_checklist,all_paragraphs_new_gold_unlabeled_no,full_corpus_assumed_negative,weighted_models_optimized,2,0,2,1,0.5,0.0,0.0,0.0,0.5,,single_reference_class,1,1,0,0,0.1,2,1.0,Hurricane Katrina,unassigned_human_labeler
ensemble_document_labeler,codebook_with_examples_with_checklist,all_paragraphs_new_gold_unlabeled_no,full_corpus_assumed_negative,weighted_models_optimized,7,7,0,7,1.0,1.0,1.0,1.0,,,single_reference_class,0,0,0,7,0.1,7,1.0,PAR,anmol
ensemble_document_labeler,codebook_with_examples_with_checklist,all_paragraphs_new_gold_unlabeled_no,full_corpus_assumed_negative,weighted_models_optimized,1,1,0,1,1.0,1.0,1.0,1.0,,,single_reference_class,0,0,0,1,0.1,1,1.0,PAR,prerana
ensemble_document_labeler,codebook_with_examples_with_checklist,all_paragraphs_new_gold_unlabeled_no__drop_kyle_only,full_corpus_assumed_negative,weighted_models_optimized,6,2,4,5,0.5,1.0,0.4,0.5714285714285714,0.25,1.0,,1,3,0,2,0.1,6,1.0,EPA,anmol
ensemble_document_labeler,codebook_with_examples_with_checklist,all_paragraphs_new_gold_unlabeled_no__drop_kyle_only,full_corpus_assumed_negative,weighted_models_optimized,12,1,11,6,0.5833333333333334,1.0,0.16666666666666666,0.2857142857142857,0.5454545454545454,0.6363636363636364,,6,5,0,1,0.1,12,1.0,EPA,prerana
ensemble_document_labeler,codebook_with_examples_with_checklist,all_paragraphs_new_gold_unlabeled_no__drop_kyle_only,full_corpus_assumed_negative,weighted_models_optimized,26,20,6,23,0.8076923076923077,0.95,0.8260869565217391,0.8837209302325582,0.3333333333333333,0.45833333333333337,,2,4,1,19,0.1,28,0.9285714285714286,ERP Report,anmol
ensemble_document_labeler,codebook_with_examples_with_checklist,all_paragraphs_new_gold_unlabeled_no__drop_kyle_only,full_corpus_assumed_negative,weighted_models_optimized,3,3,0,3,1.0,1.0,1.0,1.0,,,single_reference_class,0,0,0,3,0.1,3,1.0,GAO,anmol
ensemble_document_labeler,codebook_with_examples_with_checklist,all_paragraphs_new_gold_unlabeled_no__drop_kyle_only,full_corpus_assumed_negative,weighted_models_optimized,9,5,4,8,0.6666666666666666,1.0,0.625,0.7692307692307693,0.25,0.9,,1,3,0,5,0.1,9,1.0,Hurricane Katrina,anmol
ensemble_document_labeler,codebook_with_examples_with_checklist,all_paragraphs_new_gold_unlabeled_no__drop_kyle_only,full_corpus_assumed_negative,weighted_models_optimized,2,0,2,1,0.5,0.0,0.0,0.0,0.5,,single_reference_class,1,1,0,0,0.1,2,1.0,Hurricane Katrina,unassigned_human_labeler
ensemble_document_labeler,codebook_with_examples_with_checklist,all_paragraphs_new_gold_unlabeled_no__drop_kyle_only,full_corpus_assumed_negative,weighted_models_optimized,7,7,0,7,1.0,1.0,1.0,1.0,,,single_reference_class,0,0,0,7,0.1,7,1.0,PAR,anmol
ensemble_document_labeler,codebook_with_examples_with_checklist,all_paragraphs_new_gold_unlabeled_no__drop_kyle_only,full_corpus_assumed_negative,weighted_models_optimized,1,1,0,1,1.0,1.0,1.0,1.0,,,single_reference_class,0,0,0,1,0.1,1,1.0,PAR,prerana
ensemble_document_labeler,codebook_with_examples_with_checklist,new_gold_test_only,new_gold,weighted_models_optimized,6,2,4,5,0.5,1.0,0.4,0.5714285714285714,0.25,1.0,,1,3,0,2,0.1,6,1.0,EPA,anmol
ensemble_document_labeler,codebook_with_examples_with_checklist,new_gold_test_only,new_gold,weighted_models_optimized,4,2,2,1,0.25,0.0,0.0,0.0,0.5,0.0,,1,1,2,0,0.1,4,1.0,EPA,kyle
ensemble_document_labeler,codebook_with_examples_with_checklist,new_gold_test_only,new_gold,weighted_models_optimized,12,1,11,6,0.5833333333333334,1.0,0.16666666666666666,0.2857142857142857,0.5454545454545454,0.6363636363636364,,6,5,0,1,0.1,12,1.0,EPA,prerana
ensemble_document_labeler,codebook_with_examples_with_checklist,new_gold_test_only,new_gold,weighted_models_optimized,26,20,6,23,0.8076923076923077,0.95,0.8260869565217391,0.8837209302325582,0.3333333333333333,0.45833333333333337,,2,4,1,19,0.1,28,0.9285714285714286,ERP Report,anmol
ensemble_document_labeler,codebook_with_examples_with_checklist,new_gold_test_only,new_gold,weighted_models_optimized,3,3,0,3,1.0,1.0,1.0,1.0,,,single_reference_class,0,0,0,3,0.1,3,1.0,GAO,anmol
ensemble_document_labeler,codebook_with_examples_with_checklist,new_gold_test_only,new_gold,weighted_models_optimized,4,3,1,3,0.5,0.6666666666666666,0.6666666666666666,0.6666666666666666,0.0,0.6666666666666666,,0,1,1,2,0.1,4,1.0,GAO,kyle
ensemble_document_labeler,codebook_with_examples_with_checklist,new_gold_test_only,new_gold,weighted_models_optimized,9,5,4,8,0.6666666666666666,1.0,0.625,0.7692307692307693,0.25,0.9,,1,3,0,5,0.1,9,1.0,Hurricane Katrina,anmol
ensemble_document_labeler,codebook_with_examples_with_checklist,new_gold_test_only,new_gold,weighted_models_optimized,2,0,2,1,0.5,0.0,0.0,0.0,0.5,,single_reference_class,1,1,0,0,0.1,2,1.0,Hurricane Katrina,unassigned_human_labeler
ensemble_document_labeler,codebook_with_examples_with_checklist,new_gold_test_only,new_gold,weighted_models_optimized,7,7,0,7,1.0,1.0,1.0,1.0,,,single_reference_class,0,0,0,7,0.1,7,1.0,PAR,anmol
ensemble_document_labeler,codebook_with_examples_with_checklist,new_gold_test_only,new_gold,weighted_models_optimized,1,1,0,1,1.0,1.0,1.0,1.0,,,single_reference_class,0,0,0,1,0.1,1,1.0,PAR,prerana
ensemble_document_labeler,codebook_with_examples_with_checklist,new_gold_test_only__drop_kyle_only,new_gold,weighted_models_optimized,6,2,4,5,0.5,1.0,0.4,0.5714285714285714,0.25,1.0,,1,3,0,2,0.1,6,1.0,EPA,anmol
ensemble_document_labeler,codebook_with_examples_with_checklist,new_gold_test_only__drop_kyle_only,new_gold,weighted_models_optimized,12,1,11,6,0.5833333333333334,1.0,0.16666666666666666,0.2857142857142857,0.5454545454545454,0.6363636363636364,,6,5,0,1,0.1,12,1.0,EPA,prerana
ensemble_document_labeler,codebook_with_examples_with_checklist,new_gold_test_only__drop_kyle_only,new_gold,weighted_models_optimized,26,20,6,23,0.8076923076923077,0.95,0.8260869565217391,0.8837209302325582,0.3333333333333333,0.45833333333333337,,2,4,1,19,0.1,28,0.9285714285714286,ERP Report,anmol
ensemble_document_labeler,codebook_with_examples_with_checklist,new_gold_test_only__drop_kyle_only,new_gold,weighted_models_optimized,3,3,0,3,1.0,1.0,1.0,1.0,,,single_reference_class,0,0,0,3,0.1,3,1.0,GAO,anmol
ensemble_document_labeler,codebook_with_examples_with_checklist,new_gold_test_only__drop_kyle_only,new_gold,weighted_models_optimized,9,5,4,8,0.6666666666666666,1.0,0.625,0.7692307692307693,0.25,0.9,,1,3,0,5,0.1,9,1.0,Hurricane Katrina,anmol
ensemble_document_labeler,codebook_with_examples_with_checklist,new_gold_test_only__drop_kyle_only,new_gold,weighted_models_optimized,2,0,2,1,0.5,0.0,0.0,0.0,0.5,,single_reference_class,1,1,0,0,0.1,2,1.0,Hurricane Katrina,unassigned_human_labeler
ensemble_document_labeler,codebook_with_examples_with_checklist,new_gold_test_only__drop_kyle_only,new_gold,weighted_models_optimized,7,7,0,7,1.0,1.0,1.0,1.0,,,single_reference_class,0,0,0,7,0.1,7,1.0,PAR,anmol
ensemble_document_labeler,codebook_with_examples_with_checklist,new_gold_test_only__drop_kyle_only,new_gold,weighted_models_optimized,1,1,0,1,1.0,1.0,1.0,1.0,,,single_reference_class,0,0,0,1,0.1,1,1.0,PAR,prerana
ensemble_document_labeler,codebook_with_examples_with_checklist,old_gold_test_only,old_gold,weighted_models_optimized,6,2,4,6,0.3333333333333333,1.0,0.3333333333333333,0.5,0.0,1.0,,0,4,0,2,0.05,6,1.0,EPA,anmol
ensemble_document_labeler,codebook_with_examples_with_checklist,old_gold_test_only,old_gold,weighted_models_optimized,4,2,2,4,0.5,1.0,0.5,0.6666666666666666,0.0,0.125,,0,2,0,2,0.05,4,1.0,EPA,kyle
ensemble_document_labeler,codebook_with_examples_with_checklist,old_gold_test_only,old_gold,weighted_models_optimized,12,9,3,12,0.75,1.0,0.75,0.8571428571428571,0.0,0.7037037037037037,,0,3,0,9,0.05,12,1.0,EPA,prerana
ensemble_document_labeler,codebook_with_examples_with_checklist,old_gold_test_only,old_gold,weighted_models_optimized,26,20,6,26,0.7692307692307693,1.0,0.7692307692307693,0.8695652173913043,0.0,0.5208333333333334,,0,6,0,20,0.05,28,0.9285714285714286,ERP Report,anmol
ensemble_document_labeler,codebook_with_examples_with_checklist,old_gold_test_only,old_gold,weighted_models_optimized,3,3,0,3,1.0,1.0,1.0,1.0,,,single_reference_class,0,0,0,3,0.05,3,1.0,GAO,anmol
ensemble_document_labeler,codebook_with_examples_with_checklist,old_gold_test_only,old_gold,weighted_models_optimized,4,3,1,4,0.75,1.0,0.75,0.8571428571428571,0.0,0.6666666666666666,,0,1,0,3,0.05,4,1.0,GAO,kyle
ensemble_document_labeler,codebook_with_examples_with_checklist,old_gold_test_only,old_gold,weighted_models_optimized,9,5,4,9,0.5555555555555556,1.0,0.5555555555555556,0.7142857142857143,0.0,0.7,,0,4,0,5,0.05,9,1.0,Hurricane Katrina,anmol
ensemble_document_labeler,codebook_with_examples_with_checklist,old_gold_test_only,old_gold,weighted_models_optimized,2,0,2,2,0.0,0.0,0.0,0.0,0.0,,single_reference_class,0,2,0,0,0.05,2,1.0,Hurricane Katrina,unassigned_human_labeler
ensemble_document_labeler,codebook_with_examples_with_checklist,old_gold_test_only,old_gold,weighted_models_optimized,7,7,0,7,1.0,1.0,1.0,1.0,,,single_reference_class,0,0,0,7,0.05,7,1.0,PAR,anmol
ensemble_document_labeler,codebook_with_examples_with_checklist,old_gold_test_only,old_gold,weighted_models_optimized,1,1,0,1,1.0,1.0,1.0,1.0,,,single_reference_class,0,0,0,1,0.05,1,1.0,PAR,prerana
ensemble_document_labeler,codebook_with_examples_with_checklist,old_gold_test_only__drop_kyle_only,old_gold,weighted_models_optimized,6,2,4,6,0.3333333333333333,1.0,0.3333333333333333,0.5,0.0,1.0,,0,4,0,2,0.1,6,1.0,EPA,anmol
ensemble_document_labeler,codebook_with_examples_with_checklist,old_gold_test_only__drop_kyle_only,old_gold,weighted_models_optimized,12,9,3,8,0.75,0.7777777777777778,0.875,0.8235294117647058,0.6666666666666666,0.7222222222222222,,2,1,2,7,0.1,12,1.0,EPA,prerana
ensemble_document_labeler,codebook_with_examples_with_checklist,old_gold_test_only__drop_kyle_only,old_gold,weighted_models_optimized,26,20,6,23,0.8076923076923077,0.95,0.8260869565217391,0.8837209302325582,0.3333333333333333,0.47500000000000003,,2,4,1,19,0.1,28,0.9285714285714286,ERP Report,anmol
ensemble_document_labeler,codebook_with_examples_with_checklist,old_gold_test_only__drop_kyle_only,old_gold,weighted_models_optimized,3,3,0,3,1.0,1.0,1.0,1.0,,,single_reference_class,0,0,0,3,0.1,3,1.0,GAO,anmol
ensemble_document_labeler,codebook_with_examples_with_checklist,old_gold_test_only__drop_kyle_only,old_gold,weighted_models_optimized,9,5,4,8,0.6666666666666666,1.0,0.625,0.7692307692307693,0.25,0.8500000000000001,,1,3,0,5,0.1,9,1.0,Hurricane Katrina,anmol
ensemble_document_labeler,codebook_with_examples_with_checklist,old_gold_test_only__drop_kyle_only,old_gold,weighted_models_optimized,2,0,2,1,0.5,0.0,0.0,0.0,0.5,,single_reference_class,1,1,0,0,0.1,2,1.0,Hurricane Katrina,unassigned_human_labeler
ensemble_document_labeler,codebook_with_examples_with_checklist,old_gold_test_only__drop_kyle_only,old_gold,weighted_models_optimized,7,7,0,7,1.0,1.0,1.0,1.0,,,single_reference_class,0,0,0,7,0.1,7,1.0,PAR,anmol
ensemble_document_labeler,codebook_with_examples_with_checklist,old_gold_test_only__drop_kyle_only,old_gold,weighted_models_optimized,1,1,0,1,1.0,1.0,1.0,1.0,,,single_reference_class,0,0,0,1,0.1,1,1.0,PAR,prerana
ensemble_document_labeler,direct_target_only,all_paragraphs_new_gold_unlabeled_no,full_corpus_assumed_negative,weighted_models_optimized,6,2,4,5,0.5,1.0,0.4,0.5714285714285714,0.25,1.0,,1,3,0,2,0.12,6,1.0,EPA,anmol
ensemble_document_labeler,direct_target_only,all_paragraphs_new_gold_unlabeled_no,full_corpus_assumed_negative,weighted_models_optimized,4,2,2,3,0.25,0.5,0.3333333333333333,0.4,0.0,0.125,,0,2,1,1,0.12,4,1.0,EPA,kyle
ensemble_document_labeler,direct_target_only,all_paragraphs_new_gold_unlabeled_no,full_corpus_assumed_negative,weighted_models_optimized,12,1,11,9,0.3333333333333333,1.0,0.1111111111111111,0.2,0.2727272727272727,0.2727272727272727,,3,8,0,1,0.12,12,1.0,EPA,prerana
ensemble_document_labeler,direct_target_only,all_paragraphs_new_gold_unlabeled_no,full_corpus_assumed_negative,weighted_models_optimized,28,22,6,27,0.8214285714285714,1.0,0.8148148148148148,0.8979591836734694,0.16666666666666666,0.6742424242424242,,1,5,0,22,0.12,28,1.0,ERP Report,anmol
ensemble_document_labeler,direct_target_only,all_paragraphs_new_gold_unlabeled_no,full_corpus_assumed_negative,weighted_models_optimized,3,3,0,3,1.0,1.0,1.0,1.0,,,single_reference_class,0,0,0,3,0.12,3,1.0,GAO,anmol
ensemble_document_labeler,direct_target_only,all_paragraphs_new_gold_unlabeled_no,full_corpus_assumed_negative,weighted_models_optimized,4,3,1,3,0.5,0.6666666666666666,0.6666666666666666,0.6666666666666666,0.0,0.6666666666666666,,0,1,1,2,0.12,4,1.0,GAO,kyle
ensemble_document_labeler,direct_target_only,all_paragraphs_new_gold_unlabeled_no,full_corpus_assumed_negative,weighted_models_optimized,9,5,4,9,0.5555555555555556,1.0,0.5555555555555556,0.7142857142857143,0.0,0.9,,0,4,0,5,0.12,9,1.0,Hurricane Katrina,anmol
ensemble_document_labeler,direct_target_only,all_paragraphs_new_gold_unlabeled_no,full_corpus_assumed_negative,weighted_models_optimized,2,0,2,2,0.0,0.0,0.0,0.0,0.0,,single_reference_class,0,2,0,0,0.12,2,1.0,Hurricane Katrina,unassigned_human_labeler
ensemble_document_labeler,direct_target_only,all_paragraphs_new_gold_unlabeled_no,full_corpus_assumed_negative,weighted_models_optimized,7,7,0,7,1.0,1.0,1.0,1.0,,,single_reference_class,0,0,0,7,0.12,7,1.0,PAR,anmol
ensemble_document_labeler,direct_target_only,all_paragraphs_new_gold_unlabeled_no,full_corpus_assumed_negative,weighted_models_optimized,1,1,0,1,1.0,1.0,1.0,1.0,,,single_reference_class,0,0,0,1,0.12,1,1.0,PAR,prerana
ensemble_document_labeler,direct_target_only,all_paragraphs_new_gold_unlabeled_no__drop_kyle_only,full_corpus_assumed_negative,weighted_models_optimized,6,2,4,5,0.5,1.0,0.4,0.5714285714285714,0.25,1.0,,1,3,0,2,0.12,6,1.0,EPA,anmol
ensemble_document_labeler,direct_target_only,all_paragraphs_new_gold_unlabeled_no__drop_kyle_only,full_corpus_assumed_negative,weighted_models_optimized,12,1,11,9,0.3333333333333333,1.0,0.1111111111111111,0.2,0.2727272727272727,0.2727272727272727,,3,8,0,1,0.12,12,1.0,EPA,prerana
ensemble_document_labeler,direct_target_only,all_paragraphs_new_gold_unlabeled_no__drop_kyle_only,full_corpus_assumed_negative,weighted_models_optimized,28,22,6,27,0.8214285714285714,1.0,0.8148148148148148,0.8979591836734694,0.16666666666666666,0.6742424242424242,,1,5,0,22,0.12,28,1.0,ERP Report,anmol
ensemble_document_labeler,direct_target_only,all_paragraphs_new_gold_unlabeled_no__drop_kyle_only,full_corpus_assumed_negative,weighted_models_optimized,3,3,0,3,1.0,1.0,1.0,1.0,,,single_reference_class,0,0,0,3,0.12,3,1.0,GAO,anmol
ensemble_document_labeler,direct_target_only,all_paragraphs_new_gold_unlabeled_no__drop_kyle_only,full_corpus_assumed_negative,weighted_models_optimized,9,5,4,9,0.5555555555555556,1.0,0.5555555555555556,0.7142857142857143,0.0,0.9,,0,4,0,5,0.12,9,1.0,Hurricane Katrina,anmol
ensemble_document_labeler,direct_target_only,all_paragraphs_new_gold_unlabeled_no__drop_kyle_only,full_corpus_assumed_negative,weighted_models_optimized,2,0,2,2,0.0,0.0,0.0,0.0,0.0,,single_reference_class,0,2,0,0,0.12,2,1.0,Hurricane Katrina,unassigned_human_labeler
ensemble_document_labeler,direct_target_only,all_paragraphs_new_gold_unlabeled_no__drop_kyle_only,full_corpus_assumed_negative,weighted_models_optimized,7,7,0,7,1.0,1.0,1.0,1.0,,,single_reference_class,0,0,0,7,0.12,7,1.0,PAR,anmol
ensemble_document_labeler,direct_target_only,all_paragraphs_new_gold_unlabeled_no__drop_kyle_only,full_corpus_assumed_negative,weighted_models_optimized,1,1,0,1,1.0,1.0,1.0,1.0,,,single_reference_class,0,0,0,1,0.12,1,1.0,PAR,prerana
ensemble_document_labeler,direct_target_only,new_gold_test_only,new_gold,weighted_models_optimized,6,2,4,5,0.5,1.0,0.4,0.5714285714285714,0.25,1.0,,1,3,0,2,0.12,6,1.0,EPA,anmol
ensemble_document_labeler,direct_target_only,new_gold_test_only,new_gold,weighted_models_optimized,4,2,2,3,0.25,0.5,0.3333333333333333,0.4,0.0,0.125,,0,2,1,1,0.12,4,1.0,EPA,kyle
ensemble_document_labeler,direct_target_only,new_gold_test_only,new_gold,weighted_models_optimized,12,1,11,9,0.3333333333333333,1.0,0.1111111111111111,0.2,0.2727272727272727,0.2727272727272727,,3,8,0,1,0.12,12,1.0,EPA,prerana
ensemble_document_labeler,direct_target_only,new_gold_test_only,new_gold,weighted_models_optimized,28,22,6,27,0.8214285714285714,1.0,0.8148148148148148,0.8979591836734694,0.16666666666666666,0.6742424242424242,,1,5,0,22,0.12,28,1.0,ERP Report,anmol
ensemble_document_labeler,direct_target_only,new_gold_test_only,new_gold,weighted_models_optimized,3,3,0,3,1.0,1.0,1.0,1.0,,,single_reference_class,0,0,0,3,0.12,3,1.0,GAO,anmol
ensemble_document_labeler,direct_target_only,new_gold_test_only,new_gold,weighted_models_optimized,4,3,1,3,0.5,0.6666666666666666,0.6666666666666666,0.6666666666666666,0.0,0.6666666666666666,,0,1,1,2,0.12,4,1.0,GAO,kyle
ensemble_document_labeler,direct_target_only,new_gold_test_only,new_gold,weighted_models_optimized,9,5,4,9,0.5555555555555556,1.0,0.5555555555555556,0.7142857142857143,0.0,0.9,,0,4,0,5,0.12,9,1.0,Hurricane Katrina,anmol
ensemble_document_labeler,direct_target_only,new_gold_test_only,new_gold,weighted_models_optimized,2,0,2,2,0.0,0.0,0.0,0.0,0.0,,single_reference_class,0,2,0,0,0.12,2,1.0,Hurricane Katrina,unassigned_human_labeler
ensemble_document_labeler,direct_target_only,new_gold_test_only,new_gold,weighted_models_optimized,7,7,0,7,1.0,1.0,1.0,1.0,,,single_reference_class,0,0,0,7,0.12,7,1.0,PAR,anmol
ensemble_document_labeler,direct_target_only,new_gold_test_only,new_gold,weighted_models_optimized,1,1,0,1,1.0,1.0,1.0,1.0,,,single_reference_class,0,0,0,1,0.12,1,1.0,PAR,prerana
ensemble_document_labeler,direct_target_only,new_gold_test_only__drop_kyle_only,new_gold,weighted_models_optimized,6,2,4,5,0.5,1.0,0.4,0.5714285714285714,0.25,1.0,,1,3,0,2,0.12,6,1.0,EPA,anmol
ensemble_document_labeler,direct_target_only,new_gold_test_only__drop_kyle_only,new_gold,weighted_models_optimized,12,1,11,9,0.3333333333333333,1.0,0.1111111111111111,0.2,0.2727272727272727,0.2727272727272727,,3,8,0,1,0.12,12,1.0,EPA,prerana
ensemble_document_labeler,direct_target_only,new_gold_test_only__drop_kyle_only,new_gold,weighted_models_optimized,28,22,6,27,0.8214285714285714,1.0,0.8148148148148148,0.8979591836734694,0.16666666666666666,0.6742424242424242,,1,5,0,22,0.12,28,1.0,ERP Report,anmol
ensemble_document_labeler,direct_target_only,new_gold_test_only__drop_kyle_only,new_gold,weighted_models_optimized,3,3,0,3,1.0,1.0,1.0,1.0,,,single_reference_class,0,0,0,3,0.12,3,1.0,GAO,anmol
ensemble_document_labeler,direct_target_only,new_gold_test_only__drop_kyle_only,new_gold,weighted_models_optimized,9,5,4,9,0.5555555555555556,1.0,0.5555555555555556,0.7142857142857143,0.0,0.9,,0,4,0,5,0.12,9,1.0,Hurricane Katrina,anmol
ensemble_document_labeler,direct_target_only,new_gold_test_only__drop_kyle_only,new_gold,weighted_models_optimized,2,0,2,2,0.0,0.0,0.0,0.0,0.0,,single_reference_class,0,2,0,0,0.12,2,1.0,Hurricane Katrina,unassigned_human_labeler
ensemble_document_labeler,direct_target_only,new_gold_test_only__drop_kyle_only,new_gold,weighted_models_optimized,7,7,0,7,1.0,1.0,1.0,1.0,,,single_reference_class,0,0,0,7,0.12,7,1.0,PAR,anmol
ensemble_document_labeler,direct_target_only,new_gold_test_only__drop_kyle_only,new_gold,weighted_models_optimized,1,1,0,1,1.0,1.0,1.0,1.0,,,single_reference_class,0,0,0,1,0.12,1,1.0,PAR,prerana
ensemble_document_labeler,direct_target_only,old_gold_test_only,old_gold,weighted_models_optimized,6,2,4,6,0.3333333333333333,1.0,0.3333333333333333,0.5,0.0,1.0,,0,4,0,2,0.06,6,1.0,EPA,anmol
ensemble_document_labeler,direct_target_only,old_gold_test_only,old_gold,weighted_models_optimized,4,2,2,4,0.5,1.0,0.5,0.6666666666666666,0.0,0.25,,0,2,0,2,0.06,4,1.0,EPA,kyle
ensemble_document_labeler,direct_target_only,old_gold_test_only,old_gold,weighted_models_optimized,12,9,3,11,0.8333333333333334,1.0,0.8181818181818182,0.9,0.3333333333333333,0.6666666666666667,,1,2,0,9,0.06,12,1.0,EPA,prerana
ensemble_document_labeler,direct_target_only,old_gold_test_only,old_gold,weighted_models_optimized,28,22,6,28,0.7857142857142857,1.0,0.7857142857142857,0.88,0.0,0.5681818181818181,,0,6,0,22,0.06,28,1.0,ERP Report,anmol
ensemble_document_labeler,direct_target_only,old_gold_test_only,old_gold,weighted_models_optimized,3,3,0,3,1.0,1.0,1.0,1.0,,,single_reference_class,0,0,0,3,0.06,3,1.0,GAO,anmol
ensemble_document_labeler,direct_target_only,old_gold_test_only,old_gold,weighted_models_optimized,4,3,1,4,0.75,1.0,0.75,0.8571428571428571,0.0,0.6666666666666666,,0,1,0,3,0.06,4,1.0,GAO,kyle
ensemble_document_labeler,direct_target_only,old_gold_test_only,old_gold,weighted_models_optimized,9,5,4,9,0.5555555555555556,1.0,0.5555555555555556,0.7142857142857143,0.0,0.9,,0,4,0,5,0.06,9,1.0,Hurricane Katrina,anmol
ensemble_document_labeler,direct_target_only,old_gold_test_only,old_gold,weighted_models_optimized,2,0,2,2,0.0,0.0,0.0,0.0,0.0,,single_reference_class,0,2,0,0,0.06,2,1.0,Hurricane Katrina,unassigned_human_labeler
ensemble_document_labeler,direct_target_only,old_gold_test_only,old_gold,weighted_models_optimized,7,7,0,7,1.0,1.0,1.0,1.0,,,single_reference_class,0,0,0,7,0.06,7,1.0,PAR,anmol
ensemble_document_labeler,direct_target_only,old_gold_test_only,old_gold,weighted_models_optimized,1,1,0,1,1.0,1.0,1.0,1.0,,,single_reference_class,0,0,0,1,0.06,1,1.0,PAR,prerana
ensemble_document_labeler,direct_target_only,old_gold_test_only__drop_kyle_only,old_gold,weighted_models_optimized,6,2,4,5,0.5,1.0,0.4,0.5714285714285714,0.25,1.0,,1,3,0,2,0.11,6,1.0,EPA,anmol
ensemble_document_labeler,direct_target_only,old_gold_test_only__drop_kyle_only,old_gold,weighted_models_optimized,12,9,3,8,0.75,0.7777777777777778,0.875,0.8235294117647058,0.6666666666666666,0.5925925925925926,,2,1,2,7,0.11,12,1.0,EPA,prerana
ensemble_document_labeler,direct_target_only,old_gold_test_only__drop_kyle_only,old_gold,weighted_models_optimized,28,22,6,25,0.8928571428571429,1.0,0.88,0.9361702127659575,0.5,0.6666666666666666,,3,3,0,22,0.11,28,1.0,ERP Report,anmol
ensemble_document_labeler,direct_target_only,old_gold_test_only__drop_kyle_only,old_gold,weighted_models_optimized,3,3,0,3,1.0,1.0,1.0,1.0,,,single_reference_class,0,0,0,3,0.11,3,1.0,GAO,anmol
ensemble_document_labeler,direct_target_only,old_gold_test_only__drop_kyle_only,old_gold,weighted_models_optimized,9,5,4,8,0.6666666666666666,1.0,0.625,0.7692307692307693,0.25,0.9,,1,3,0,5,0.11,9,1.0,Hurricane Katrina,anmol
ensemble_document_labeler,direct_target_only,old_gold_test_only__drop_kyle_only,old_gold,weighted_models_optimized,2,0,2,2,0.0,0.0,0.0,0.0,0.0,,single_reference_class,0,2,0,0,0.11,2,1.0,Hurricane Katrina,unassigned_human_labeler
ensemble_document_labeler,direct_target_only,old_gold_test_only__drop_kyle_only,old_gold,weighted_models_optimized,7,7,0,6,0.8571428571428571,0.8571428571428571,1.0,0.9230769230769231,,,single_reference_class,0,0,1,6,0.11,7,1.0,PAR,anmol
ensemble_document_labeler,direct_target_only,old_gold_test_only__drop_kyle_only,old_gold,weighted_models_optimized,1,1,0,1,1.0,1.0,1.0,1.0,,,single_reference_class,0,0,0,1,0.11,1,1.0,PAR,prerana
